:020000041000EA
:1000000000B5324B212058609868022188439860DF
:10001000D860186158612E4B002199600221596106
:100020000121F02299502B49196001219960352056
:1000300000F044F80222904214D00621196600F024
:1000400034F8196E01211966002018661A6600F04E
:100050002CF8196E196E196E052000F02FF8012189
:100060000842F9D1002199601B49196000215960AB
:100070001A491B48016001219960EB211966A021F2
:10008000196600F012F800219960164914480160C1
:100090000121996001BC002800D000471248134993
:1000A000086003C880F30888084703B5996A0420EC
:1000B0000142FBD001200142F8D103BD02B5186610
:1000C0001866FFF7F2FF186E186E02BD00000240BE
:1000D000000000180000070000035F00212200005C
:1000E000F4000018222000A00001001008ED00E03C
:1000F00000000000000000000000000074B24E7A12
:1001000000200420F7010010C3010010C5010010F9
:10011000C1010010C1010010C1010010C101001097
:10012000C1010010C1010010C1010010C701001081
:10013000C1010010C1010010C9010010CB01001065
:10014000CD010010CD010010CD010010CD01001037
:10015000CD010010CD010010CD010010CD01001027
:10016000CD010010CD010010CD010010CD01001017
:10017000CD010010CD010010CD010010CD01001007
:10018000CD010010CD010010CD010010CD010010F7
:10019000CD010010CD010010CD010010CD010010E7
:1001A000CD010010CD010010CD010010CD010010D7
:1001B000CD010010CD010010CD010010CD010010C7
:1001C00000BE00BE00BE00BE00BE00BE00F04BF888
:1001D000103800BEF2EB8871E88800100C8900101E
:1001E0003402001090A31AE700202149086006C8D5
:1001F00081F3088810471F48006800282FD10DA4FC
:100200000ECC002902D000F012F8F9E71A491B4A77
:10021000002000E001C19142FCD1194988471949E9
:1002200088471949884700BEFDE701C901C29A42C3
:10023000FBD370470C890010C00000201C0C00206C
:10024000689400100000042000000420689400104E
:1002500000100420001004200000000070470B482C
:1002600002F02CFF0047EFF30580C0B2704700009A
:1002700008ED00E0000000D0200C0020E01C002071
:10028000A91600100D030010B117001057560000FA
:1002900006005250ABB36053588200100600525013
:1002A000861C030268820010060052505422A29D50
:1002B0007082001005005250DE65F46868940010EA
:1002C000F8B5C04610B5064C2378002B07D1054B76
:1002D000002B02D0044800E000BF0123237010BDB2
:1002E000280C002000000000D0750010044B10B551
:1002F000002B03D00349044800E000BF10BDC046F6
:10030000000000002C0C0020D075001010B506F085
:10031000BBFB002010BD000010B58300084A9446C6
:1003200063441C6840226240C02414408022520171
:1003300013431C60C000034B9C466044416010BDE9
:1003400004C001400040014010B501238340D02289
:100350001206936293610521FFF7DEFF10BD0000D6
:10036000EFF3108072B6034B1B68002BFBD0BFF37A
:100370005F8F70472C0100D0BFF35F8F024B0022CC
:100380001A6080F3108870472C0100D0F8B5050082
:100390000C001600FFF7E4FFE308EF18EA5C072300
:1003A00023401100D940C90706D4012199400A43CE
:1003B0003A70FFF7E1FFF8BD2100300001F01AFAB2
:1003C000F0B583B00600019114001F00FFF7C8FFCD
:1003D0000500BC420FD8E208B018B15C07222240E9
:1003E0000B00D340DB0701D50134F2E70123934032
:1003F0001943017001E0012464422800FFF7BCFFAB
:10040000002C02DB200003B0F0BD019B002BF9D0D3
:10041000089801F0EFF9000000231F2B08D8054AC7
:100420009A189200BFF35F8F002111600133F4E747
:100430007047C04640000034054A1078431CDBB2C8
:100440001370172B02D9130010221A707047C04680
:10045000F002002000B583B00100044B00931F237D
:1004600018220348FFF7ACFF03B000BDD0750010A1
:10047000C8120020034B1B6802201840431E9841FD
:10048000C0B2704700C0064070B504000D000620E1
:1004900001F0CEFAC000290002F068FE0300C60990
:1004A0007F20184001304008002E05D00D4B9E42A1
:1004B00014D83500060000E001256562A6622C34E0
:1004C00080208001044300232360062001F0B0FA5D
:1004D0008000A901891902F049FE70BD0026024D75
:1004E000EBE7C046FEFF0000FFFF0000002909D037
:1004F0000A22064B9C466044434258414000044B4C
:10050000C252704780225200F3E7C0460080FCBF11
:10051000E019002070B505000C00062001F088FAF3
:10052000002829D0164B9D4227D08022D203154B9C
:100530001A60154B1A60154B9B6811009943FAD14C
:1005400000212800FFF7D2FF21002800FFF79CFFC1
:100550002C002C34E96A60224A406E21114080222E
:100560005201224311600A4B2B6380239B012343DA
:1005700010221A600323AB6470BD80221204D6E7F8
:100580000080034000E0004000F0004000C0004058
:100590000103000040BF00200021704710B5002972
:1005A00022D003681B7B99421ED8174B9C4661449E
:1005B000090183689C4661440C684968002A19D087
:1005C00003681B7B9A4215D883680F4884466244AF
:1005D00012019A1810685368020001208B4201D85A
:1005E0000ED00020C0B210BD084B094A3B2109487B
:1005F00001F0E2F8054B064A3B21064801F0DCF821
:10060000A242EFD8EDE7C046FFFFFF0FEC750010E8
:10061000187800101076001010B500291ED0037B4A
:1006200099421BD84B005B18033B0468A446634403
:10063000002919D0002A1DD0914221D0002A25D0AE
:10064000047BA24222D80468500080180338201886
:100650008170197800291FD11A7010BD104B114AF2
:100660004D21114801F0A8F8104B114A53310E48A2
:1006700001F0A2F80F4B0E4A54210B4801F09CF8F0
:100680000D4B0B4A5521084801F096F8044B054ADA
:100690004D21054801F090F841701A70DDE7C04621
:1006A00050760010C07700106C760010AC76001009
:1006B000CC770010B8760010C476001070B5060034
:1006C0000D001400002914D0002A14D0806873682B
:1006D0009847002806D0220029003000FFF79CFF31
:1006E000280007E02A0021003000FFF795FF2000D6
:1006F00000E0100070BD0800FCE70000F0B5CE4639
:1007000000B582B00500009201930A9C0BAB1B78E8
:100710009946002C29D00268E3B2517B8B4209D163
:100720000123002B1BD1002C39D1200002B004BCC6
:100730009146F0BD002B0CD0117B8B4209D811687B
:100740005A00D318033BCB189B78002BE9D0012328
:10075000E7E73D4B3D4A4D213D4801F02DF83D4B2B
:100760003D4A51213D4801F027F803689C7B002C4D
:10077000D9D00ED01A7B94420BD862001219033ADA
:1007800019688C46624452789A73002ACBD1DA7386
:10079000C9E72D4B2D4A4D212D4801F00DF8E7B248
:1007A000002F3AD02B681B7B9F4236D82C4BFB186E
:1007B0001B01AA6894466344009A1A60019A5A6021
:1007C000089A9A60099ADA602E68002F2BD030D0F0
:1007D000337B9F422DD87B00DB19033B3268944664
:1007E000634400229A705A701A70717B3A0030008C
:1007F000FFF764FF7073A04297D1287D009A019B98
:1008000000F074FC061E02D04B46002B17D00C9B48
:10081000002B00D189E71E7087E7124B124A3B215B
:100820000E4800F0C9FF114B114A7721084800F02B
:10083000C3FF054B054A4D21054800F0BDFF286860
:10084000390000F0B5FEE2E750760010C0770010E6
:100850006C760010DC7600103878001010760010EE
:10086000FFFFFF0FEC7500101878001000770010E4
:10087000E0770010F0B5DE4657464E464546E0B5F7
:100880008BB0834600239A468200A54BD65849E098
:10089000A44BA54A3B21A54800F08EFF002901D1B9
:1008A000002864D10121280000F078FEA04217D171
:1008B0003A687B6808920993BD68FB689846002DEA
:1008C00014D0002C18D033681B7B9C4214D8631EB4
:1008D000F268D35C9A461B0218433061002015E091
:1008E000934B944A7821914800F066FF924B914ACD
:1008F0007C218E4800F060FF8A4B904A40218B4853
:1009000000F05AFF00239846002500207368BFF3CB
:100910005F8F00221A6089F31088002D30D10028E3
:1009200000D1F5E000F07CFB02000B00002000216C
:10093000089009917068EFF3108972B60168002978
:10094000FCD0BFF35F8F35686C7B002CDAD09FD072
:10095000297B8C429CD87A4967183F01B1688C4644
:10096000674438687968801A9941002996DD3A68A9
:100970007B68584600F0BAFB002398460025C5E77F
:1009800053461B022343994641461800A847069048
:1009900007917268EFF3108772B6136859424B41A2
:1009A000D9B2002BF9D1BFF35F8F079B002B25DB5A
:1009B000079B002B4ADD3369002B4DD04B456CD192
:1009C00000F02EFB02000B00069807998018594191
:1009D0008B4202D804D1824202D901204042C11781
:1009E000002304930133039302944346019300953B
:1009F00002000B003000FFF781FE45E03369002B59
:100A0000D6D04B451CD1089A099B08929C46069863
:100A10000799121A8B419C4503D805D10899914238
:100A200002D901225242D3170021049101310391CE
:100A300002944146019100953000FFF75FFE23E0EC
:100A4000404B3C4A8B21394800F0B6FE069A079B82
:100A5000002B01D1002AAED13368002C39D05A7B4B
:100A6000944220D10121002933D1DA7B002A36D1EA
:100A7000DC73002C46D033681B7B9C4242D8F26862
:100A8000013C135D01331355002333617268BFF3DA
:100A90005F8F136087F3108844E72A4B254A8E2125
:100AA000224800F089FE002C0DD01A7B94420AD80F
:100AB00062001219033A1868844662449278002A48
:100AC000D1D00121CFE7204B204A4D21204800F012
:100AD00073FE204B204A8F211D4800F06DFE002A36
:100AE0000AD0197B8A4207D851008A18033A19683C
:100AF0008C4662445470BBE7134B144A4D21144892
:100B000000F05AFE074B0D4A4021084800F054FE01
:100B10000BB03CBC90469946A246AB46F0BDC046E1
:100B2000B0190020EC750010187800101076001035
:100B300004770010507800101C7700102478001003
:100B4000FFFFFF0F2877001050760010C0770010CD
:100B50006C76001064770010EC77001010B5054B30
:100B60001868002800D010BD034B044A3521044802
:100B700000F022FEF41200208477001000780010AC
:100B80001076001070B505000E0000F03DFA280048
:100B900000F014FB1249280000F060FA182003F05E
:100BA000F9F90400FFF748FC0E4B9C4660448000B6
:100BB000606022000C49300000F002FC206010212F
:100BC000300003F0EBF9A0600121300003F0E6F9FA
:100BD000E0602575AD00054BEC50200070BDC046AF
:100BE00075080010400000349D050010B019002069
:100BF00010B5064B1B68002B00D010BD1021032040
:100C0000FFF7C0FF014B1860F7E7C046F412002061
:100C1000F0B5DE4657464E464546E0B589B08046BB
:100C200016001F00129B9946139B9A4614AB1B7823
:100C30009B461F236B4400221A703DE0002B09D015
:100C400042461268127B934204D85A1E4146C96834
:100C5000895C4EE0364B374A4021374800F0ACFD06
:100C60000020002A5DD05B46002B5AD05146C84771
:100C700004000D0003000B434FD000290CDA3200B2
:100C80003B00361BAF41BB4202D815D1B24213D94B
:100C900001267642F7170FE000F0C2F902000B00C0
:100CA000A4185D41A94202D804D1A04202D901246E
:100CB0006442E51726002F0043465A68EFF310847C
:100CC00072B61368002BFCD0BFF35F8F1F236B44F9
:100CD0000493002303930293534601934B460093DE
:100CE00032003B004046FFF709FDC3B2002BA5D1FF
:100CF000190042465268BFF35F8F0025156084F3E8
:100D00001088002B0BD01F236B441A78002AA7D120
:100D10000902FF2318400843A3E7002001E0012057
:100D2000404209B03CBC90469946A246AB46F0BD55
:100D3000EC7500102478001010760010F8B504004F
:100D40004268EFF3108572B6136858424341D8B237
:100D5000002BF9D1BFF35F8FCBB22268567BB34231
:100D60001BD10120002846D0206988422BD0090AD7
:100D7000C9B2002B2DD02068007B834229D8581E91
:100D8000E668305C88422AD000206368BFF35F8F3A
:100D900000221A6085F31088F8BD002B0DD0167B59
:100DA000B3420AD85E00F618033E1768BC46664494
:100DB000B678002ED6D00120D4E7124B124A4D212E
:100DC000124800F0F9FC124B124AE021124800F0E0
:100DD000F3FC124B124A40210F4800F0EDFC1900C1
:100DE000100000F0E5FB0028CFD10E4B094AE721A7
:100DF000094800F0E1FC23698B42C6D1002323613E
:100E0000C3E7C04650760010C07700106C76001023
:100E1000987700106C78001010760010EC750010B8
:100E200024780010BC770010F0B587B006000F00E2
:100E300006246442E517A4197D418D4202D803D1EE
:100E4000844201D9002400250494059500F0E8F8B7
:100E5000241A8D41002D08DC05D03000390000F047
:100E6000EBF807B0F0BD002CF7D0FFF777FE0023BA
:100E7000029301930F4B0093049A059BFFF7C8FE62
:100E8000002806DAE9E7002300E00023002BE4D184
:100E900020BF0499059A084B5B6A9A42F5D8064828
:100EA000806A884203D29A42EDD00123EEE7012303
:100EB000ECE7C046950500100040054070B5040001
:100EC0000D0000F0ADF802000B0020002900801892
:100ED00059418B4202D804D1824202D901204042BA
:100EE000C117FFF7A1FF70BD10B5FA2292000023D1
:100EF000002102F09DFFFFF7E1FF10BD70B584B047
:100F000005000C00FFF72AFE002302930193194B02
:100F100000932A002300FFF77BFE061E12DC164B0F
:100F20005B6A9C4209D8144A926AAA4208D29C423F
:100F300001D0012002E0002000E0002004B070BDDC
:100F40000120FBE720BFFFF709FE3100FFF7F6FEA7
:100F5000094B5B6A9C4209D8074A926AAA4207D2A7
:100F60009C4201D00120E9E70020E7E70020E5E707
:100F70000120E3E7950500100040054070B5EFF350
:100F800005833F2018401038EFF3108472B6194BD8
:100F90001B68002BFBD0BFF35F8F0123190081403A
:100FA000154A5163154A12781500C5402B4214D0DA
:100FB000114B5D6A8300124E9B599D4206D38300FC
:100FC000104D5B598A430D490A7007E00A4A031D18
:100FD0009B0099589950002300E00023BFF35F8FD6
:100FE000044A0021116084F31088002B00D0984738
:100FF00070BDC046280100D000400540DD1900202A
:10100000C8190020B812002010B50100024A034898
:10101000FFF7BCF910BDC04684780010DB19002032
:10102000044B5B6A034A906A1900536A9942F9D1EA
:101030007047C04600400540074B5B6A8B4204D2B4
:10104000054B5B6AFAE7044B5B6A8B4203D1024BA8
:101050009B6A8342F7D370470040054070B5040097
:101060000D00EFF3108672B61B4B1B68002BFBD0F4
:10107000BFF35F8F002D1CD0200000F0DFFD174B69
:1010800083420BD01900200000F0E0FD0121200078
:1010900000F0C4FD0123A340114A1360A400114BCA
:1010A000E550BFF35F8F0C4B00221A6086F3108867
:1010B00070BDA2000B4B0021D1500122A2400A4971
:1010C0000B7893430B700549200000F0E9FD0021E7
:1010D000200000F0A3FDE4E7280100D07D0F001000
:1010E00038600540B8120020DD190020F0B5DE465A
:1010F00000B584B00400150001921E000293FFF7B2
:101100008FFF03958E4202D844D1854242D9EFF336
:10111000108B72B6224B1B68002BFBD0BFF35F8F86
:101120000125A5401F4B5D63EFB21F490A783A4382
:101130000A70221D92000199D150A4001B4A029905
:10114000A1501B6A2B4212D1164B1B6C2B4208D0AC
:101150000020BFF35F8F124B00221A608BF31088C0
:1011600019E0134B134AB221134800F025FBFFF797
:1011700057FF8E420CD802D1039B834208D8094BFB
:101180001D625D63084A1378BB4313700120E0E7DA
:101190000020DEE7012004B004BC9346F0BDC04649
:1011A000280100D000400540DD190020C8190020AA
:1011B000A878001004790010CC78001010B5EFF377
:1011C000108472B60A4B1B68002BFBD0BFF35F8FF5
:1011D00001238340074A136207490A789A430A7039
:1011E000BFF35F8F024B00221A6084F3108810BD9A
:1011F000280100D000400540DD19002010B51F294E
:1012000005D8064B9C4661448900016010BD044B23
:10121000044A0A21044800F0CFFAC04640000034D6
:1012200020790010807900104C79001010B504006E
:10123000FFF702F901002000FFF7E0FFFF23237111
:10124000BFF35F8F10BD10B5FFF7D8FFBFF35F8FFF
:1012500010BD10B504000120FFF7FCF801002000CC
:10126000FFF7F1FF10BD000010B500291ED0037B71
:1012700099421BD84B005B18033B0468A4466344A7
:10128000002919D0002A1DD0914221D0002A25D052
:10129000047BA24222D8046850008018033820182A
:1012A0008170197800291FD11A7010BD104B114A96
:1012B0004D21114800F080FA104B114A53310E486D
:1012C00000F07AFA0F4B0E4A54210B4800F074FAE2
:1012D0000D4B0B4A5521084800F06EFA044B054AA5
:1012E0004D21054800F068FA41701A70DDE7C046EC
:1012F00050760010C87A00106C760010AC760010A2
:10130000D47A0010B8760010C476001070B50600CC
:101310000D001400002914D0002A14D080687368CE
:101320009847002806D0220029003000FFF79CFFD4
:10133000280007E02A0021003000FFF795FF200079
:1013400000E0100070BD0800FCE7000010B50023AD
:10135000437301338373037BC3730121037B8B428C
:1013600015D9CBB2002B0CD0027B934209D85A007E
:10137000D218033A0468A446624401335370013121
:10138000ECE70C4B0C4A4D210C4800F015FA002BF1
:1013900009D09B4207D801685A00D318033BCB18E9
:1013A00000225A7010BD034B034A4D21034800F040
:1013B00003FAC04650760010C87A00106C76001010
:1013C000F8B505000F0016001021012002F0E6FD1F
:1013D0000400057347600321280002F0DFFD206050
:1013E000A6602000FFF7B2FF2000F8BD70B5040032
:1013F000081E00D170BD002934D0237B994231D81A
:101400004B005B18033B2268944663445A78002AD9
:10141000F0D02DD0237B9A422AD853009B18033B4F
:1014200021688C4663445D7800215970002825D0DE
:10143000237B984222D843001B18033B21688C462B
:1014400063440021597001002000FFF75FFF060090
:1014500029002000FFF7CAFF020031002000FFF73B
:1014600055FFC7E7084B094A4D21094800F0A4F988
:10147000054B064A4D21064800F09EF9024B034AEF
:101480004D21034800F098F950760010C87A0010FA
:101490006C76001070B505000C001600002928D0ED
:1014A0002DD0037B99422AD84B005B18033B02687E
:1014B000944663445A78002A27D19A78002A2AD180
:1014C0001978FFF793FF0300002E03D1EA7B002A6F
:1014D00027D1EC73002B37D1002C49D02B7B9C42B9
:1014E00046D82B6861000C19033C1C19002363705B
:1014F00070BD224B224A3321224800F05DF9224B75
:10150000224A4D21224800F057F9224B1C4A35212E
:101510001C4800F051F9204B194A3621194800F0B7
:101520004BF9002A0AD0297B8A4207D851008A1831
:10153000033A29688C4662445470CAE7124B134A36
:101540004D21134800F038F9002B0BD02A7B934231
:1015500008D843001B18033B2A68944663440022C2
:101560009A70B9E7084B094A4D21094800F024F95F
:10157000054B064A4D21064800F01EF91C7A001062
:10158000E87A0010247A001050760010C87A001013
:101590006C760010547A00107C7A001070B504004C
:1015A0000A00457B2900FFF775FF6073280070BDB6
:1015B00070B50400002966D0437B8B420ED0002911
:1015C00011D0037B99420ED84B005B18033B026895
:1015D000D0188378002B0CD1002055E00021FFF7B4
:1015E000DDFF012050E0294B294A4D21294800F018
:1015F000E3F8002B1FD0227B93421CD825685A00A9
:10160000D318033BEA18EB5C8B421AD0002B1BD09B
:10161000227B934218D85A00D318033B2268D21871
:1016200053788B4216D0002BF0D11B4B1B4A632101
:101630001B4800F0C1F8154B154A4D21154800F024
:10164000BBF84378137007E0104B114A4D21114845
:1016500000F0B2F843785370002383704370002287
:101660002000FFF717FF0200617B814205D02000B8
:10167000FFF74CFE6073012006E00A4B074A692120
:10168000074800F099F8002070BDC0465076001061
:10169000C87A00106C760010A07A0010FC7A001056
:1016A000247A0010A87A001070B5234B234A1A60E0
:1016B000234B244A1A60244B9A68224B9343FAD155
:1016C000224C234B9C4202D208CC9847F9E700F009
:1016D0001DF91B4B1F4A1A601B4B9B68DB43DB0148
:1016E000FAD11D4B40229A675A671A67DA661B4C7B
:1016F00003E02000FFF79AFD0834194B9C42F8D311
:10170000184CA168184DC022280002F059FCA560B1
:10171000EFF30383FF221A4200D000BEFEF77CFEE7
:1017200000F028FCFFF764FA104C01E008CC984761
:101730000F4B9C42FAD370BD00E00040BFCDFFFFCD
:1017400000F00040FE7F3C0000C00040080C00207C
:10175000180C0020FFFFFF0100F00140000C0020EA
:10176000080C002000ED00E000000020180C002014
:101770001C0C002000BEFDE703000A4A1268002A84
:1017800008D0084A1068C318074A934206D2054A8F
:1017900013607047034A05491160F2E70120404297
:1017A000F7E7C0462813002000000420E01C0020BA
:1017B00010B5FFF7DFFF000010B582B00C00190074
:1017C000002A0CD0084B002A0BD001920093230072
:1017D0000200064802F028FD0120FFF7CBFF044B72
:1017E000F1E7034AF1E7C046087B0010187B0010C0
:1017F000E48800100FB400B583B0084802F0E4FCA0
:10180000049B002B07D005A90191180002F0EAFC07
:10181000034802F0D9FC0120FFF7ACFF487B001021
:10182000587B0010F8B5D646474680B506000D0037
:101830001700089A934243D3190E1802089A0023FE
:1018400001F0DAFC80467400A419A4002A4B9C46DF
:1018500064446368834200D26060331FDBB29A46FF
:10186000012B33D9C0239B012343802212011A602C
:10187000B300224A9958002905D0506901F076FC3E
:1018800001300138FDD17F0122685740E022174026
:1018900080235B0123431F605246012A21D9802304
:1018A0009B012343802212011A6043466360B60005
:1018B000124B089AF25001200CBC90469A46F8BD93
:1018C0000F4B104A2E211048FFF776FF012DC9D18A
:1018D000C0239B01234303221A60A368DB07FCD5C6
:1018E000D1E72168694003220A401A60A2680123F7
:1018F000AB401342FAD0D2E700800040CC12002067
:101900005C7B0010AC7B0010707B001030B583B0A6
:101910000C2000F093F8FEF7ADFD00280DD0002359
:10192000092B05D89900334A334888500133F7E72B
:10193000304B324A5A6203B030BD314B00229A67B5
:1019400000F084F82F4B01221A602D4B5B6C012BA9
:10195000FBD12D4B03221A60294B9B6B012BFBD132
:10196000C0239B01294A1360294A1360294B9A68B6
:10197000C0239B019343F9D1022400940633264AE5
:101980000121264800F076F800940523244A01211D
:10199000244800F06FF8244B009300220221042019
:1019A000FFF740FF214D00952B000022012105206B
:1019B000FFF738FF104C009423000022002107207D
:1019C000FFF730FF00942300002200210820FFF7DA
:1019D00029FF0A4B00932300002200210920FFF772
:1019E00021FF00952B00002200210620FFF71AFF9F
:1019F000A1E7C046CC120020006CDC021BB700003F
:101A0000008000403CB0004030B0004000E00040AA
:101A100000F0004000C00040002F685900800240E4
:101A200000389C1C00C00240001BB70040597307DF
:101A30008000014BC0587047CC12002080239B00CF
:101A40000343014AD362704700800540064BAA2237
:101A500012011A602F22DA60044B054A1A60024B09
:101A60005B68002BFBDA70470040024000600240D8
:101A700000B0FA00F8B5CE46474680B50400894666
:101A800090461D0008AB1F7801235B424360002392
:101A900083600C2001F06AFB06004B462360430183
:101AA0001B1A9901C91AC90009188901404601F099
:101AB0005DFB0200103A98235B009A4220D86B1E0F
:101AC000062B23D87B1EDBB2062B1FD8AF4223D8B0
:101AD00043461A09B24225D3A060221DC0239B01B0
:101AE000134321221A602268002AFCDA2D043F03E6
:101AF0002F43E76008221A600CBC90469946F8BD57
:101B00000B4B0C4A1A210C48FFF756FE0B4B094AA7
:101B10001D210948FFF750FE094B064A23210648BC
:101B2000FFF74AFE074B034A27210348FFF744FE0D
:101B3000BC7B00108C7C0010D87B00100C7C00104B
:101B4000587C0010707C0010074B9B6810308000A0
:101B50001950BFF35F8FBFF35F8F044B00211960F3
:101B600082F310887047C04600ED00E0240100D0E9
:101B700010B5091A04394808090B05D14005400D74
:101B8000044B184380B210BD034B044A8D21044816
:101B9000FFF712FE00E0FFFF987C00106C7E001043
:101BA000A87C001010B5091A04394C08090B08D19B
:101BB0004905490D064A11430180064B23434380E2
:101BC00010BD054B054A95210548FFF7F5FDC046B8
:101BD00000F0FFFF00F8FFFF987C0010787E0010F7
:101BE000A87C001001238340034A10681840431E5C
:101BF0009841C0B27047C04600E100E0002904D01F
:101C0000034B1860034B18607047034B1860FBE7E9
:101C100080E200E000E100E080E100E010B5012397
:101C200083401800FFF7EAFF10BD00000123834046
:101C3000014A13607047C04600E200E0024B9B6817
:101C400010308000C058704700ED00E070B504000F
:101C50000D00EFF3108672B60C4B1B68002BFBD007
:101C6000BFF35F8F2000FFF7E9FF094B984201D0D7
:101C7000A84205D1320029002000FFF765FF70BDA2
:101C8000044B054A71210548FFF796FD240100D059
:101C9000CD010010DC7C0010507E0010A87C0010EC
:101CA000F0B5CE46474680B583B006000D00EFF391
:101CB000108872B65A4B1B68002BFBD0BFF35F8FA6
:101CC000584B9A6834001034A300D758564B9F42A3
:101CD00007D0AF4200D1A0E00197544BFB1A2F2B45
:101CE00009D9424639003000FFF72EFF03B00CBC83
:101CF00090469946F0BD3000FFF774FF8146002101
:101D00003000FFF78BFFBFF35F8FFEF7ACFA0028C0
:101D100001D084421ED10123019C9C43434AA21A54
:101D2000921093009B1819015B1819025B18190493
:101D30005918490089180022A368AB4212D0062224
:101D4000A256002A0DDB53009B189B002200374C43
:101D5000E418F1E78E21364B364A49003648FFF742
:101D60002BFD2200AB4251D106256557002D39DBF2
:101D70006B005B199A002D4B9B189A68A260DA7968
:101D8000E27106229A56A2719B795BB2002B10DA9F
:101D9000BD200002A0806B005B199B00234AD31872
:101DA000264A11789971157049463000FFF736FFC1
:101DB00097E7201D6B005B199B001C4A9B181A1D9E
:101DC0009B88D90A1C2907D15905491502314900B8
:101DD0005118FFF7CDFEDDE7194B1A4A9B21164833
:101DE000FFF7EAFC00280CD1002A08D0FF239371EA
:101DF000154B9380114B1A78A2711970D4E70A4FD2
:101E0000F8E7201D1149FFF7CDFECDE75221104B19
:101E1000084AFF310848FFF7CFFC034F61E7C0468F
:101E2000240100D000ED00E0CD010010F4020020FC
:101E3000F07D0010A07E0010A87C0010DC190020AE
:101E4000D87D0010907E001000BDFFFF2E03002003
:101E5000147E001010B5032304009C43064A9446E8
:101E6000644422681840C000FC3383409A43130046
:101E700081400B43236010BD00E400E0F8B504008E
:101E800001250543304BEB1A2F2B2DD8FEF7EBF92C
:101E9000002830D0EFF3108172B62C4B1B68002B5A
:101EA000FBD0BFF35F8F284EA61BB610B20092196D
:101EB0001301D2181302D2181304D3185B009B1914
:101EC000234A926880001258AA421BD0002003289F
:101ED00032D84200121892001B4DAA18927952B2C1
:101EE0009A421FD00130F2E7B7211A4B1A4A490033
:101EF0001A48FFF761FC7221194B174AFF31174846
:101F0000FFF75AFC124A9268164D1550164A10787F
:101F1000A0711370BFF35F8F0C4B00221A6081F326
:101F20001088F8BD2E0042001518AD007519FF2766
:101F3000AF710E48A880E9E7C1210D4B064A490060
:101F40000648FFF739FCC046F4020020240100D007
:101F500000ED00E01C7E0010B47E0010A87C001094
:101F6000447E0010CD010010DC19002000BDFFFFF1
:101F7000A07A001010B500241F2C05D88021200065
:101F8000FFF768FF0134F7E710BD704710B5002870
:101F900002D00B684968984710BD010000200A680C
:101FA0001378303BDBB2092B08D883001B185B0089
:101FB000501C08601078C0183038F0E77047F0B552
:101FC000DE4657464E464546E0B583B093461F0071
:101FD0000C9B9A460D9C0E9B99460F9B9B0703D02A
:101FE000B8460F00060022E00192A34688464E46FE
:101FF000B9460700B44207D2551C4B464146202043
:10200000B84701342A00F5E73D004F465C46019B86
:102010009B46B1464646B84637002E0007E0013CD5
:10202000551C5346185D43463900B0472A00002C22
:10203000F5D135003E0047460F9B9B0707D41000A3
:1020400003B03CBC90469946A246AB46F0BDB046B4
:102050004E46B9462F005D46531BB342EFD2541C87
:102060004B4641462020B8472200F5E7F0B5CE4662
:10207000474680B585B0944698460C9D0D9C0EABA6
:102080001B789946109A119B129EB7071BD4002B00
:1020900008D0F70706D54F46002F02D10C3737423C
:1020A00000D0013B944208D21F2C06D830272F5570
:1020B0000134F7E730272F550134F70703D59C4249
:1020C00001D21F2CF6D9F70615D5770505D4002CBB
:1020D00003D0944224D09C4222D00F9A102A2BD0B5
:1020E0000F9A102A30D00F9A022A35D01F2C02D80E
:1020F00030222A5501341F2C05D84A46002A31D0F7
:102100002D222A55013403960293019400954346EB
:102110006246FFF754FF05B00CBC90469946F0BDEF
:10212000621E012C06D00F9F102F01D01400D4E79F
:10213000023CD2E71400D0E7B206D1D41F2CCFD88E
:1021400078222A550134D1E7B206CCD51F2CCAD843
:1021500058222A550134C9E71F2CC7D860322A55A6
:102160000134C3E7720703D52B222A550134CAE78D
:102170003207C8D520222A550134C4E7F0B5DE461F
:1021800057464E464546E0B593B081468A4608928A
:1021900009931CAB10CB1B789B461E9D219B984638
:1021A000002C03D1102342469A4390468023DB0043
:1021B00046461E4042461A4212D0002C22D000262B
:1021C0000EE03033D9B2771C0AAB995529002000B4
:1021D00000F0CCFFAC4216D31F2F14D83E000400F1
:1021E0002900200000F0C2FFCBB2092BE9D94246FA
:1021F000920605D54121C918C9B20A39C9B2E2E728
:102200006121F8E7270043460693209B05931F9B17
:10221000049303955B46029301970AAB0093099BD5
:10222000089A51464846FFF721FF13B03CBC904640
:102230009946A246AB46F0BDF0B5DE4657464E463F
:102240004546E0B595B0089009910A920B931E9E01
:102250001F9C20AB1B789B46229B9946239D269B67
:102260009A463300234303D1103352469A43924691
:102270008023DB0057461F4052461A4219D03300D4
:1022800023432DD0002714E03033DAB27B1C98466C
:102290000CABDA554A462B003000210000F0ACFFB1
:1022A000A5421FD819D043461F2B1BD8474606000E
:1022B0000C004A462B003000210000F09DFFD3B2F5
:1022C000092BE1D95246920605D54122D218D2B245
:1022D0000A3AD2B2DAE76122F8E7B145E3D901E080
:1022E0000023984653460693259B0593249B04930D
:1022F0004B4603935B460293434601930CAB00931A
:102300000B9B0A9A09990898FFF7B0FE15B03CBCE0
:1023100090469946A246AB46F0BD0000F0B5DE46B9
:1023200057464E464546E0B591B0824689460E92E4
:1023300098461A9C07941B9D089522002B002000AC
:10234000290001F0D0F9002800D007E10122524213
:10235000D54B2000290001F0C1F9002800D0FDE094
:1023600001225242D14B2000290001F0A1F900289E
:1023700000D0F3E000220023079C2000089D2900E4
:1023800001F096F9002800D0FFE0079A089B099217
:1023900006938023DB001E9A1A400F921E9A1A425F
:1023A00001D106231C93099B069A100D4005400D90
:1023B000BF498C4660441203120B1E00BD4B1343F1
:1023C0001F0001F0A3F9BC4ABC4B01F02FF9BC4A35
:1023D000BC4B01F019F904000D000022BA4B30008B
:1023E000390001F008F9B94AB94B01F01FF90200B0
:1023F0000B002000290001F007F901F09FF9834646
:1024000001F084F904000D00B24AB34B01F00EF95B
:102410000022B24B01F0F8F801F090F90600B04A42
:10242000B04B2000290001F001F904000D000A96CC
:10243000300001F06BF9AC4AAC4B01F0F7F8020048
:102440000B002000290001F0D6F804000D00020066
:102450000B0001F0EBF806000F000A99A44B9C4614
:10246000614409050B9100210A9122002B002000F4
:10247000290001F0C9F80C900D9122002B000020DA
:102480008021C90501F0B7F804000D000022994B26
:102490003000390001F0C1F80022974B01F0B4F888
:1024A00002000B003000390001F0B7F80022934B16
:1024B00001F0AAF802000B003000390001F0ADF87D
:1024C00002000B002000290001F09EF802000B0022
:1024D0000C980D9901F0A1F80022764B01F094F8C8
:1024E0000A9A0B9B01F0A2F804000D000A940B95C8
:1024F000099A069B01F0F2F800280BD001235B42F9
:102500009C46E34400227C4B2000290001F085F822
:102510000A900B915B466333C62B3DD804241E9B67
:102520001B0545D5764A774B099E3000069D29004C
:1025300001F0CCF8002800D19EE00022724B300060
:10254000290001F0B5F8002800D195E01C9B5B45FF
:1025500024DD5A46981A431E1C9321E01E9B0493C7
:102560001D9B03931C9B0293079A089B0092019367
:1025700043460E9A4946504600F0CAF811B03CBC9A
:1025800090469946A246AB46F0BD099480231B06AF
:102590009C4665440695FCE60524C0E700231C9391
:1025A0008023DB001E9A1A431E92002400239B46C0
:1025B0001D9B9C426AD21D1B02231E9E1E401E9A1A
:1025C000134202D0002C00D000255B46002B07D020
:1025D0000A9A0B9B0998069901F01FF80990069139
:1025E000002200230798089901F062F800284FD1D3
:1025F000464B1E9A1340049303951C9B0293099A21
:10260000069B0092019343460E9A4946504600F0BD
:102610007FF8002CB2D01E9B9B0640D54527451C59
:102620004346020049463800D0475B46DA179B18FC
:10263000534005220592013C0494002203920A3281
:1026400002925A46D00F0190009343462A00494611
:102650005046FFF793FD002E00D18FE7020057464A
:102660000E9E1D9D931BAB421BD2541C43464946F4
:102670002020B8472200F5E71C9B002B98D00F9B29
:10268000002B95D01C9B013B1C9391E7002593E701
:10269000069980200006844661440691A8E76527D4
:1026A000BDE710006AE7C046FFFFEF7FFFFFEFFFC7
:1026B00001FCFFFF0000F03FFB799F501344D33F24
:1026C000B3C8608B288AC63F0000F83F61436F6340
:1026D000A787D23F71A379094F930A400000E03FDA
:1026E0001655B5BBB16B0240EF39FAFE422EE63FFC
:1026F000FF03000000002C400000244000001840B0
:102700002D431CEBE2361A3F80842E41FFF7FFFF7A
:10271000F0B5DE4657464E464546E0B595B00690C4
:10272000079193469946209F1E9A1F9B10001900FF
:1027300000F0D9FF002831D101225242BF4B1E9830
:102740001F9900F0B5FF002837D101225242BC4B3F
:102750001E981F9900F0C2FF00283DD10022B94BFE
:102760001E981F9900F0BAFF002850D10022B64BE6
:102770001E981F9900F09CFF002848D100220023DA
:102780001E981F9900F094FF002850D1002398460E
:10279000229B5B0500D4B6E0002458E0229B039303
:1027A000219B029303230193A84B00934B465A4667
:1027B00007990698FFF703FC0EE1229B0393219BE8
:1027C000029304230193A24B00934B465A46079968
:1027D0000698FFF7F4FBFFE00423229A1A4022999F
:1027E0000B4210D09B4B002A0FD004222299039158
:1027F00021990291019200934B465A4607990698F7
:10280000FFF7DDFBE8E0944BEDE70322EEE7229BC8
:102810000493219B039302971E9B1F9C009301949A
:102820004B465A4607990698FFF778FDD4E01E9A62
:102830001F9B0020002100F0DEFE1E901F9101234F
:102840009846A5E70CAB30221A55013F01341F2CE6
:1028500001D8092FF6D81E981F9900F06FFF0500C8
:1028600000F054FF02000B001E981F9900F0C3FEF9
:10287000FA007A4B9B181A685B680A920B9300F077
:10288000D5FE0890099100F07DFF060000F03AFFA8
:1028900002000B000898099900F0ADFE089009911C
:1028A00000226F4B00F01AFF00282ED001363000B6
:1028B00000F028FF02000B000A980B9900F0FEFEC2
:1028C000002801D001350026002F2CD1280000F06F
:1028D0001DFF02000B001E981F9900F08CFE0600E1
:1028E0000F0000225E4B00F0E3FE002842D10022E0
:1028F0005B4B3000390000F0F1FE00283AD1EB07C5
:1029000038D5013536E0062746E70022544B0898B3
:10291000099900F0CDFE0028D6D1002E01D0F30792
:10292000D2D50136D0E7AA461F2C11D8013F0A2183
:10293000300000F01BFC651C30310CAB19550A212E
:10294000300000F013FC092E26D906002C00EBE71E
:10295000554604E00CAA302111551F0001341F2CEC
:1029600002D87B1E002FF5D11F2C03D80CAB2E22D2
:102970001A5501341F2C14D80A21280000F0CAFB74
:10298000661C30310CAB19550A21280000F0C2FB3F
:10299000051E05D03400EDE72B0055461C00DEE790
:1029A00034000323229A1340012B1CD01F2C06D87D
:1029B0004346002B32D00CAB2D221A550134229BFA
:1029C0000393219B029301940CAB00934B465A4610
:1029D00007990698FFF7F3FA15B03CBC9046994664
:1029E000A246AB46F0BD219B002B13D04346002BE3
:1029F00002D10C3313420FD0219B013B21931900CC
:102A000003E00CAB30221A5501348C42CED21F2C7D
:102A1000F7D9CBE72199F8E72199F6E7229B5B07E5
:102A200004D50CAB2B221A550134C8E7229B1B0797
:102A3000C5D50CAB20221A550134C0E7FFFFEFFFCC
:102A4000FFFFEF7F65CDCD4165CDCDC1DC7E0010B0
:102A5000E07E0010D47E0010D07E0010C8800010F0
:102A60000000E03FF0B5DE4657464E464546E0B52D
:102A700093B082468B4690461193002900D1ECE238
:102A800000275546119B1878002800D1E8E2252838
:102A900009D07C1C43463A005946A847119B013394
:102AA00011932700EEE70133119300241DE00B0082
:102AB000303BDBB2092B37D92A293AD000230A93BD
:102AC000119B1A782E2A44D000239A46119A137823
:102AD000683BD9B2122900D980E08B00CB49CB5892
:102AE0009F4601231C4301321192119A11780B0069
:102AF000203BD8B21028DAD88300C548C3589F4677
:102B000002231C4301321192EFE704231C430132DC
:102B10001192EAE708231C4301321192E5E71023E2
:102B20001C4301321192E0E711A8FFF736FA0A9030
:102B3000C6E71C9B1A1D1C921868002804DB0A902B
:102B4000119B01331193BBE702231C4343420A93B9
:102B5000F6E78022D20014435A1C11925A781300CF
:102B6000303BDBB2092B04D92A2A07D000239A462E
:102B7000ACE711A8FFF711FA8246A7E71C9B1A1DC4
:102B80001C921868002804DB8246119B01331193C4
:102B90009CE70020F8E780235B002343511C119140
:102BA00052786C2A01D01C0018E0C0239B001C4303
:102BB0000131119112E080232343511C119152786D
:102BC000682A01D01C0009E0C0231C430131119187
:102BD00004E080235B001C4301321192119B1878A2
:102BE0000300253BDAB2532A00D92CE29300894A2C
:102BF000D3589F4680239B001C4301321192EDE77E
:102C000080235B001C4301321192E7E7782809D04A
:102C1000582838D06F2838D0622838D010239C43E9
:102C20000A2600E01026582833D0692803D06428EB
:102C300001D00C229443630501D5012294436928F5
:102C40002AD0642828D0A30500D59FE0E30500D54D
:102C5000B8E0630600D4CAE01C9A111D1C911168EB
:102C6000FF220A4005940A9B04935346039302965D
:102C700000230193009243463A0059462800FFF78B
:102C80007DFA070027E01026CDE70826CBE70226CD
:102C9000C9E720221443C8E7A30520D4E30550D494
:102CA000630666D51C9A111D1C911168FF220A400B
:102CB000D317D118594005940A9B049353460393A4
:102CC0000296D20F0192009143463A0059462800DD
:102CD000FFF754FA0700119B01331193D2E61C9BB6
:102CE000DA1D07218A43110008311C9111685368CD
:102CF0009C46DB170C930D930C9A0D9B10004840DB
:102D00000E90624653400F930E980F990C9A0D9BAC
:102D1000801A99410E900F9108940A9B079353468D
:102D200006930496002305936346DA0F02920090FF
:102D3000019143463A0059462800FFF77DFA070003
:102D4000C9E71C9A111D1C911268D317D11859405C
:102D500005940A9B0493534603930296D20F019263
:102D6000009143463A0059462800FFF707FA07004A
:102D7000B1E7230605D51C9A111D1C910023D25ED4
:102D800096E71C9A111D1C91126891E71C9BDA1D95
:102D900007218A43110008311C9108940A9B07936C
:102DA00053460693049600230593029313685468D0
:102DB0000093019443463A0059462800FFF73CFA35
:102DC000070088E71C9A111D1C9105940A9B049327
:102DD00053460393029600230193136800934346DE
:102DE0003A0059462800FFF7C9F9070073E72306A0
:102DF00006D51C9A111D1C9112681204120C31E7A1
:102E00001C9A111D1C9112682CE7C046E87E001028
:102E1000347F0010787F001046281AD01C9B07339F
:102E2000072293431A0008321C9204940A9A0392D0
:102E3000524602925C681B680093019443463A0034
:102E400059462800FFF764FC0700119B01331193DA
:102E500018E620231C43E1E7672801D0472802D168
:102E600080231B011C43452801D0472801D1202382
:102E70001C431C9B0733072293431A0008321C9201
:102E800004940A9A0392524602925C681B6800936B
:102E9000019443463A0059462800FFF73FFA0700DD
:102EA000119B01331193EDE502231A002240924653
:102EB00023421FD001241C9B1A1D1C927A1C914690
:102EC000187843463A005946A8475346002B16D176
:102ED000119B013311934F46D4E5561C4346594686
:102EE0002020B847230032005C1C9D42F5D83D00ED
:102EF0001700E0E701233A002F000A9DF4E74A4655
:102F0000A9460A9D06E0571C434659462020C8475B
:102F100034003A00661CA542F5D84D469146D7E7E5
:102F20001C9B1A1D1C921B6899465346002B00D10E
:102F3000013B4E4601E0013613003278002A02D0F0
:102F40005A1E002BF7D14B46F21A10928023DB0059
:102F500026001E401C4203D0524501D9534610930F
:102F600002231A0022400B92234205D03A00370078
:102F70004C46A946554620E03A00109B5F46B346B2
:102F80002E0006E0551C434639002020B0472300A0
:102F90002A005C1C0A999942F4D835005E46BB466B
:102FA000109437004C46A946554606E01D000134F2
:102FB000561C43465946C84732002078002804D0A2
:102FC000002FF4D06B1E002DF0D117004D460B9B47
:102FD000002B03D1119B0133119353E50A9F109BE2
:102FE00006E0561C434659462020A84723003200DD
:102FF0005C1C9F42F5D81700ECE721231C431C9B67
:103000001A1D1C921B6800930594082304935346D1
:103010000393102302930023019343463A00594639
:103020002800FFF7ABF80700119B0133119329E546
:103030007C1C43463A0059462520A847119B013382
:10304000119327001EE57C1C43463A005946A847C9
:10305000119B01331193270014E50B4B9A460FE5A2
:10306000AA4647450DD343465A1E434659460020BB
:10307000D047380013B03CBC90469946A246AB46B8
:10308000F0BD3A00F1E7C0468B1F001000B585B0D7
:10309000029003910121009313004A4202A90248C1
:1030A000FFF7E0FC05B000BD8D1F001001480421B2
:1030B000014B184740030020DD30001010B501001F
:1030C00018231B8814221088984710BD10B50100E2
:1030D00018231B8816221088984710BDF0B5C646E5
:1030E00000B507000E0000250123984600E00135D9
:1030F000B5420AD2AC003C192068FFF7DFFF206020
:103100000028F4D100239846F1E7404604BC9046DD
:10311000F0BD0000144A936F9B0815D29066D166EB
:10312000002905D0FFE7FFE7FFE7516F106F7047F9
:1031300004B580210906C2175140002800D0C843B9
:1031400004F01EFA002104BD936F5B08FDD3F0B5B7
:10315000946ED56E576F166FFFF7E0FF9466D566D5
:1031600057671667F0BD0000000000D0134A936F48
:103170009B0813D210665166002905D0FFE7FFE7D0
:10318000FFE7516F106F704704B5002801D0002091
:10319000C04304F0F5F9002104BDC046936F5B08FD
:1031A000FDD3F0B5946ED56E576F166FFFF7E2FF43
:1031B0009466D56657671667F0BD0000000000D022
:1031C00094464E4A926F9208624601D230E0C04661
:1031D000F0B54A4EB56F6D08FCD3346E756E776FDF
:1031E000366F00F025F89446444A146655665767D2
:1031F00016676246F0BDC0469446404A926F9208F8
:10320000624601D258E0C046F0B53C4EB56F6D083D
:10321000FCD3346E756E776F366F00F04DF89446C0
:10322000364A14665566576716676246F0BDC04653
:10323000002B24DB11D000293EDA00B5C9434042FF
:1032400000D1013100F038F8C943404200D10131CA
:10325000DB43524200D1013300BD002AEBD10028EC
:1032600001D1002905D00020C90FC90701D1C043F1
:10327000410800B504F07CF90022002300BD00B530
:1032800000290ADBDB43524200D1013300F014F87D
:10329000C943404200D1013100BDC943404200D181
:1032A0000131DB43524200D1013300F005F8DB432A
:1032B000524200D1013300BD002923D1002B18D187
:1032C000002A0CD0BC460D4F38667A6600210023D8
:1032D000FFE7FFE7FFE77A6F386F67467047002820
:1032E00001D00748010000B504F042F90022002394
:1032F00000BD02000B00002000217047000000D03C
:10330000FFFFFFFF002B00D0BDE0130C26D1002AE9
:10331000E7D080B4104F39667A66FFE7FFE730B434
:10332000040C7B6F396F1B0423433B66FFE7FFE709
:10333000FFE7C04684B27B6F3D6F1B0423433B66AF
:10334000FFE7FFE7C04600232C042D0C7A6F386F8F
:1033500000196941B0BC7047000000D0F0B5944638
:103360000025140E01D112020835140F01D11201EB
:103370000435940F01D192000235D40F01D15200CF
:103380000135D40B0134254F7C66254C3C660E0C70
:1033900093B2FFE7FFE7FFE73C6F6643360C770326
:1033A000BE467343DF0B5B04C01AB941130C734371
:1033B000DB18C91ACE086643360CB64493B2734381
:1033C0001F0F1B01C01AB941130C73431F0B1B05C0
:1033D000C01AB941860D8F023E436643360C092D53
:1033E00024DB520A7243801A7703460A6643360C7E
:1033F00016235B1BDE40DF40BF1964466643821B19
:103400007046043506330100D940A840C01900D3E6
:103410000131A24206D20023F0BD0000000000D01E
:10342000FFFFFFFF121B0130F3D3F1E709277F1BDA
:10343000FE406446A2B27243801A00D20139220CC7
:103440007243130C1204821A99410B007046043522
:1034500013370100F940A840801900D30131002B37
:1034600002D1A2420AD2F0BD013000D30131121BB9
:10347000FAD2013BF8D1A24200D2F0BD013000D314
:103480000131121BF7E7F0B51C0C00D080E00CB442
:1034900000251C0A04D11B02160E33431202083504
:1034A0001C0B04D11B01160F3343120104359C0B76
:1034B00004D19B00960F334392000235DC0B02D1FE
:1034C00092185B4101351C00971864410134464F46
:1034D0007C66464C3C660E0CFFE7FFE7FFE7C04604
:1034E0003C6F6643360C7703BE4697B27743C01BEA
:1034F00000D20139C01B00D201399FB27743C91BEA
:10350000C91B170C77437E04FF0B801BB941CE0803
:103510006643360C0C2D33DBB644120B1F053A43C1
:103520001B0B97B27743C01B00D201399FB2774380
:10353000C91B170C77433E043F0C801BB941860D15
:103540008F023E43664329277F1BFE400C3D774692
:10355000AF40BF1930BCA2B2ABB272437343801A02
:103560009941220C7243130C1204801A99410200F3
:103570000B000137001BA941F9D2781E0021F0BDD4
:103580000C277F1BFE4077467F0BAF40FF19E0E71B
:1035900000245D1C07D0144F7D663966FFE7FFE706
:1035A000FFE7FFE73C6F95B29EB265436643401B61
:1035B000B141150C1E0C6543664336042F0C3E4387
:1035C0002D04401BB141994204D202000B0020009F
:1035D0000021F0BD01D19042F7D3801A9941013406
:1035E0009942F2D3F6E70000000000D0FFFFFFFF92
:1035F00048404140484018B4114B5B68FC46019379
:1036000008BD04DF8B38001018B40D4B1B68FC4656
:10361000019308BD00DF9538001018B4084BDB6833
:10362000FC46019308BD0CDF4D3B001018B4044B61
:103630009B68FC46019308BD08DFF13900100000CB
:10364000E4190020FFB550404240504059404B40E3
:10365000594000E0FFB5154F4C00640D03D0BC424B
:1036600004D10C0314D80020090D09055C00640D79
:1036700003D0BC4204D11C030AD800221B0D1B0539
:1036800001264B4009D44B4003D58B4200D18242E6
:10369000FFBD9942FCD19042FFBD0B43DB180343B1
:1036A0001343F5D0C9434918FFBD0000FF070000D0
:1036B00000B5FFF7CFFF804100BDC04600B5FFF762
:1036C000C9FF01D9002000BD012000BD00B5FFF7F2
:1036D000B9FF01D9002000BD012000BD00B5FFF7F2
:1036E000B1FF804100BD012040054A00121804D8F6
:1036F0005A00121801D8002070470120704700209E
:10370000704700000021002805D17047C1174840CC
:10371000401AFAD0C90713B5064B1B6898470CBC72
:10372000441CA2401005120B0349091B090519434B
:10373000114310BDE41B00201F04000010B54C0015
:10374000620D8023D218DB00D21A5B057E2A10DDC1
:103750009E3A13DACC170903490819435242D14063
:10376000640001341532202A05DAD0400843604352
:1037700010BD002010BD0846604310BDC80FC01822
:10378000013810BD18B4044B5B6AFC46019308BDB8
:1037900024DF793D00100000E419002070B51323E8
:1037A0001C78012C07D0012C0EDC022C02DC1C4AF8
:1037B0001C4B9A6470BD00231F2BF4D89900184845
:1037C000184A88500133F7E71748FFF77FFC0500D8
:1037D0001648FFF77BFC023803789B007F2B19DD2E
:1037E000802229000F4800F0EBFB022CDDD1104BAA
:1037F0001A88B5231B029A4209D10E4B1A880E4B28
:103800009A4204D10D4B1A880D4B9A42CDD000201C
:10381000FDF7F0FF0B4B0C4A30210C48FDF7CCFFB5
:1038200051380010E41900205344000053460000B2
:1038300054380000D8380000494600009C38000089
:103840005946000018810010B881001078810010DE
:1038500007B56046002800D100BE01880A0A023080
:10386000DF2AFAD1C9B2820804D302884088000452
:10387000104300E00068024A5050039007BD00006A
:10388000E41900200FB403BC0CBCF0B50124E4071C
:10389000634000E0F0B50C0DCF0F661E3605891BA6
:1038A000640503D3C943404200D30131640D03D002
:1038B000661CF60A07D0E41B00207F00791C8907EC
:1038C0008912803C24031D0DDF0F6E1E36059B1BE5
:1038D0006D0503D3DB43524200D301336D0D03D09A
:1038E0006E1CF60A07D0ED1B00227F007B1C9B0795
:1038F0009B12803D2D032F1B661B58D4A446202EFF
:1039000046DA20371400BC401D00BD40F240334170
:103910002A4380185941CB0F05D0C943C043002228
:1039200064425041514162464D0D28D10D0D07D1E1
:1039300000281FD0241940414941013A0D0DF9D00A
:10394000640006D3013000D30131002C01D14008BE
:103950004000013A0BD4941CE40A04D1120511442E
:10396000DB071944F0BDD907204B194300E0D90704
:103970000020F0BD0029DDD1002CDBD1F0BD0132EB
:10398000C6074008CD0728434908002EE1D0D9E7F3
:103990003C2E29DA203E40371400BC4000D00124E0
:1039A000F24014431A00BB401C43D317ACE7AC46AB
:1039B000202F08DA20360400B4400D00B540F8404E
:1039C00039412843A5E73C2F0CDA203F403604005C
:1039D000B44000D00124F84004430800B1400C4337
:1039E000C117EAE710001900002494E70000F07FF7
:1039F000F0B50C0D661E3605891BE60A6405640DDC
:103A000002D0651CED0A04D0002001210905803C8C
:103A10002403A4461C0D671E3F05DB1BE70A640553
:103A2000640D02D0651CED0A04D0002201231B05A1
:103A3000803C24037740644497B484B296B27443C4
:103A4000070C7E43150C6F4380B26843361802D3CF
:103A5000012000043F183004350C00197D418446D4
:103A600088B29AB250430C0C62431F0C7C438EB256
:103A70007E43921902D301263604A4191604170CAA
:103A80003618674101BC81B29AB25143040C6243BB
:103A90001B0C5C4380B25843121802D3012000046F
:103AA00024181004130C401863412D185E410020A7
:103AB000474106BC88B293B258430C0C6343120CC6
:103AC000544389B251435B1802D30121090464189D
:103AD00019041A0C091862416D185641002047411B
:103AE00018BCF902720D1143F0026A0D1043ED0289
:103AF0000A0D03D16D1940414941013B124E9B1BF8
:103B00007600B3420ED26D0007D30130002671411A
:103B10006646354301D1400840001B05C918E4073B
:103B20002144F0BD0BDA013306D1013004D101315B
:103B30004F0D01D04908F2E7E1070020F0BD013642
:103B400031050020EBE70000FF030000F0B51C0D7D
:103B5000671E3F05DB1BE70A6405640D02D0661C87
:103B6000F60A04D0002201231B05803C2403D02543
:103B70002D060026F6432E661E096E66CE0FF61938
:103B8000B44649004F0D02D07E1CF60A03D0002037
:103B90000021403F3F033E1BB600B444013F7F0578
:103BA000C91B49082E6F013676089C02950D2543E6
:103BB0007543ED137543AD1301356D10F603761B98
:103BC0000CB4CC02450D2C43A2B2B3B25A43270C1D
:103BD0007B43350C6F43A4B26C431B1902D3012401
:103BE00024043F191C041D0CA4187D4124196D41A7
:103BF000009A91B2ACB26143170C7C432B0C5F432B
:103C000092B25A43A41802D301221204BF1822040C
:103C1000230C52187B41019C6C431B19520ED90195
:103C20000A434401A01A81B2B2B2514303145A4369
:103C3000360C734387B27743D617D21900277E41DB
:103C400036049B191704160C7F185E417316ED1885
:103C5000F301002680337541A90F06D16400690A7B
:103C6000E8055B0A184309D22FE00422944480330C
:103C70007541A90AA8059B0A184326D3404149412A
:103C80002404009A019B0D005543641B4343E41A2E
:103C900095B286B27543170C7E43030C5F4392B214
:103CA0005A43B61802D301221204BF183204330C4F
:103CB00052197B4152429C41002C02D40022013017
:103CC00051414008CA071043490802B06246D7076D
:103CD0009210084BD218084B9A4203D21205891849
:103CE000C919F0BD0020002A01DC3900F0BD013304
:103CF0001905F5E7FD030000FE070000624618CA3B
:103D0000944600291ADAC01861415B463B415C4683
:103D1000B4405246FA40224344464D4662416B410C
:103D2000904699462B46B3403D41FC401C435246C9
:103D30005B46A241AB4192469B467047C01AA141E7
:103D40004B463B414C46B4404246FA40224354461F
:103D50005D4662416B4192469B462B46B3403D41D6
:103D6000FC401C4342464B46A241AB41904699461B
:103D70007047002000217047002200B5203200F07B
:103D800004F8080000BD000000220B15F1D410B5A6
:103D9000944600F02FF81414013400DA0021CB17F8
:103DA000134C20476244343A0CD40C2A07DA04003E
:103DB0009140904052422032D440214310BDD8431C
:103DC000D94310BD203207D40C46944052422032D1
:103DD0001141D040204310BD0800C917203203D440
:103DE00052422032104110BD1800190010BD0000D1
:103DF000A53D00100A0DCC0F531E1B05C91A520514
:103E000003D3C943404200D30131520D03D0531CA8
:103E1000DB0A07D0121B00206400611C890789128D
:103E2000803A1203014BD21A70470000FF030000D2
:103E300051434343C9188C46110C83B24B4310B411
:103E4000040C614392B280B2504362431C041B0CC9
:103E5000001910BC59411304120CC018514161449F
:103E60007047000070B513231D782A48FFF72EF91C
:103E70000400012D11D0012D09DDA31E1B789B002C
:103E80007F2B40DD80222100234800F099F8234851
:103E9000FFF714F9224B186070BD542201001E4830
:103EA00000F08EF81F4B1A881F4B9A421CD1A72393
:103EB0009B011A881D4B9A4216D11D4B1A881D4B27
:103EC0009A4211D11C4B1A8894239B019A420BD120
:103ED0001A4B1A881A4B9A4206D11A4B1A681A4B77
:103EE0009A4201D1152307E01848FDF783FC990099
:103EF0001748094A885001331F2BF8D9144A064B3A
:103F00001A62DA61B7E7134B134A42211348FDF7EF
:103F100053FCC04653460000E41A00204C33000016
:103F2000E41B0020EE290000C40F0000C20D0000B9
:103F3000962B0000C0B50000182B0000CC2A000012
:103F400010B50000FC2C000051ED8764E4880010DF
:103F5000613F0010CC8100103C82001000820010F4
:103F600007B56046002800D100BE01880A0A023069
:103F7000DF2AFAD1C9B2820804D30288408800043B
:103F8000104300E00068024A5050039007BD000053
:103F9000E41A002010B502F093FE10BD10B502F037
:103FA00055FE10BD01480421014B18475003002065
:103FB000DD300010014B1B68184700005003002043
:103FC000014B5B681847000050030020F8B507005C
:103FD0000D001600437C002B02D0002400200CE0D2
:103FE00003681100280098472DE03B7C10E0022177
:103FF00015483B689847601C0134B44214DA002C21
:10400000F3DD2B19013B1B780D3B5A425341DBB2C8
:104010002A5D0A2AF0D1002BEED1A042E7DA211A5C
:1040200028183B689847E2E7B04203DA311A2818AB
:104030003B689847002E06DDAD19013D2B780D3BFE
:104040005A4253413B74F8BD9482001070B505008C
:104050000368002B16D00C4B1C6805E0290004C92E
:104060002000FFF7B3FFE468002C09D02368002B81
:10407000F9D0064B1B68002BF0D0A342F3D1EDE73B
:1040800000232B6070BDC0462013002024130020A5
:1040900070B505000C000B68802B05D021684B1C07
:1040A00023606418257170BD0800FFF7CFFFF5E7A6
:1040B00010B582B0D0231B061C6801A9064803F086
:1040C00067FA002806D1019BA34203D0024803F0FF
:1040D00077FA012002B010BD000C002010B5024894
:1040E00003F03EFA10BDC046000C0020F0B5C646F5
:1040F00000B582B006000D001700FFF7D9FF80461B
:104100006B1C02D0184B1C680DE0300003F0C4F8A3
:104110000500F7E76B46D91D0A230B70012220002A
:10412000FFF754FFE468002C10D02368002BF9D06F
:104130000E4B1B68002B01D0A342F3D12A003100A3
:104140002000FFF743FF002FECD0E3E74346002BAE
:1041500006D1681E8541E8B202B004BC9046F0BDAD
:10416000FFF7BCFFF5E7C046201300202413002012
:104170000C4B1A681300002B0BD0834202D01A009C
:10418000DB68F8E7002903D1DB68D3600023C36054
:1041900070470029FCD0002A01D0D060F8E7014B1D
:1041A0001860F5E72013002010B5064B1C6800E0EE
:1041B000E468002C04D06368002BF9D09847F7E737
:1041C00010BDC0462013002070B5050003F064F850
:1041D0000400012201002800FFF788FFFFF7E4FF39
:1041E000200070BD70B5A2B004000E00FFF760FFA4
:1041F00005008422002101A8FFF7DCFE3300220025
:1042000001A90848FEF742FF040001A8FFF71EFFBE
:10421000FFF7CAFF002D02D1200022B070BDFFF7CA
:104220005DFFF9E7914000100FB400B583B004A919
:1042300001C90191FFF7D6FF03B008BC04B01847CD
:1042400010B500F07FF800F04BF910BDF0B583B069
:1042500000241EE06B4607330D221A70002204E092
:104260001F78134E376001320133002A19D1104EE6
:10427000B669B606FBD4F3E71E780D4D2E60013209
:104280000133002A04D10A4DAD69AD06FBD4F3E732
:104290000134A1420AD9055D064B00229B5EAB4268
:1042A000D8D06B4607331D700022EAE703B0F0BD9B
:1042B00000400340E019002070B582B005000020E6
:1042C0000FE0124B9B69DB06FBD4104B1B6823707D
:1042D00001320134002AF4D06B4607331B78037097
:1042E000300088420BDA094B9B69102422001A40E7
:1042F0001C4204D1461C28186B46DC1DEAE7002846
:1043000001D002B070BD0338FBE7C0460040034057
:1043100070B515001C00FCF7FDF86B1C06D1631C82
:1043200009D101210648FFF723FF70BD02212800B3
:10433000FBF7F2FFF3E702212000FBF7EDFFF0E7C8
:104340006003002010B5064B1B78064B1B78E1215B
:104350000123002249020448FFF7DAFF10BDC046DE
:1043600000890010048900100040034030B583B07C
:1043700005000C0001A9184803F00AF9002808D12B
:10438000D0231B061B68019A9A4221D0124803F0E1
:1043900017F9002001F0E2FD002807D10324644250
:1043A0000D4803F0DDF8200003B030BD002001F01F
:1043B000F9FD002802D103246442F1E7220029001C
:1043C000002001F0FFFD041EEAD103246442E7E768
:1043D00003246442E7E7C046C019002010B500215D
:1043E000054803F0D5F8002800D110BD01F062FBAC
:1043F000014803F0B5F8F8E7C0190020F0B5C6464B
:1044000000B582B080460D0001A92E4803F0C0F827
:10441000002808D1D0231B061B68019A9A420FD0AE
:10442000284803F0CDF8002001F098FD002847D17E
:10443000254B0020002118605960224803F090F8B5
:1044400002B004BC9046F0BD01F034FB002001F046
:10445000D1FD002001F082FD0028EED0002001F007
:1044600047FE00281DD0AC42E7DA2E1B002001F0E9
:104470003FFE0200864200DC3200002AE4D04346C0
:104480001919002001F018FE060001F013FB0020AE
:1044900001F0B0FDA419FCF7C3FD0B4B1860596087
:1044A000E1E7FCF7BDFD084B1E685F68074A002383
:1044B00092197B419942C0D8D5D19042D3D9BCE75B
:1044C0000024D0E7C0190020200C002020A1070004
:1044D00010B51F20FDF7AAFBFA208000002110BDB7
:1044E00070B584B01C4B1B7802F048F81B491F20A4
:1044F000FDF7ACFB01211F20FDF790FB1848FCF7EE
:1045000095FEFCF72BFB0600FCF78AFD04000D006E
:10451000FA229200002312196B41994202D804D169
:10452000904202D901225242D31701210291002167
:1045300001910C4900913000FCF76AFB0400631EF6
:104540009C41E4B2002802D1200004B070BD0121DA
:104550000548FFF70DFEF7E708890010DD4300105E
:10456000C0190020D1440010740300200048704797
:1045700078830010004870472C83001010B5002885
:104580000BD10F4B0F4A5A80012301335B00C0222D
:10459000920013430A48038010BD04280ED88000FF
:1045A000094BC4580023122BEFD8E25C002AECD050
:1045B0000133590002484252DBB2F4E70020EBE736
:1045C000F8120020090400008C8300107F220240B2
:1045D000C3093420584368235343C018014BC01803
:1045E0007047C0462C13002010B582B001AB084ABA
:1045F0001A80002408E001AB185DFFF7E7FF0123F4
:104600004371002303750134012CF4D902B010BDAD
:104610000080FFFF10B5C36A402B00D84023164925
:104620000A680261D3180B60990604D03F218B43BE
:10463000403311490B60104B19688B0610D10F4B9A
:104640005A404B40802149018B420FD83023C35C34
:104650009B061A43A0231B061A4383681A6010BDE9
:10466000074B084A59210848FDF7A6F8074B054AA9
:104670005B210548FDF7A0F8AC19002000001050A0
:10468000A0830010B4840010D08300101C8400109C
:1046900070B504007F2008404EB2CD0921716570CD
:1046A000F143C90FE170A07000281BD10121617195
:1046B000012B19D0402A1FD8E2623022A354002DCA
:1046C0001ED0C3001B4A94466344E360E3680022A3
:1046D0001A60A378002B19D1A360174B2361012323
:1046E000237070BD0021E2E78021C9008A42E3D334
:1046F00011001248FDF77EF811001048FDF77AF816
:10470000C3000F4A94466344E360DFE7002E09DBF1
:104710000138C0000B4B9C466044A0602000FFF7AE
:1047200079FFDCE70138C000074B9C466044A0607D
:10473000F4E7C04680001050000110505084001073
:10474000840010500C0010500800105070B5040088
:104750000D001600FFF73AFF33002A002100FFF793
:1047600097FF70BDF0B5CE46474680B583B0264B67
:104770009B6D9846002701241DE0244B244ADF212D
:104780002448FDF719F834235E4334334A46534333
:10479000F618214B9E19F269317901230093002309
:1047A000002000F068FE280000F020FA4346A343F2
:1047B0009846640001374346002B20D01F2F1ED897
:1047C00043461C42F5D0104BDB6D1C42D5D1134B38
:1047D0009C657B0801263E4072425641F6B2FF229C
:1047E0001A4091463425754368235343ED180A4B0C
:1047F000ED18280000F0B8FA0028D7D0C3E703B0BE
:104800000CBC90469946F0BD000011507884001011
:10481000C8840010D08300102C13002000301150E9
:1048200070B51D4A9823D45880235B0225001D4093
:104830001C4206D1E30612D4E30415D4A54225D1C7
:1048400070BDFFF7D1FE01221449002000F0F9FDF0
:10485000134B802292021A6580256D02EAE710232D
:104860001D43FFF77FFFE7E700230E4A13700A4A54
:10487000136080235B011D4301220121002000F011
:10488000CDFD074B802212031A65D7E7290061404E
:104890000548FCF7AFFFC046000011500000105063
:1048A00000301150DA1900208484001070B50C001B
:1048B00015001E00FFF78AFE33002A00210000F0D9
:1048C0007FFA70BD10B5FFF78FFE01230022002193
:1048D0008020FFF7EBFF10BD10B50400037D002B17
:1048E00011D18378002B05D14378002B12D00122FF
:1048F000094B9A66802212010849200000F080F9D5
:104900000123237510BD8421054B064A4900064842
:10491000FCF752FF0222EBE700201150FFF7FFFFE8
:1049200098840010E0840010D083001010B5FFF7C9
:104930004DFEFFF7D1FF10BD10B504008378002BAA
:1049400005D14378002B0AD00122064B9A6600223B
:104950000549200000F054F90023237510BD022200
:10496000F3E7C04600301150FFF7FFFF10B5FFF727
:104970002DFEFFF7E1FF10BD10B5002804D1012185
:104980000520FDF74BF910BD7E21034B034AFF3193
:104990000348FCF711FFC046A884001000850010F2
:1049A000D083001010B5002804D1064B1970FFF712
:1049B00089FF10BDC521044B044A49000448FCF797
:1049C000FBFEC046DA190020A884001010850010F4
:1049D000D083001010B5002804D1064B802252026B
:1049E000DA6410BDD221044B044A49000448FCF7A4
:1049F000E3FEC04600201150A8840010208500105E
:104A0000D083001010B5041E28D100F0C7F8174954
:104A10000520FDF71BF9D022D20000211448FFF732
:104A2000C9FA144B00221A70134B144A1A60002260
:104A300040210020FFF78AFE002240218020FFF75E
:104A400085FE0F4B01221A6480229205DA649022BF
:104A50000C4999502000FFF7BDFF10BD60210A4BA3
:104A60000A4AFF310A48FCF7A7FEC0462148001059
:104A70002C130020DA190020AC19002080011050FE
:104A80000000115010100100A8840010F4840010E0
:104A9000D083001010B5002808D10B785B0602D136
:104AA0004B78052B09D0FFF79FFD10BDB021054BBA
:104AB000054AFF310548FCF77FFE054B1A78054B88
:104AC0001A60F0E7A88400102C850010D083001035
:104AD000DA1900200000115010B50B0000280DD18C
:104AE0000A7948790721014009021143DA789207CF
:104AF000920F9878FFF72AFE012010BDC021034BCA
:104B0000034AFF310348FCF757FEC046A884001053
:104B100048850010D083001010B504000800110073
:104B20001A00002C04D10123FFF7C0FE012010BDA4
:104B3000E321034B034A49000348FCF73DFEC0460E
:104B4000A884001058850010D083001010B50028EC
:104B500003D10800FFF7EAFE10BDD021024B034A43
:104B6000FF310348FCF728FEA88400106885001078
:104B7000D083001010B5002803D10800FFF7F6FE1F
:104B800010BDEB21024B034A49000348FCF714FE19
:104B9000A884001078850010D083001010B5802301
:104BA0005B040D4A13600D4A13600D4B9A68802315
:104BB0005B049343F9D10B4C9C2200212000FFF7AA
:104BC000F9F98022520100210748FFF7F3F9092380
:104BD00063670333A36710BD00E0004000F00040AE
:104BE00000C0004000001150000010500023037569
:104BF0004375322283548361C361036283627047C9
:104C000010B5002902D0C3681B681940002A0FD0D4
:104C1000114353050CD5C26813685B050BD40A4BCE
:104C20000B401360FFE7FFE7FFE7FFE7FFE7FFE762
:104C3000C368196010BD817843789B00034A9A5875
:104C40000348FCF7D7FDC046FFFBFFFF88030020A9
:104C50009085001070B50400056A8022D2002A43B6
:104C6000C378002B14D06379002B1ED080218901DA
:104C70000A4301214B4063712423E35C002B02D0E3
:104C80008023DB011A4300212000FFF7B9FF70BD2C
:104C9000836AC2699446634419002A000069FFF7D9
:104CA0008FF9842212022A43DDE70021E0E770B584
:104CB00004000E001500437D002B18D1A5610023D0
:104CC000E3612A1CABB2402B00D9402292B222628F
:104CD00001236375A662AD1A6A4255412333E55438
:104CE00001330022E2542000FFF7B4FF70BDFFF74C
:104CF0007DFFE3E770B50400C3681B689D05AD0D3B
:104D0000C278002A13D11B040BD4C3695B19C36199
:104D1000E378002B04D0236AAB4201D9E369A36195
:104D200070BD0D4B0D4ABF210D48FCF745FD1B041E
:104D30000CD5836AC2699446634418002A0021692D
:104D4000FFF73EF9E3695B19E361E1E7054B034ACD
:104D5000C9210348FCF730FDB08500109C86001087
:104D6000D08500101C86001070B50400457D002D14
:104D700017D0FFF7BFFFA169E2698B1A402B00D95A
:104D800040232362D318CB1A584243412420235492
:104D900091420BD303D02000FFF75CFF00252800D1
:104DA00070BD8178034A0448FCF724FD0348FCF7F2
:104DB00021FDC046880300203C8600106886001054
:104DC00010B50478002C04D0002B09D0FFF76FFF3A
:104DD00010BD0C21044B054AFF310548FCF7ECFCE3
:104DE000FFF7C2FFF4E7C0468C860010B4860010BF
:104DF000D085001070B5002503E00E787519ADB2AE
:104E0000891995420AD24C78052CF6D18E787A34DD
:104E1000344064000419F609A355EEE770BD0000A4
:104E200070B505001B4C372200212000FFF7C2F8A7
:104E3000E01C1022FF21FFF7BDF8200013301222E2
:104E4000FF21FFF7B7F800F0D3FF00240EE0E200E7
:104E5000121B9200104B1B689B1802E0230010E00D
:104E600000235B68280098470134E4B20B4B1B78A1
:104E7000A3420ED30A4A002AF0D0A342E7D8E31A8D
:104E8000DBB2002BECD1DA00D21A9200054B9B1852
:104E9000E7E770BD78120020780C0020D8190020B8
:104EA000000000004888001070B505000C001600D6
:104EB000086900F0A7FFE36831002800984770BD3B
:104EC000F0B5D6464F464646C0B582460139C8B20F
:104ED000FFF750FB002802D04378022B0AD05F4A2C
:104EE0005F496048FFF7A0F900201CBC9046994636
:104EF000A246F0BDC5796B1101225B4C134019012C
:104F000023781026B343AD112A4052010B432021D0
:104F10008B4313432370050009358278C3781B0245
:104F200013438146994478E02B78A846ED187BE03E
:104F3000CA2292004A494B48FFF776F90020D4E78D
:104F4000E200121B9200494B1B689B1802E02300F1
:104F500014E000239B683200290050469847071E42
:104F600014D10134E4B2424B1B78A34251D3414ADD
:104F7000002AECD0A342E3D8E31ADBB2002BE8D13D
:104F8000DA00D21A92003C4B9B18E3E7082818D9A4
:104F9000864216D3AA78344B9B18DB78FF2B17D1A7
:104FA000314B9B18DC704346002B2AD09A78AB78A3
:104FB0009A4214D143461A796B799A420FD1012350
:104FC0001BE02E4A26492748FFF72EF900208CE7E0
:104FD0002B4A23492348FFF727F9002085E7294A70
:104FE0001F492048FFF720F900207EE7A9785918CB
:104FF0001D4A5218D4700133DBB24246D2789A422D
:10500000F4D8194823003A0029001330FFF7F2FEC4
:10501000ED19174B1B78A3420FD34D4515D26B7872
:105020000B2B81D0002398466B78042B00D07FE7B0
:105030004B465E1BB6B2002495E7D5229200084984
:105040000848FFF7F1F800204FE70F4B002B03D083
:1050500000E000BF012048E7012046E713030000FD
:10506000F8870010C886001078120020780C002005
:10507000D819002000000000488800103603000006
:10508000390300004203000000000000F0B583B0C7
:1050900005000C00CB7888780F2B5ED89B00324A35
:1050A000D3589F46FFF762FA02001223210028001E
:1050B00000F04AFE52E02D4B002B10D000E000BF64
:1050C00006006B469F1D811C02223800FEF778FF08
:1050D0003B8832002100280000F036FE3EE0002030
:1050E0003CE0FFF747FA061E0DD06B469F1D811C62
:1050F00002223800FEF764FF3B88320021002800BE
:1051000000F022FE2AE01A4A1A491B48FFF78CF8E1
:10511000002023E00B79497909021943FFF72EFAA1
:10512000021E1DD003782100280000F00DFE15E0BE
:10513000124B002B16D000E000BF021E05D00378F2
:105140002100280000F000FE08E0F032920009493A
:105150000948FFF769F8002000E0002003B0F0BD27
:105160000020FBE70020F9E7E086001000000000C7
:10517000A20300000C880010C88600100000000088
:10518000024B5878431E9841C0B2704778120020F5
:10519000024B18784007C00F7047C04678120020B5
:1051A00010B5372200212348FEF704FF224C2000CF
:1051B000FCF73CF8214B1C60214C20001830FCF718
:1051C00048F8200001F0D3FB1E4B1C601E4B002B47
:1051D00004D01E4800E000BF1D4B186000240DE005
:1051E000E200121B92001A4B1B689B1802E023007E
:1051F0000FE000231B6898470134E4B2134B1B787F
:10520000A3420ED3104A002AF1D0A342E8D8E31AF1
:10521000DBB2002BEDD1DA00D21A92000D4B9B18B5
:10522000E8E70020FFF7EEFB0020FFF7A5FB0120D9
:1052300010BDC0467812002030120020B0120020AD
:1052400090030020B412002000000000D8190020B4
:10525000780C00204888001010B501004378042B1A
:1052600000D16CE005D8022B32D0032B00D09FE098
:1052700010BD052B00D09BE0624B1B78DB07F7D5F8
:10528000604A13780420834313705F4B1C68636982
:10529000002B00D086E0A269EFF3108072B613688D
:1052A000002BFCD0BFF35F8FE061200001F0F3FA28
:1052B000A269E369BFF35F8F0021116083F3108857
:1052C0000028D5D1AD2251495148FEF7ADFFCFE7B7
:1052D0004C4B1A78012082431A701A7801308243AD
:1052E0001A7000225A701A78023082431A70464BA4
:1052F0001C686369002B1CD1A269EFF3108072B6A1
:105300001368002BFCD0BFF35F8FE061200001F039
:10531000C2FAA269E369BFF35F8F0021116083F3D2
:1053200010880028A4D1AD2238493948FEF77CFF07
:105330009EE7384B354AA7213748FCF73DFA314BF9
:105340001B78DB0700D493E72E4A1378042003432D
:1053500013702D4B1C686369002B1DD1A269EFF3FC
:10536000108072B61368002BFCD0BFF35F8FE06132
:10537000200001F090FAA269E369BFF35F8F00217A
:10538000116083F31088002800D071E7AD221F4917
:105390001F48FEF749FF6BE71E4B1C4AA7211E481A
:1053A000FCF70AFA1B4B194AA7211B48FCF704FA21
:1053B000154B1C686369002B1DD1A269EFF31080A7
:1053C00072B61368002BFCD0BFF35F8FE061200042
:1053D00001F061FAA269E369BFF35F8F00211160F8
:1053E00083F31088002800D042E7AD22074908481F
:1053F000FEF71AFF3CE7074B044AA7210648FCF7D3
:10540000DBF9C04678120020B4120020C4870010D7
:10541000C8860010208700103087001070B584B057
:1054200006000D0014000C22002101A8FEF7C2FDA9
:105430006B461E715D71210001A8FFF70DFF04B0DE
:1054400070BD70B584B006000D0014000C22002160
:1054500001A8FEF7AFFD6B461E7106236A46537125
:105460000822290002A8FEF7ABFD210001A8FFF7E2
:10547000F3FE04B070BDF0B5CE46474680B585B0AA
:1054800080460F0016001D000CAB1B78994601AC3E
:10549000082200212000FEF78DFD434623700723DC
:1054A00063702771A660657149462000FFF7D4FE3E
:1054B00005B00CBC90469946F0BD10B5FFF70CFB4B
:1054C00010BD0000F0B5D6464F464646C0B58146F1
:1054D0000C0017009846089B9A46002516E0184ACB
:1054E00018491948FEF7A0FE002630001CBC904663
:1054F0009946A246F0BD154A12491348FEF794FE9C
:10550000F3E7524613702378E4180135AF4214DDF7
:105510006378052BE3D1E1788907890F4145DED116
:1055200021004846FFF7C9FF061EE4D0A378DA0938
:10553000012AE6D1099A1370E5E70126D5E7C046AE
:105540002D04000024880010C88600102E040000DE
:1055500070B57F250D40CC096A001E4B9B181B19A6
:1055600020335B79DB07DE0F002B30D1194B9B1802
:105570001B1920335B795B072AD4174B186801216C
:10558000494202F00DF86A00124B9B181B19203398
:105590005B79DB0708D40F4B9B181B1920335B7911
:1055A0005B0712D5002600E00026002E08D06D0013
:1055B00008494D192C19203463790422134363716F
:1055C000054B186801F0CCFF02E00126EDE700264C
:1055D000300070BD78120020B012002070B57F2519
:1055E0000D40CC09154B18680121494201F0D8FF44
:1055F0006A00134B9B181B1920335B79DB0708D417
:105600000F4B9B181B1920335B795B0713D40026C3
:1056100000E00026002E08D06D0009494D192C1914
:1056200020346379042293436371044B186801F0BA
:1056300097FF300070BD0126ECE7C046B012002095
:1056400078120020F0B5C64600B582B001937F25E0
:105650000D40CE096F00174CE419A4192034647969
:10566000E4071DD46F00134CE419A41920346379A6
:105670000127BC4667463B436371019BFFF74CFA29
:10568000002813D16D000B4B5D19AE1920367379CC
:10569000012293437371737903329343737105E06D
:1056A000054A06490648FEF7BFFD002002B004BCCB
:1056B0009046F0BD78120020950400003888001054
:1056C000C886001070B57F240C40CD09FFF73EFA64
:1056D0006400064B1B195B1920335A7902210A43D7
:1056E0005A715A7901210A435A7170BD781200200B
:1056F00070B57F240C40CD09FFF73CFA6400064BDF
:105700001B195B1920335A7902218A435A715A793D
:1057100001398A435A7170BD781200207F220A40F5
:10572000CB09520003498918C918203148798007EC
:10573000C00F704778120020F0B5C64600B582B0A1
:1057400005000C00002000F05DFB22786023134070
:10575000602B12D0402B17D02278D206D20E012A0D
:1057600000D1CAE0022A00D104E1002A1CD00026A0
:10577000300002B004BC9046F0BDC14AC149C248E5
:10578000FEF752FD0026F3E7C04B002B00D164E189
:10579000BF4B002B02D0180000F034FB2100280082
:1057A00000E000BF0600E3E7202B0AD0002B00D06A
:1057B0005BE16378092B00D959E19B00B54AD358C6
:1057C0009F4623790F2B00D949E1B34AD318DB78E0
:1057D000B24A002A05D0B24A1278934212D39B1AD9
:1057E000DBB2002B00D03CE1D900CB1A9B00AD49C5
:1057F000C918002900D136E122002800FFF754FB28
:105800000600B5E7D900CB1A9B00A74A1168C91852
:10581000EFE7200000F0FCFAA1782800FFF7C2F8BB
:105820009D4A137802210B4313700126A0E79A4B7F
:105830005B786A460632137001232100280000F0CD
:1058400083FA012694E7A778934B5B78002B01D16C
:10585000002F07D1904B5F702100280000F058FA0C
:10586000012685E739002800FFF72AFB061EF1D143
:105870008E4A84498448FEF7D7FC79E72100280046
:10588000FFF704FC060073E7A278E3781B021343DA
:10589000012B01D000266BE77F4A137808210B43C8
:1058A00013702100280000F033FA012660E7A27887
:1058B000E3781B021343012B01D0002658E7764AF8
:1058C000137808218B4313702100280000F020FA80
:1058D00001264DE7704B1A785109920802231340B4
:1058E00001220A4013436A46063213800223210034
:1058F000280000F029FA01263AE723790F2B00D976
:10590000B7E0654AD318DB78644A002A05D0644AB8
:105910001278934227D39B1ADBB2002B00D0AAE067
:10592000D900CB1A9B005F49C918002900D1A4E017
:1059300022002800FFF7B8FA061E00D018E72378E7
:1059400060221A4200D013E763780A2B00D00FE7D9
:105950006B469A1D0023137001332100280000F0CC
:10596000F3F9013604E7D900CB1A9B004E4A1168BF
:10597000C918DAE721797F270F40CA099046082F16
:105980000AD8002B3AD16378012B19D0032B26D0EB
:10599000002B08D00026EBE6454A3A493A48FEF784
:1059A00043FC0026E4E62800FFF7B8FE6B469A1D8C
:1059B000108002232100280000F0C6F901261EE015
:1059C000A278E3781B02134305D02100280000F0E1
:1059D0009FF9012613E02800FFF78AFEF5E7A27879
:1059E000E3781B02134305D02100280000F090F952
:1059F000012604E02800FFF765FEF5E700267B009E
:105A0000254FFF184744FB7C244A002A05D0244A2E
:105A1000127893421AD39B1ADBB2002B0DD1D90016
:105A2000CB1A9B001F49C918002906D02200280064
:105A3000FFF73AFA002800D00600237860221A42C5
:105A400000D095E6002000F0DDF991E6D900CB1AF0
:105A50009B00154A1168C918E6E7002688E600266B
:105A600086E6002684E6002682E6002680E60026FA
:105A70007EE600267CE600267AE6002678E6C0462A
:105A800043020000E0870010C886001000000000FC
:105A90000000000064870010781200200000000061
:105AA000D819002048880010780C002083020000DC
:105AB000CE02000030B585B000F07CFD00280ED18C
:105AC00005B030BD6C4B6D4A99216D48FBF774FEF3
:105AD00001AC2078FFF7A4F922796A4B9A706A4BDF
:105AE0001C686569002DEDD1A269EFF3108172B6D3
:105AF0001368002BFCD0BFF35F8FE16101A9200088
:105B000000F08DFEA269E369BFF35F8F0021116091
:105B100083F310880028D3D001AB5B78082BDED844
:105B20009B005A4AD3589F4601AB1878FFF778F983
:105B3000574B002BD3D000E000BFD0E7514A137879
:105B400001210B43137001AB187802A9FFF7F4FD94
:105B50000028C4D101AC20780021FEF7F7FF20789F
:105B60008021FEF7F3FFBAE701AB19797F220A40E3
:105B7000CC095000434B1B181B19203358790125C1
:105B8000A843587158790335A8435871002A1DD08D
:105B900052003C4B9A181219D37C3E4A002A05D079
:105BA0003D4A1278934218D39B1ADBB2002B1BD1CB
:105BB000DA00D21A9200394B9B18002B14D05C6982
:105BC00001A84279039B0078A04788E701A84279A1
:105BD000039B007800F02AF981E7DA00D21A9200DC
:105BE0002F4B1B689B18E8E72E4A2F492F48FEF7DA
:105BF0001BFB65E72E4B002B00D170E7214B18787B
:105C00000007C00F00E000BF69E72A4B002B00D15E
:105C100065E700E000BF62E7E200121B9200204B44
:105C20001B689B1802E0230014E02B009B69002BEB
:105C300002D001AA107898470134E4B2164B1B78C1
:105C4000A34200D24BE7134A002AECD0A342E3D888
:105C5000E31ADBB2002BE8D1DA00D21A92000F4B24
:105C60009B18E3E70024E9E7029B002B00D136E70D
:105C70000398984733E7C04620870010B08700108C
:105C80003087001078120020B41200208C8700109A
:105C90000000000000000000D81900204888001013
:105CA000780C00200A020000D4870010C88600107B
:105CB0000000000000000000F8B50500124B9F89AD
:105CC000DE89B91B89B20B1C402900D940239CB244
:105CD0000D4B1B785BB2002B08DB0021B74211D0C3
:105CE0000A4A23002800FEF717FFF8BDB74201D18A
:105CF0008021F3E7044B996822000448FEF760F91D
:105D00008021EBE70022ECE71C1200203812002073
:105D100070B506000C000B4D08222800FEF750F964
:105D20000023AB60EB81AB810023E356002B06DB45
:105D30008021002300223000FEF7EEFE70BD00211E
:105D4000F7E7C0461C120020F0B5C64600B58046F5
:105D50000C0016001D00234F08223800FEF730F912
:105D6000BE600023FB81A379E179090219430B1C72
:105D7000A94200D92B1C99B21A4A9381A279E379DE
:105D80001B02134315D0002901D0002E0AD0404633
:105D9000FFF792FF041E18D1802213491348FEF723
:105DA00043FA12E07A2210491048FEF73DFA002427
:105DB0000BE00023E356002B0BDB802100230022A5
:105DC0004046FEF7A9FE041E05D0200004BC904604
:105DD000F0BD0021F2E7852203490448FEF724FACA
:105DE000F3E7C0461C12002064880010C88600102B
:105DF00010B5142200210248FEF7DCF810BDC046A1
:105E00001C120020014B18617047C0461C12002074
:105E100010B50100044C08222000FEF7D1F8002341
:105E2000A360E381A38110BD1C12002070B50500A2
:105E30001C00C909324B1B78DB098B4211D0002CA6
:105E400008D1304B002B02D02D49FEF723FE012450
:105E5000200070BDAD222C492C48FEF7E5F9002446
:105E6000F6E7274B1B785BB2002B07DB244B9868C7
:105E7000002843D022002649FEF7A2F8204AD38901
:105E80001B199BB2D381916809199160D288934202
:105E900001D03F2C27D81A4B1B69002B04D018497E
:105EA00028009847002814D0154B1B785BB2002BB4
:105EB0000DDB8021002300222800FEF72DFE041EAA
:105EC000C6D1D02210491148FEF7AEF9C0E7002133
:105ED000F0E700212800FEF739FE80212800FEF7B8
:105EE00035FE0124B4E72800FFF7E6FE041EAFD11B
:105EF000DB2205490548FEF797F9A9E70024A7E743
:105F00001C120020954A001078880010C8860010E6
:105F10003812002070B5040005001035280000F08C
:105F20006EFC3F2800D870BDE1780020FFF710FB21
:105F30000028F8D0280000F062FC3F2808D99423FC
:105F40009B00E218E17840230020FFF77BFBEAE7A3
:105F5000E1780020FFF742FBE5E7000010B5040000
:105F6000FFF70EF900280ED10023002B13D060009C
:105F7000041923011C1B2401094804192379DB0798
:105F80000BD5012008E0FFF703F9002801D1012318
:105F9000EBE70023E9E7002010BD0020FCE7C04646
:105FA0007C0C002010B503004000C3181801C01A73
:105FB00000011030024BC01800F013FC10BDC046A9
:105FC0007C0C002070B503004000C01803011C1AAF
:105FD0002401074D641992B2181A000110304019BB
:105FE00000F03AFC05002000FFF794FF280070BD88
:105FF0007C0C002070B5050043001B181C01E41A3E
:1060000024012834294BE418200000F0EAFB002882
:1060100001D1002070BD6A00521913019B1A1B01A7
:10602000224AD31899780020FFF792FA002801D16C
:106030000020EFE76A00521913019B1A1B01A422EA
:10604000920094466344194E9E194022310020006C
:1060500000F002FC041E04D02800FFF77FFF002898
:106060000CD1680045192B015D1B2D010F4B5D19EB
:10607000A9780020FFF7B2FA0020CBE768004519A5
:106080002B015D1B2D01094B5D19A97823003200FE
:106090000020FFF7D7FA002801D02000BAE7C2227B
:1060A00003490448FEF7C0F80020B3E77C0C002049
:1060B00090880010C886001070B5050043001B18BA
:1060C0001C01E41A24012834084BE41892B2200081
:1060D00000F00FFC0600200000F083FB3F2801D8F1
:1060E000300070BD2800FFF785FFF9E77C0C002029
:1060F00010B503004000C3181801C01A0001283071
:10610000024BC01800F07BFB10BDC0467C0C002089
:10611000F0B5D6464F464646C0B582B0B422D2004E
:1061200000213148FDF746FF0023984652E02E4EED
:1061300043465D0045442C01631B1F01F719FF23F3
:106140007B7100239A46294AFA8001223A81BB7268
:10615000FB7208233B73631B1901403189198023AB
:106160005B009946631B1801103080195346009359
:1061700001334A4600F011FB631B19014131FF3125
:106180008919631B18012830801953460093013385
:106190004A4600F002FB621B1301902292009446D3
:1061A00063449946B1444846FBF740F84B467B624E
:1061B000631B1F0192239B009C466744BF19380054
:1061C000FBF734F8641B2301F618F76343460133E9
:1061D000DBB298464346012BA9D902B01CBC9046BD
:1061E0009946A246F0BDC0467C0C002000C2FFFFCD
:1061F000F8B5002418E0660036193501AB1B18010C
:106200000B4FC01905220021FDF7D4FEAB1B18016E
:106210001030C01900F0ABFBAD1B28012830C019AD
:1062200000F0A5FB0134E4B2012CE4D9F8BDC0466E
:106230007C0C0020F0B583B006004B79022B79D19D
:106240008B79022B00D079E0CB79062B12D8012371
:10625000002B11D00023012B17D85D00ED18280169
:10626000401B0001364D28188078002806D00133E5
:10627000DBB2F0E70023EBE700255CE05F00FC18F1
:1062800027013F1B3F017F1900E00027002F0ED0A0
:106290008B783B700C780C1909256378242B0ED170
:1062A00095420CD821784D19ADB26418F5E78822D3
:1062B000520024492448FDF7B7FF00253BE0052B99
:1062C00009D06378042B02D163790A2B18D03800E7
:1062D000FFF720FE2FE021003000FFF7EEF8002846
:1062E00006D0A3787B7022785519ADB2A418E8E7E0
:1062F0009122520013491448FDF796FF00251AE039
:1063000021784D19ADB26118BB1C0193FB1C0093A1
:10631000022302223000FFF7D5F8002802D00E3504
:10632000ADB2D4E73422FF3206490748FDF77CFFBF
:10633000002500E00025280003B0F0BD0025FAE7A5
:106340007C0C0020A8880010C886001070B50A7860
:1063500060231340202B01D0002070BD114A002083
:1063600001281AD814780D794B791B022B439C42D3
:1063700006D00130C0B2B4239B009C466244EFE7D4
:106380004B78202B01D00120E7E7074B002B06D0EC
:10639000911D00E000BF0120DFE70020DDE70120C4
:1063A000DBE7C0467C0C002000000000F8B50A784E
:1063B00060231340202B01D00020F8BD204A002488
:1063C000012C38D815780E794B791B0233439D4246
:1063D00006D00134E4B2B4239B009C466244EFE74C
:1063E0004B78212B0BD0222B0FD0202B01D000205B
:1063F000E3E70632193BFFF7A7FC0120DDE7063291
:106400000723FFF7A1FC0120D7E78D78CB781B028B
:106410002B4301252E001E405F083D401371FFF7FE
:1064200077FC084B002B08D02A003100200000E048
:1064300000BF0120C1E70020BFE70120BDE7C04643
:106440007C0C002000000000F0B5C64600B582B00C
:1064500001900F009846002601E00136F6B2012EA9
:106460000CD873009B191C01E41A24013D4BE4185D
:10647000E378BB4202D0A378BB42EED1012E0BD809
:10648000E378BB422DD0A378BB423DD0012630003B
:1064900002B004BC9046F0BDA222FF32324933481C
:1064A000FDF7C2FE0026F2E7300000E000BF013534
:1064B000454518D294239B00E9186118200010303C
:1064C00000F0E9F92A4B002BF1D06179FF29EED0D9
:1064D000631994229200944663441B789942E6D152
:1064E000E2E70025E4E7234B002B05D02000103025
:1064F00000F077F9002803D12000FFF70BFDC2E779
:10650000300000E000BFF7E71B4B002B02D030004B
:1065100000E000BF3000FFF76DFD002801D001262C
:10652000B5E72000283000F05CF9002815D143467B
:10653000002B14D09B0601D00126A8E7A178019872
:10654000FFF706F8061E01D10126A0E7A178002377
:1065500000220198FFF776F899E7012697E70126D0
:1065600095E7C0467C0C0020B4880010C886001057
:1065700000000000000000000000000070B50A4BA1
:106580001C78002C01D0200070BDFEF709FE051E0E
:1065900003D0054B01221A70F5E732220349044863
:1065A000FDF742FE2C00EEE7D9190020C488001048
:1065B000C8860010014B18787047C046D9190020D2
:1065C00010B5030010008C189A89944204DDA0B223
:1065D0005989401880B210BD081880B2FBE710B589
:1065E0008C1A83899C4204DDA1B24089081A80B2CA
:1065F00010BD891A88B2FBE710B50400FFF7E0FF71
:10660000A388834202D8C01A80B2FAE710BD10B541
:106610004069002803D00121494200F0C1FF10BDAC
:1066200010B54069002801D000F09AFF10BDF0B508
:10663000C64600B582B0060088460192190008AB34
:106640001D884C1BA4B2A94202D24389E41AA4B209
:10665000B788A74205D23A003000FFF7C0FF30826A
:106660003C00002C11D0444501D800200EE04246E9
:1066700029003000FFF7C0FF3168F2885043091845
:106680000198FDF79DFC012000E0002002B004BC51
:106690009046F0BDF8B505000E00140099188288E8
:1066A000914208DC0168C2885343C9186243300034
:1066B000FDF786FCF8BDD21A97B2C2885343016831
:1066C000C9187A433000FDF77BFCEB88180078434B
:1066D0002968E21B5A433018FDF772FCEAE7F0B56F
:1066E00083B005000F000192009308AB198809AB35
:1066F0001B88CC1AA4B2994202D24289A41AA4B22D
:10670000AE88A64207D232002800FFF768FF288231
:106710002B8A9BB23400002C13D0BC4216D9E41B48
:10672000A4B2009A94420FD2002C0AD03A00190069
:106730002800FFF761FF0300220001992800FFF7FE
:10674000A9FF200003B0F0BD009CEFE70024F8E7AC
:10675000F8B505000E00140099188288914208DCF3
:106760000068EA885343C01862433100FDF728FCF3
:10677000F8BDD21A97B2C28853430168C8187A4349
:106780003100FDF71DFC2868EB8819007943E21BF6
:106790005A437118FDF714FCEAE7F0B583B0050021
:1067A000019114001F0008AB1E7880231B029A423F
:1067B00002D9002003B0F0BDFFF729FF019B2B6039
:1067C000AC80EF802E726400013CA4B2AC81E44343
:1067D0006C810023EB812B822800FFF721FF012031
:1067E000E8E710B50200C3899CB2008A81B2181A8A
:1067F00080B28C4202D25389C01A80B210BD30B52B
:10680000C28995B2038A9CB28188D21A92B2A542FB
:1068100002D24089121A92B2881A80B230BD30B5C5
:1068200083B004000D00FFF7F2FEE3899BB2228AD9
:1068300000922A0000212000FFF7F9FE0500218ABE
:1068400089B282B22000FFF7BBFE20822000FFF752
:10685000E7FE280003B030BD70B582B004000D0023
:106860001600FFF7D4FEE389228A019200933300D9
:106870002A0000212000FFF732FF0500218A89B29B
:1068800002002000FFF79CFE20822000FFF7C8FED8
:10689000280002B070BD70B504000D00FFF7B7FE10
:1068A000E3899EB2228A91B29B1A9BB2B14202D96D
:1068B00062899B1A9BB2A2889A4202D1207A002850
:1068C00016D0002231002000FFF796FEE2885043E8
:1068D00023689C4660442900FDF772FB01223100C9
:1068E0002000FFF76DFEE0812000FFF799FE0120F8
:1068F00070BDF8B504000E00151E01D12800F8BDCA
:10690000FFF785FEE789BFB2238A9BB2227A002A6D
:1069100023D1A288F91A89B29F4202D26389C91A87
:1069200089B2531A9BB22A1C9D4200D91A1C95B2F7
:10693000002239002000FFF75FFE03002A0031002B
:106940002000FFF705FF2A0039002000FFF738FE7E
:10695000E0812000FFF764FED0E7A188A942E7D2DA
:106960006A1AE58855437619E3810D00E0E710B512
:106970000400FFF74CFE0023E38123822000FFF791
:106980004FFE012010BDF0B5D646474680B583B016
:10699000824688460620FBF74BF80700022400E0F9
:1069A0002C00FE2C1DD801970026A51C280242466B
:1069B00000230021FDF73CFA002904D1B142EFD1B8
:1069C000019B9842ECD980256D00012D0CD96E1EDB
:1069D000210071433800FCF7C9FB404504D835005D
:1069E000F3E780256D00F0E753461C616B1E1B0228
:1069F000524612685340FF22120213408020400189
:106A0000524610430360290061433800FCF7AEFB97
:106A100003B00CBC90469A46F0BD000070B504006F
:106A2000154B984225D080229202144B1A60144BC9
:106A30001A60144B9B6810009843FAD12000FFF7AE
:106A4000A2FF236807267340CF210B40802252010A
:106A50002243136025002435802080010543032351
:106A60002B6008CC7340194011600443022323605B
:106A700070BD80225202D8E700C0034000E0004011
:106A800000F0004000C0004010B500F0B3F800F086
:106A90001DF8FCE770B506000D000B4C20880121A5
:106AA00000F064F8300000F06DF8280000F06AF89B
:106AB0002088002100F05AF8022000F084F8208895
:106AC000012100F053F870BDB41C002070B5002403
:106AD000234B9C4242DCFA267600300000F077F827
:106AE0000A212000FCF716FB1E4D695CF720FFF71A
:106AF000D1FF300000F06BF864212000FCF70AFBA6
:106B000008000A21FCF706FB295CFB20FFF7C2FF07
:106B1000300000F05CF8FA2189002000FCF7FAFA56
:106B200008006421FCF7F6FA2B5C802149421943E6
:106B3000C9B2FD20FFF7AEFF300000F048F80A4967
:106B40002000FCF7E7FA0800FA218900FCF7E2FAD6
:106B5000295CFE20FFF79EFF0134B9E770BDC046F7
:106B60009E860100B003002010270000012383400F
:106B7000002903D0D022120653617047D02212069A
:106B80009361FAE700B583B06B46D91D0870012206
:106B9000024800F00DFD03B000BDC04600000440F7
:106BA00070B504000D00F9F7CFFB002D05D10123CE
:106BB000A340D0221206936270BD0123A340D022CD
:106BC00012065362F8E710B5FAF78EF910BD10B54A
:106BD0000021FAF773F910BD10B5054C208801218A
:106BE000FFF7DEFF20880121FFF7C0FF10BDC04680
:106BF000B41C002070B5FDF723FB0E4B09221A6070
:106C00000D4D0A232B600D4C013323600C490D48B8
:106C1000FFF704FF28680121F9F77EFB20680121B6
:106C2000F9F77AFBFFF7D8FF0748FDF7CDFA002008
:106C300070BDC046B41C0020B01C0020A81C002061
:106C40008096980000000440D0880010030010B522
:106C50000A0003490868190000F004F810BDC04696
:106C6000C003002010B5514300F034F8041E0ED0CC
:106C70000300083B5A6803239A43043A242A15D890
:106C80000300132A05D800221A605A609A60200077
:106C900010BD00210833016041601B2AF3D98160D7
:106CA000C160242A06D003001033ECE70021FDF771
:106CB00081F9ECE70300016118334161E3E7C04665
:106CC00010B5034B0100186800F004F810BDC04671
:106CD000C0030020F0B54E464546DE465746E0B5B7
:106CE0000D000B35060083B0162D22D8102900D9CF
:106CF000B2E000F0AFFA102502201823CB4FFB18AA
:106D00001A005C68083A944200D1B5E00323626837
:106D10009A431300E268A168CA6091600122E318F7
:106D2000596830000A435A6000F09CFA200008308D
:106D300095E007239D4300D58EE0A94200D98BE062
:106D400000F088FAFC235B009D4200D2A5E1680AAE
:106D500000D18BE0042800D978E138239846A809AF
:106D600080443930C100B14F79184C680839A142CC
:106D70000ED003239C4604E0002ACBDAE468A1424B
:106D800006D06246636893435A1B0F2AF4DD4046DF
:106D90003A003C690832944200D178E003236168EC
:106DA000994389460B00491B0F2900DD79E17A617F
:106DB0003A610029B2DA80229200914500D30EE1B7
:106DC0005909DA0801238B40D2007968D2190B43A4
:106DD00091687B60E260A1609460CC6001218210C8
:106DE0009140994259D80B4205D103229043490062
:106DF00004300B42FBD003239846C3009946B944A4
:106E0000CC4682466346DC68A44507D12AE1002AC5
:106E100000DB33E1E468A44500D123E14246636826
:106E200093435A1B0F2AF2DD012080466119054366
:106E30006560A068E5680837C560A86040461043F3
:106E4000F960B9604860CF6030008F60E25000F0B8
:106E500009FA2000083002E00C230020336003B060
:106E60003CBC90469946A246AB46F0BD80213F23EC
:106E700040209846890076E7DC680230A34200D0C3
:106E800044E73A003C690832944200D086E7012189
:106E90007B68821091409942A5D90323BC6862683F
:106EA0009A439146954203D8531B0F2B00DD88E08F
:106EB00023004B445E4A01935E4B93461B68126865
:106EC000EB18013200D13BE15B4A944663441B0B53
:106ED0001B0300933000009900F0CCF903008046BA
:106EE000013300D1F8E0019B834200D9F2E0534B1B
:106EF00019009A460968009B8C46514663440B6012
:106F000001991A00814200D150E15B461B680133B0
:106F100000D155E1434601995B1A9A1853461A600D
:106F20000723424641461A400192194200D111E11D
:106F300008239846881A424B0099804441449B1A82
:106F40005B1A1B051B0D0091300019009B4600F0D9
:106F500091F9431C00D14FE14346C01A03005B4442
:106F60000093534652461B6801215B44136042461E
:106F70004046BA60009A0A434260BC4200D123E115
:106F80004A460F2A00D821E107200C3A8243606864
:106F90000140052011436160A118486088600F2AF4
:106FA00000D934E14246444652682649086898426E
:106FB00000D20B6024490868984200D38EE00B6031
:106FC0008CE00122290013431143651961603000F0
:106FD000BD606B6000F046F9200008303FE75A0AB8
:106FE000042A71D9142A00D9C4E011005C325B3143
:106FF000D20008235B429C46BA18944463469A68C0
:1070000003239846944500D19DE043465168994337
:10701000494502D992689445F7D1D3689C467B686C
:107020006146A260E1608C60D460D7E6F007002082
:10703000F80B0020740C00200F100000440C0020FE
:10704000081000006C0C0020700C0020142852D98D
:10705000542800D996E06E239846280B80446F3060
:10706000C10080E608239B46073BDC449B46DA448C
:1070700043465246134200D0C4E64CE00122E318D6
:10708000596830000A435A60E368A268D3609A6086
:1070900000F0E8F820000830E1E62B00E8080833AB
:1070A0002CE6012360191D43656078613861C26078
:1070B00082601A004B460A4342603000E15000F003
:1070C000D1F820000830CAE69A0911003932383167
:1070D000D2008EE7BC4260D0BC68626803239A434A
:1070E000531B954202D80F2B00DD6AE7300000F0F9
:1070F000B9F80020B3E65B23984680445C30C100B9
:1071000031E608235B429C46E1444B469B680138CC
:107110004B4500D098E043460342F2D17B688B4355
:107120007B604900994200D9B7E6002904D1B4E652
:10713000042294464900E2440B42F9D050465CE6F2
:1071400010330093C6E68910023B8B4079680B43ED
:107150007B6065E7009B300043445B421B051B0DD1
:1071600019009B4600F086F8431C00D0F4E600238B
:107170009B46F6E6542A2BD81A0B11006F326E315B
:10718000D20036E7AA235B0098422BD8DD3B984615
:10719000E80B80447830C100E5E52C4B009A9A4614
:1071A0001B689C46534662441A60AEE6090500D04F
:1071B000ABE6009ABC684A4401310A436260F4E6D7
:1071C0005B4642461A60ABE64446EEE641608DE718
:1071D000AA2149008A4224D8DA0B1100783277318B
:1071E000D20006E71A4B984224D87C239846A80C74
:1071F00080447D30C100B6E5009A019B944642462A
:10720000083B63449B1A009300239B46A9E6210098
:107210003000083100F0BCF85346BC681B68626857
:10722000C3E60B498A420BD89A0C11007D327C319F
:10723000D200DEE6FE217E237F209846890092E57B
:10724000FE227E219200D4E67B686AE7440C00208F
:107250005405000010B5024800F07CF910BDC0468E
:10726000C81C002010B5024800F076F910BDC046D9
:10727000C81C0020002370B5064D040008002B60D8
:10728000FAF77AFA431C00D070BD2B68002BFBD0B4
:107290002360F9E7DC1C002010B583070AD0030047
:1072A000032102E001330B4205D01A78002AF9D1FC
:1072B000181A10BD030019680C4A0D4C8A188A432D
:1072C00022420FD15968094A04338A188A4322425C
:1072D00008D15968054A04338A188A432242F1D0FA
:1072E00000E001331A78002AFBD1E1E7FFFEFEFE41
:1072F00080808080F8B50C000500FFF7ABFF204FC1
:10730000BB685E6803239E431E4B341B9C4664444B
:10731000240B013C113324039C4207DB002128008D
:10732000FFF7A8FFBB689B19984204D02800FFF71D
:1073300099FF0020F8BD28006142FFF79BFF431C26
:107340000DD00122BB68361B16435E600E4B280031
:107350001A68141B1C60FFF785FF0120EAE7002173
:107360002800FFF787FFBA68831A0F2BDEDD074975
:107370000968401A0449086001210B435360D5E7AE
:10738000F0070020EF0F0000440C0020F80B002055
:10739000F0B5C64605000C0000B500294FD0FFF738
:1073A00059FF210008394C68012622000320B2430E
:1073B0008F187B688343624898468368BB426BD0D2
:1073C00043467B6026421ED108239C460C688444B9
:1073D000091B12198C6864454FD0CB68E3609C6030
:1073E0004346FC186468344211D1BB68554C424492
:1073F000A34200D17FE0FC68DC60A360012313435B
:107400004B608A5006E0FC1864683442EDD01643A5
:107410004E603A6080239B009A4213D25409D308ED
:107420000122A2404468DB002243426018188368AE
:10743000C8608B608160D9602800FFF713FF04BC2F
:107440009046F0BD530A042B3FD8940926003934E6
:107450003836E40004192368083C03279C4243D0D3
:107460005868B843904202D99B689C42F8D1DC68C6
:10747000CC608B60A160D960DEE74346F8184068B5
:10748000304258D11300B868FA6843441E43C260C2
:1074900090604E60CB50CFE713004344264206D1A4
:1074A0000A68891A8C689B18CA68E2609460012295
:1074B0001A434A60244A816012689A42BCD8234B1E
:1074C00028001968FFF716FFB6E7142B07D9542BCD
:1074D0001AD8140B26006F346E36E400BAE71E008B
:1074E0005C335B36DC00B5E70122B610B24046687B
:1074F00032434260BCE7D9609960CB608B60012366
:1075000013434B608A5097E7AA246400A34205D82E
:10751000D40B260078347736E4009BE70C4CA3426A
:1075200005D8940C26007D347C36E40092E7FE24D6
:107530007E26A4008EE7330013434B603A607BE75E
:10754000F0070020F8070020FC0B0020740C00203E
:10755000540500007047C0467047C046F8B5C046A5
:1075600001B40248844601BC604700BF21020020EC
:1075700001B40248844601BC604700BFA902002054
:1075800001B40248844601BC604700BFA902002044
:1075900001B40248844601BC604700BF25010020B9
:1075A00001B40248844601BC604700BFE5010020E9
:1075B00001B40248844601BC604700BF6D02002050
:1075C00001B40248844601BC604700BFC1000020EE
:1075D0004E6F207370696E6C6F636B7320617265A0
:1075E00020617661696C61626C65000069642026C7
:1075F00026206964203C3D20706F6F6C2D3E6865CD
:1076000061702D3E6D61785F6E6F64657300000080
:10761000463A5C5069636F5C7069636F2D73646B8D
:107620005C7372635C636F6D6D6F6E5C7069636FCA
:107630005F74696D655C74696D652E6300000000A0
:10764000256C6C6420286869202530327829000078
:107650006964202626206964203C3D2068656170AD
:107660002D3E6D61785F6E6F64657300463A5C50C5
:1076700069636F5C7069636F2D73646B5C737263B5
:107680005C636F6D6D6F6E5C7069636F5F7574695D
:107690006C5C696E636C7564652F7069636F2F75C0
:1076A00074696C2F70686561702E68007061726516
:1076B0006E745F69640000006368696C645F69648C
:1076C00000000000706172656E745F696420213D86
:1076D000206368696C645F69640000002170685F02
:1076E000636F6E7461696E7328706F6F6C2D3E6886
:1076F0006561702C2072657573655F69642900008F
:107700006964000072656D6F7665645F6964203D31
:107710003D206E6578745F696400000063616C6C85
:107720006261636B00000000706F6F6C2D3E616CD6
:1077300061726D5F696E5F70726F677265737320DF
:107740003D3D206D616B655F7075626C69635F695B
:10775000642869645F686967682C206E6578745F67
:10776000696429006964202626202170685F636FA0
:107770006E7461696E7328686561702C2069642974
:107780000000000064656661756C745F616C617215
:107790006D5F706F6F6C0000616C61726D5F69642A
:1077A00020213D20706F6F6C2D3E616C61726D5FAA
:1077B000696E5F70726F6772657373007263000049
:1077C00070685F6765745F6E6F64650070685F61A5
:1077D00064645F6368696C645F6E6F646500000079
:1077E00070685F696E7365727400000070685F6135
:1077F00064645F746F5F667265655F6C6973740063
:10780000616C61726D5F706F6F6C5F6765745F64F0
:10781000656661756C7400006765745F656E74728F
:10782000790000006765745F656E7472795F6964E2
:107830005F686967680000006164645F616C617221
:107840006D5F756E6465725F6C6F636B0000000046
:10785000616C61726D5F706F6F6C5F616C61726D96
:107860005F63616C6C6261636B000000616C6172EC
:107870006D5F706F6F6C5F63616E63656C5F616C91
:1078800061726D00486172647761726520616C613C
:10789000726D20256420616C726561647920636C6F
:1078A00061696D656400000074696D65725F687779
:1078B0002D3E696E74732026203175203C3C20617A
:1078C0006C61726D5F6E756D00000000463A5C5031
:1078D00069636F5C7069636F2D73646B5C73726353
:1078E0005C7270325F636F6D6D6F6E5C6861726445
:1078F000776172655F74696D65725C74696D6572DC
:107900002E63000068617264776172655F616C610B
:10791000726D5F7365745F746172676574000000F7
:107920006C6F636B5F6E756D203E3D2030202626A8
:10793000206C6F636B5F6E756D203C204E554D5F04
:107940005350494E5F4C4F434B530000463A5C50F6
:1079500069636F5C7069636F2D73646B5C737263D2
:107960005C636F6D6D6F6E5C7069636F5F73796E72
:10797000635C6C6F636B5F636F72652E6300000006
:107980006C6F636B5F696E69740000006D74782DB5
:107990003E636F72652E7370696E5F6C6F636B0010
:1079A000463A5C5069636F5C7069636F2D73646BFA
:1079B0005C7372635C636F6D6D6F6E5C7069636F37
:1079C0005F73796E635C6D757465782E630000007B
:1079D0006D74782D3E6F776E6572203E3D203000CD
:1079E0006D757465785F656E7465725F626C6F63E8
:1079F0006B696E67000000006D757465785F656E79
:107A00007465725F626C6F636B5F756E74696C0036
:107A10006D757465785F657869740000726F6F7456
:107A20005F696400463A5C5069636F5C7069636FBC
:107A30002D73646B5C7372635C636F6D6D6F6E5CF2
:107A40007069636F5F7574696C5C70686561702ED6
:107A5000630000002170685F6765745F6E6F646526
:107A600028686561702C20726F6F745F6964292DBE
:107A70003E7369626C696E67000000002170685F88
:107A80006765745F6E6F646528686561702C20722D
:107A90006F6F745F6964292D3E706172656E74004A
:107AA000666F756E640000006E65775F7375625F68
:107AB0007472656520213D20686561702D3E726F8E
:107AC0006F745F696400000070685F6765745F6E63
:107AD0006F64650070685F6164645F6368696C64AB
:107AE0005F6E6F646500000070685F72656D6F7631
:107AF000655F616E795F68656164000070685F64EE
:107B0000656C6574650000002C2066756E63746991
:107B10006F6E3A2000000000617373657274696FC4
:107B20006E2022257322206661696C65643A2066A6
:107B3000696C6520222573222C206C696E652025D6
:107B400064257325730A00000A2A2A2A2050414E10
:107B50004943202A2A2A0A000A0000007372635F40
:107B600066726571203E3D206672657100000000FE
:107B7000463A5C5069636F5C7069636F2D73646B28
:107B80005C7372635C7270325F636F6D6D6F6E5C9D
:107B900068617264776172655F636C6F636B735C5D
:107BA000636C6F636B732E6300000000636C6F6324
:107BB0006B5F636F6E6669677572650066626469A4
:107BC00076203E3D20313620262620666264697686
:107BD000203C3D2033323000463A5C5069636F5C94
:107BE0007069636F2D73646B5C7372635C72703267
:107BF0005F636F6D6D6F6E5C6861726477617265F3
:107C00005F706C6C5C706C6C2E63000028706F731E
:107C1000745F64697631203E3D2031202626207035
:107C20006F73745F64697631203C3D2037292026CC
:107C3000262028706F73745F64697632203E3D2081
:107C40003120262620706F73745F64697632203C81
:107C50003D20372900000000706F73745F646976FF
:107C600032203C3D20706F73745F64697631000090
:107C70007265665F6D687A203C3D202876636F5F91
:107C800066726571202F203136290000706C6C5FA0
:107C9000696E697400000000212864656C746120BD
:107CA0003E3E203131752900463A5C5069636F5C75
:107CB0007069636F2D73646B5C7372635C72703296
:107CC0005F636F6D6D6F6E5C686172647761726522
:107CD0005F6972715C6972712E6300006375727204
:107CE000656E74203D3D205F5F756E68616E646CEB
:107CF00065645F757365725F697271207C7C206357
:107D0000757272656E74203D3D2068616E646C65AD
:107D1000720000006972715F68616E6465725F6312
:107D20006861696E5F667265655F736C6F745F68CA
:107D3000656164203E3D2030000000007674616281
:107D40006C655F68616E646C6572203D3D205F5FAD
:107D5000756E68616E646C65645F757365725F698A
:107D600072710000212828282875696E7470747259
:107D70005F7429767461626C655F68616E646C65BE
:107D80007229202D20282875696E747074725F74B2
:107D9000296972715F68616E646C65725F636861A6
:107DA000696E5F736C6F747329202D2031292573E0
:107DB000697A656F6628737472756374206972716D
:107DC0005F68616E646C65725F636861696E5F7342
:107DD0006C6F74292900000030783163203D3D200C
:107DE000282A696E7374293E3E3131750000000007
:107DF00021657863657074696F6E207C7C2065787E
:107E000063657074696F6E203D3D206E756D202B2B
:107E10002031360066616C736500000069735F7322
:107E200068617265645F6972715F7261775F6861D2
:107E30006E646C657228736C6F745F68616E646CDD
:107E400065722900657863657074696F6E00000063
:107E50006972715F7365745F6578636C7573697659
:107E6000655F68616E646C65720000006D616B65D2
:107E70005F6272616E636800696E736572745F62DF
:107E800072616E63685F616E645F6C696E6B000047
:107E90007265736F6C76655F6272616E6368000015
:107EA0006972715F72656D6F76655F68616E646C33
:107EB000657200006972715F6164645F7461696C0E
:107EC0005F746F5F667265655F6C69737400000054
:107ED000666E6900666E692B000000006E616E00C0
:107EE000666E692D00000000B62B0010DC2B001020
:107EF000F42B0010DC2B0010962B0010DC2B001054
:107F0000DC2B0010DC2B0010DC2B0010DC2B001015
:107F1000DC2B0010DC2B0010D22B0010DC2B00100F
:107F2000DC2B0010DC2B0010DC2B0010DC2B0010F5
:107F3000002C0010142B0010AE2A0010AE2A0010E6
:107F40001E2B0010AE2A0010AE2A0010AE2A001020
:107F5000AE2A0010AE2A0010AE2A0010AE2A001081
:107F60000A2B0010AE2A0010002B0010AE2A0010C1
:107F7000AE2A0010E22A0010303000104630001007
:107F800046300010463000104630001046300010D9
:107F900046300010463000104630001046300010C9
:107FA00046300010463000104630001046300010B9
:107FB00046300010463000104630001046300010A9
:107FC0004630001046300010463000104630001099
:107FD0004630001046300010463000104630001089
:107FE0004630001046300010463000104630001079
:107FF0004630001046300010582E0010182E001089
:10800000582E001046300010463000104630001048
:108010004630001046300010463000104630001048
:108020004630001046300010463000104630001038
:108030004630001046300010463000104630001028
:10804000463000100C2C0010463000104630001056
:108050004630001046300010463000104630001008
:108060004630001046300010463000100C2C001036
:10807000A82E00100C2C0010582E0010182E0010E6
:10808000582E0010463000100C2C00104630001006
:1080900046300010463000104630001046300010C8
:1080A0000C2C0010FA2F0010463000104630001043
:1080B000202F0010463000100C2C0010463000100D
:1080C000463000100C2C0010000000000000F03FB3
:1080D00000000000000024400000000000005940A3
:1080E0000000000000408F40000000000088C340F6
:1080F00000000000006AF8400000000080842E416B
:1081000000000000D01263410000000084D79741B6
:108110000000000065CDCD412A282875696E7438AD
:108120005F74202A29282828766F6964202A2972FA
:108130006F6D5F646174615F6C6F6F6B75702872D7
:108140006F6D5F7461626C655F636F646528275350
:10815000272C202746272929292D322929202A2082
:1081600034203E3D2053465F5441424C455F5632D9
:108170005F53495A45000000463A5C5069636F5CA2
:108180007069636F2D73646B5C7372635C727032C1
:108190005F636F6D6D6F6E5C7069636F5F646F7549
:1081A000626C655C646F75626C655F696E69745F53
:1081B000726F6D2E630000005F5F61656162695FD1
:1081C000646F75626C655F696E6974002A28287532
:1081D000696E74385F74202A2928726F6D5F74612C
:1081E000626C652D322929202A2034203E3D2053FF
:1081F000465F5441424C455F56325F53495A4500F1
:10820000463A5C5069636F5C7069636F2D73646B91
:108210005C7372635C7270325F636F6D6D6F6E5C06
:108220007069636F5F666C6F61745C666C6F6174BC
:108230005F696E69745F726F6D2E63005F5F616569
:108240006162695F666C6F61745F696E697400007A
:108250004465627567000000312E302E3100000049
:108260007069636F000000006D61696E00000000BE
:1082700041756720203620323032310006005250DE
:10828000BBFF3CB66082001006005250D3F075422E
:10829000508200100D0A000055415254207374643E
:1082A000696E000055415254207374646F757400F8
:1082B0005541525420737464696E202F2073746486
:1082C0006F7574000600525053B4F4A1B0820010D0
:1082D00008005250920000005553422073746469A4
:1082E0006E202F207374646F757400000600525066
:1082F00053B4F4A1D8820010526173706265727237
:1083000079205069000000005069636F0000000090
:10831000303030303030303030303030000000001D
:10832000426F6172642043444300000009024B0025
:10833000020100A07D080B000202020000090400F7
:1083400000010202000405240020010524010001AF
:108350000424020205240600010705810308001019
:1083600009040100020A00000007050202400000A3
:10837000070582024000000012010002EF020140E6
:108380008A2E0A0000010102030100000000000023
:10839000F882001008830010108300102083001062
:1083A000282875696E747074725F74296E657874AC
:1083B0005F6275666665725F707472202620306237
:1083C0003131313131317529203D3D2030000000FF
:1083D000463A5C5069636F5C7069636F2D73646BC0
:1083E0005C6C69625C74696E797573625C737263EC
:1083F0005C706F727461626C655C726173706265EF
:1084000072727970695C7270323034305C646364AB
:108410005F7270323034302E6300000068775F6422
:108420006174615F6F6666736574286E6578745FEA
:108430006275666665725F70747229203C3D2055D6
:1084400053425F445052414D5F4D4158000000007F
:1084500049736F6368726F6E6F757320774D6178C3
:108460005061636B657453697A6520256420746F6D
:108470006F206C61726765007768696368203D3DB5
:1084800020300000556E68616E646C65642049524E
:108490005120307825780A002165702D3E73746173
:1084A0006C6C6564000000007268706F7274203D2F
:1084B0003D2030005F68775F656E64706F696E7431
:1084C0005F616C6C6F63000068775F68616E646CFD
:1084D000655F627566665F73746174757300000032
:1084E0005F68775F656E64706F696E745F737461E7
:1084F0006C6C00006463645F696E69740000000066
:108500006463645F696E745F656E61626C650000D0
:108510006463645F7365745F616464726573730040
:108520006463645F636F6E6E656374006463645F4D
:1085300065647074305F7374617475735F636F6DBD
:10854000706C6574650000006463645F65647074DA
:108550005F6F70656E0000006463645F65647074D3
:108560005F786665720000006463645F65647074C0
:108570005F7374616C6C00006463645F6564707445
:108580005F636C6561725F7374616C6C0000000006
:1085900065702025642025732077617320616C72DB
:1085A0006561647920617661696C61626C65000067
:1085B00021286275665F6374726C202620555342D1
:1085C0005F4255465F4354524C5F46554C4C290020
:1085D000463A5C5069636F5C7069636F2D73646BBE
:1085E0005C6C69625C74696E797573625C737263EA
:1085F0005C706F727461626C655C726173706265ED
:1086000072727970695C7270323034305C727032C0
:108610003034305F7573622E630000006275665FF0
:108620006374726C2026205553425F4255465F4367
:1086300054524C5F46554C4C0000000043616E277D
:108640007420636F6E74696E75652078666572203C
:108650006F6E20696E616374697665206570202590
:1086600064202573000000005472616E73666572A9
:10867000726564206D6F7265206461746120746836
:10868000616E2065787065637465640065702D3E69
:10869000636F6E6669677572656400005F68775F17
:1086A000656E64706F696E745F786665725F73790A
:1086B0006E6300005F68775F656E64706F696E74EB
:1086C0005F7866657200000025732025643A20619A
:1086D0007373657274206661696C65640D0A0000CD
:1086E0005A510010A4500010E25000101451001014
:1086F0005A5100105A510010305100105A510010B8
:108700005A5100105A5100105A5100105A5100107D
:108710005A5100105A5100105A510010B650001012
:10872000217168646C2D3E66662E6D7574657800E7
:10873000463A5C5069636F5C7069636F2D73646B5C
:108740005C6C69625C74696E797573625C73726388
:108750002F6F73616C2F6F73616C5F7069636F2E25
:1087600068000000D4580010AE5800106E5A001077
:10877000885800106E5A0010125800107C580010D3
:108780006E5A00102E58001046580010DE5A001085
:10879000D05A0010285B0010645C0010F45B0010DD
:1087A0000A5C00103C5B0010685B0010685C001005
:1087B0006F73616C5F71756575655F72656365691F
:1087C000766500006F73616C5F71756575655F73C9
:1087D000656E64007475645F7461736B0000000003
:1087E00070726F636573735F636F6E74726F6C5FCB
:1087F000726571756573740070726F636573735F12
:108800007365745F636F6E666967000070726F6393
:108810006573735F6765745F6465736372697074B1
:108820006F720000757362645F6F70656E5F656480
:1088300070745F7061697200757362645F65647003
:10884000745F78666572000011610010F1610010BC
:1088500035620010AD6300104D63001049640010D4
:10886000000000007475645F636F6E74726F6C5FFC
:108870007866657200000000757362645F636F6EF6
:1088800074726F6C5F786665725F636200000000EF
:108890007475645F6364635F6E5F77726974655F4C
:1088A000666C757368000000636463645F6F706575
:1088B0006E000000636463645F786665725F636284
:1088C00000000000747573625F696E6974000000D7
:1088D0004445565F4D6F64756C655F496E697420E1
:0888E0004F4B200D00000000C9
:1088E800B4020010A80200109C0200107C82001044
:1088F8009002001088820010C4820010D0820010FC
:04890800EC820010ED
:10890C0010B50368002B1AD001230168EFF3108413
:10891C0072B60A68002AFCD0BFF35F8F042282561D
:10892C00002A12DB0268BFF35F8F0021116084F311
:10893C001088002B00D020BF002BE6D110BD064BB9
:10894C00064A1521064800F0E3F8D0231B061B68E5
:10895C0003710023E6E7C0468C790010E079001023
:10896C00A079001010B503000068EFF3108472B604
:10897C000268002AFCD0BFF35F8F04229A56002AAB
:10898C000BDB00290FD00A6000201B68BFF35F8F40
:10899C0000221A6084F3108810BDD02212061268CF
:1089AC001A710120F1E70020EFE70000F8B5040090
:1089BC0016001F000368002B1AD001252268EFF364
:1089CC00108172B61368002BFCD0BFF35F8F0423A9
:1089DC00E356002B12DB2368BFF35F8F00221A6073
:1089EC0081F31088002D0FD1002DE7D10120F8BDA7
:1089FC00094B0A4A37210A4800F08AF8D0231B0693
:108A0C001B6823710025E6E73000390000F078F888
:108A1C000028E9D00020EAE78C790010F8790010E2
:108A2C00A0790010F8B506000F0000F061F8040002
:108A3C000D00FA22920000233800002100F070F89B
:108A4C0002000B0012196B419D4202D804D19442D2
:108A5C0002D901225242D3173000FFF7A7FFF8BD0D
:108A6C0010B50268EFF3108172B61368002BFCD0BE
:108A7C00BFF35F8F0423C356002B0ADBFF23037164
:108A8C0040BF0368BFF35F8F00221A6081F3108828
:108A9C0010BD034B034A4B21034800F039F8C04684
:108AAC00D0790010107A0010A079001030B50400B5
:108ABC001000002505E0E3689B07FCD54B5DA36027
:108ACC0001358542F7D300E0A368E3685B07FBD46C
:108ADC00E368DB06FCD400E0A368E3685B07FBD427
:108AEC000123236230BD00007047C0460000000027
:108AFC0001B40248844601BC604700BF211000103D
:108B0C0001B40248844601BC604700BFFD0E001052
:108B1C0001B40248844601BC604700BFB91700107D
:108B2C0001B40248844601BC604700BF313E0010CE
:108B3C001000000000000000000001000000000018
:108B4C000000000000000200000000000000000017
:108B5C000000030000000000000000000000FF0007
:108B6C000000000000B5486801318E460047704691
:108B7C0009380149884700BD7D1E00100000000027
:108B8C00503300004C3300005433000052330000CB
:108B9C004D5300004D43000053340000433400009B
:108BAC004D42001000000000B9420010000000000F
:108BBC0000010000FD430010000000006D43001098
:108BCC000000000000010000C0820010A082001014
:108BDC00E81B002010000C0000000000000000004A
:108BEC000000000000000000000000000000000079
:108BFC003F065B4F666D7D077F6F777C395E7971C1
:108C0C00C80300200000000000000000B406002093
:108C1C001C0700208407002000000000000000005A
:108C2C000000000000000000000000000000000038
:108C3C000000000000000000000000000000000028
:108C4C000000000000000000000000000000000018
:108C5C000000000000000000000000000000000008
:108C6C0000000000000000000000000000000000F8
:108C7C0000000000000000000000000000000000E8
:108C8C0000000000000000000000000000000000D8
:108C9C0000000000000000000000000000000000C8
:108CAC0000000000000000000000000000000000B8
:108CBC0001000000000000000E33CDAB34126DE655
:108CCC00ECDE05000B0000000000000000000000BE
:108CDC000000000000000000000000000000000088
:108CEC000000000000000000000000000000000078
:108CFC000000000000000000000000000000000068
:108D0C000000000000000000000000000000000057
:108D1C000000000000000000000000000000000047
:108D2C000000000000000000000000000000000037
:108D3C000000000000000000000000000000000027
:108D4C000000000000000000000000000000000017
:108D5C000000000000000000000000000000000007
:108D6C0000000000000000000000000000000000F7
:108D7C0000000000000000000000000000000000E7
:108D8C0000000000000000000000000000000000D7
:108D9C0000000000000000000000000000000000C7
:108DAC0000000000000000000000000000000000B7
:108DBC0000000000000000000000000000000000A7
:108DCC000000000000000000000000000000000097
:108DDC000000000000000000000000000000000087
:108DEC000000000000000000000000000000000077
:108DFC000000000000000000000000000000000067
:108E0C000000000000000000000000000000000056
:108E1C000000000000000000000000000000000046
:108E2C000000000000000000000000000000000036
:108E3C000000000000000000000000000000000026
:108E4C000000000000000000000000000000000016
:108E5C000000000000000000000000000000000006
:108E6C0000000000000000000000000000000000F6
:108E7C0000000000000000000000000000000000E6
:108E8C0000000000000000000000000000000000D6
:108E9C0000000000000000000000000000000000C6
:108EAC0000000000000000000000000000000000B6
:108EBC0000000000000000000000000000000000A6
:108ECC000000000000000000000000000000000096
:108EDC000000000000000000000000000000000086
:108EEC000000000000000000000000000000000076
:108EFC000000000000000000000000000000000066
:108F0C000000000000000000000000000000000055
:108F1C000000000000000000000000000000000045
:108F2C000000000000000000000000000000000035
:108F3C000000000000000000000000000000000025
:108F4C000000000000000000000000000000000015
:108F5C000000000000000000000000000000000005
:108F6C0000000000000000000000000000000000F5
:108F7C0000000000000000000000000000000000E5
:108F8C0000000000000000000000000000000000D5
:108F9C0000000000000000000000000000000000C5
:108FAC0000000000000000000000000000000000B5
:108FBC0000000000000000000000000000000000A5
:108FCC000000000000000000000000000000000095
:108FDC000000000000000000000000000000000085
:108FEC000000000000000000000000000000000075
:108FFC000000000000000000000000000000000065
:10900C000000000000000000000000000000000054
:10901C000000000000000000000000000000000044
:10902C000000000000000000000000000000000034
:10903C000000000000000000F0070020F0070020F6
:10904C00F8070020F8070020000800200008002086
:10905C000808002008080020100800201008002034
:10906C0018080020180800202008002020080020E4
:10907C002808002028080020300800203008002094
:10908C003808002038080020400800204008002044
:10909C0048080020480800205008002050080020F4
:1090AC0058080020580800206008002060080020A4
:1090BC006808002068080020700800207008002054
:1090CC007808002078080020800800208008002004
:1090DC0088080020880800209008002090080020B4
:1090EC009808002098080020A0080020A008002064
:1090FC00A8080020A8080020B0080020B008002014
:10910C00B8080020B8080020C0080020C0080020C3
:10911C00C8080020C8080020D0080020D008002073
:10912C00D8080020D8080020E0080020E008002023
:10913C00E8080020E8080020F0080020F0080020D3
:10914C00F8080020F8080020000900200009002081
:10915C00080900200809002010090020100900202F
:10916C0018090020180900202009002020090020DF
:10917C00280900202809002030090020300900208F
:10918C00380900203809002040090020400900203F
:10919C0048090020480900205009002050090020EF
:1091AC00580900205809002060090020600900209F
:1091BC00680900206809002070090020700900204F
:1091CC0078090020780900208009002080090020FF
:1091DC0088090020880900209009002090090020AF
:1091EC009809002098090020A0090020A00900205F
:1091FC00A8090020A8090020B0090020B00900200F
:10920C00B8090020B8090020C0090020C0090020BE
:10921C00C8090020C8090020D0090020D00900206E
:10922C00D8090020D8090020E0090020E00900201E
:10923C00E8090020E8090020F0090020F0090020CE
:10924C00F8090020F8090020000A0020000A00207C
:10925C00080A0020080A0020100A0020100A00202A
:10926C00180A0020180A0020200A0020200A0020DA
:10927C00280A0020280A0020300A0020300A00208A
:10928C00380A0020380A0020400A0020400A00203A
:10929C00480A0020480A0020500A0020500A0020EA
:1092AC00580A0020580A0020600A0020600A00209A
:1092BC00680A0020680A0020700A0020700A00204A
:1092CC00780A0020780A0020800A0020800A0020FA
:1092DC00880A0020880A0020900A0020900A0020AA
:1092EC00980A0020980A0020A00A0020A00A00205A
:1092FC00A80A0020A80A0020B00A0020B00A00200A
:10930C00B80A0020B80A0020C00A0020C00A0020B9
:10931C00C80A0020C80A0020D00A0020D00A002069
:10932C00D80A0020D80A0020E00A0020E00A002019
:10933C00E80A0020E80A0020F00A0020F00A0020C9
:10934C00F80A0020F80A0020000B0020000B002077
:10935C00080B0020080B0020100B0020100B002025
:10936C00180B0020180B0020200B0020200B0020D5
:10937C00280B0020280B0020300B0020300B002085
:10938C00380B0020380B0020400B0020400B002035
:10939C00480B0020480B0020500B0020500B0020E5
:1093AC00580B0020580B0020600B0020600B002095
:1093BC00680B0020680B0020700B0020700B002045
:1093CC00780B0020780B0020800B0020800B0020F5
:1093DC00880B0020880B0020900B0020900B0020A5
:1093EC00980B0020980B0020A00B0020A00B002055
:1093FC00A80B0020A80B0020B00B0020B00B002005
:10940C00B80B0020B80B0020C00B0020C00B0020B4
:10941C00C80B0020C80B0020D00B0020D00B002064
:10942C00D80B0020D80B0020E00B0020E00B002014
:10943C00E80B0020E80B0020FFFFFFFF00000200FC
:10944C000000000000000000A53F0010AD3000102F
:0C945C009D370010653E0010ED0200106E
:04000005100001E9FD
:00000001FF
