
main.elf:     file format elf32-littlearm

Sections:
Idx Name          Size      VMA       LMA       File off  Algn
  0 .boot2        00000100  10000000  10000000  00010000  2**0
                  CONTENTS, ALLOC, LOAD, READONLY, CODE
  1 .text         000074d0  10000100  10000100  00010100  2**3
                  CONTENTS, ALLOC, LOAD, READONLY, CODE
  2 .rodata       00001318  100075d0  100075d0  000175d0  2**3
                  CONTENTS, ALLOC, LOAD, READONLY, DATA
  3 .binary_info  00000024  100088e8  100088e8  000188e8  2**2
                  CONTENTS, ALLOC, LOAD, DATA
  4 .ram_vector_table 000000c0  20000000  20000000  00020c1c  2**2
                  CONTENTS
  5 .data         00000b5c  200000c0  1000890c  000200c0  2**4
                  CONTENTS, ALLOC, LOAD, CODE
  6 .uninitialized_data 00000000  20000c1c  20000c1c  00020cdc  2**0
                  CONTENTS
  7 .scratch_x    00000000  20040000  20040000  00020cdc  2**0
                  CONTENTS
  8 .scratch_y    00000000  20041000  20041000  00020cdc  2**0
                  CONTENTS
  9 .bss          000010c0  20000c20  20000c20  00020c20  2**3
                  ALLOC
 10 .heap         00000800  20001ce0  20001ce0  00020cdc  2**2
                  CONTENTS, READONLY
 11 .stack_dummy  00000800  20041000  20041000  000214e0  2**5
                  CONTENTS, READONLY
 12 .ARM.attributes 00000028  00000000  00000000  00021ce0  2**0
                  CONTENTS, READONLY
 13 .comment      00000079  00000000  00000000  00021d08  2**0
                  CONTENTS, READONLY
 14 .debug_info   0002b1ab  00000000  00000000  00021d81  2**0
                  CONTENTS, READONLY, DEBUGGING
 15 .debug_abbrev 00007cc4  00000000  00000000  0004cf2c  2**0
                  CONTENTS, READONLY, DEBUGGING
 16 .debug_aranges 000012f8  00000000  00000000  00054bf0  2**3
                  CONTENTS, READONLY, DEBUGGING
 17 .debug_ranges 00003670  00000000  00000000  00055ee8  2**3
                  CONTENTS, READONLY, DEBUGGING
 18 .debug_line   0001537c  00000000  00000000  00059558  2**0
                  CONTENTS, READONLY, DEBUGGING
 19 .debug_str    00006636  00000000  00000000  0006e8d4  2**0
                  CONTENTS, READONLY, DEBUGGING
 20 .debug_frame  00002718  00000000  00000000  00074f0c  2**2
                  CONTENTS, READONLY, DEBUGGING
 21 .debug_loc    00012f80  00000000  00000000  00077624  2**0
                  CONTENTS, READONLY, DEBUGGING

main.elf:     file format elf32-littlearm


Disassembly of section .boot2:

10000000 <__boot2_start__>:
10000000:	4b32b500 	.word	0x4b32b500
10000004:	60582021 	.word	0x60582021
10000008:	21026898 	.word	0x21026898
1000000c:	60984388 	.word	0x60984388
10000010:	611860d8 	.word	0x611860d8
10000014:	4b2e6158 	.word	0x4b2e6158
10000018:	60992100 	.word	0x60992100
1000001c:	61592102 	.word	0x61592102
10000020:	22f02101 	.word	0x22f02101
10000024:	492b5099 	.word	0x492b5099
10000028:	21016019 	.word	0x21016019
1000002c:	20356099 	.word	0x20356099
10000030:	f844f000 	.word	0xf844f000
10000034:	42902202 	.word	0x42902202
10000038:	2106d014 	.word	0x2106d014
1000003c:	f0006619 	.word	0xf0006619
10000040:	6e19f834 	.word	0x6e19f834
10000044:	66192101 	.word	0x66192101
10000048:	66182000 	.word	0x66182000
1000004c:	f000661a 	.word	0xf000661a
10000050:	6e19f82c 	.word	0x6e19f82c
10000054:	6e196e19 	.word	0x6e196e19
10000058:	f0002005 	.word	0xf0002005
1000005c:	2101f82f 	.word	0x2101f82f
10000060:	d1f94208 	.word	0xd1f94208
10000064:	60992100 	.word	0x60992100
10000068:	6019491b 	.word	0x6019491b
1000006c:	60592100 	.word	0x60592100
10000070:	481b491a 	.word	0x481b491a
10000074:	21016001 	.word	0x21016001
10000078:	21eb6099 	.word	0x21eb6099
1000007c:	21a06619 	.word	0x21a06619
10000080:	f0006619 	.word	0xf0006619
10000084:	2100f812 	.word	0x2100f812
10000088:	49166099 	.word	0x49166099
1000008c:	60014814 	.word	0x60014814
10000090:	60992101 	.word	0x60992101
10000094:	2800bc01 	.word	0x2800bc01
10000098:	4700d000 	.word	0x4700d000
1000009c:	49134812 	.word	0x49134812
100000a0:	c8036008 	.word	0xc8036008
100000a4:	8808f380 	.word	0x8808f380
100000a8:	b5034708 	.word	0xb5034708
100000ac:	20046a99 	.word	0x20046a99
100000b0:	d0fb4201 	.word	0xd0fb4201
100000b4:	42012001 	.word	0x42012001
100000b8:	bd03d1f8 	.word	0xbd03d1f8
100000bc:	6618b502 	.word	0x6618b502
100000c0:	f7ff6618 	.word	0xf7ff6618
100000c4:	6e18fff2 	.word	0x6e18fff2
100000c8:	bd026e18 	.word	0xbd026e18
100000cc:	40020000 	.word	0x40020000
100000d0:	18000000 	.word	0x18000000
100000d4:	00070000 	.word	0x00070000
100000d8:	005f0300 	.word	0x005f0300
100000dc:	00002221 	.word	0x00002221
100000e0:	180000f4 	.word	0x180000f4
100000e4:	a0002022 	.word	0xa0002022
100000e8:	10000100 	.word	0x10000100
100000ec:	e000ed08 	.word	0xe000ed08
	...
100000fc:	7a4eb274 	.word	0x7a4eb274

Disassembly of section .text:

10000100 <__logical_binary_start>:
10000100:	20042000 	.word	0x20042000
10000104:	100001f7 	.word	0x100001f7
10000108:	100001c3 	.word	0x100001c3
1000010c:	100001c5 	.word	0x100001c5
10000110:	100001c1 	.word	0x100001c1
10000114:	100001c1 	.word	0x100001c1
10000118:	100001c1 	.word	0x100001c1
1000011c:	100001c1 	.word	0x100001c1
10000120:	100001c1 	.word	0x100001c1
10000124:	100001c1 	.word	0x100001c1
10000128:	100001c1 	.word	0x100001c1
1000012c:	100001c7 	.word	0x100001c7
10000130:	100001c1 	.word	0x100001c1
10000134:	100001c1 	.word	0x100001c1
10000138:	100001c9 	.word	0x100001c9
1000013c:	100001cb 	.word	0x100001cb
10000140:	100001cd 	.word	0x100001cd
10000144:	100001cd 	.word	0x100001cd
10000148:	100001cd 	.word	0x100001cd
1000014c:	100001cd 	.word	0x100001cd
10000150:	100001cd 	.word	0x100001cd
10000154:	100001cd 	.word	0x100001cd
10000158:	100001cd 	.word	0x100001cd
1000015c:	100001cd 	.word	0x100001cd
10000160:	100001cd 	.word	0x100001cd
10000164:	100001cd 	.word	0x100001cd
10000168:	100001cd 	.word	0x100001cd
1000016c:	100001cd 	.word	0x100001cd
10000170:	100001cd 	.word	0x100001cd
10000174:	100001cd 	.word	0x100001cd
10000178:	100001cd 	.word	0x100001cd
1000017c:	100001cd 	.word	0x100001cd
10000180:	100001cd 	.word	0x100001cd
10000184:	100001cd 	.word	0x100001cd
10000188:	100001cd 	.word	0x100001cd
1000018c:	100001cd 	.word	0x100001cd
10000190:	100001cd 	.word	0x100001cd
10000194:	100001cd 	.word	0x100001cd
10000198:	100001cd 	.word	0x100001cd
1000019c:	100001cd 	.word	0x100001cd
100001a0:	100001cd 	.word	0x100001cd
100001a4:	100001cd 	.word	0x100001cd
100001a8:	100001cd 	.word	0x100001cd
100001ac:	100001cd 	.word	0x100001cd
100001b0:	100001cd 	.word	0x100001cd
100001b4:	100001cd 	.word	0x100001cd
100001b8:	100001cd 	.word	0x100001cd
100001bc:	100001cd 	.word	0x100001cd

100001c0 <isr_invalid>:
100001c0:	be00      	bkpt	0x0000

100001c2 <isr_nmi>:
100001c2:	be00      	bkpt	0x0000

100001c4 <isr_hardfault>:
100001c4:	be00      	bkpt	0x0000

100001c6 <isr_svcall>:
100001c6:	be00      	bkpt	0x0000

100001c8 <isr_pendsv>:
100001c8:	be00      	bkpt	0x0000

100001ca <isr_systick>:
100001ca:	be00      	bkpt	0x0000

100001cc <__unhandled_user_irq>:
100001cc:	f000 f84b 	bl	10000266 <__get_current_exception>
100001d0:	3810      	subs	r0, #16

100001d2 <unhandled_user_irq_num_in_r0>:
100001d2:	be00      	bkpt	0x0000

100001d4 <binary_info_header>:
100001d4:	7188ebf2 	.word	0x7188ebf2
100001d8:	100088e8 	.word	0x100088e8
100001dc:	1000890c 	.word	0x1000890c
100001e0:	10000234 	.word	0x10000234
100001e4:	e71aa390 	.word	0xe71aa390

100001e8 <_entry_point>:
100001e8:	2000      	movs	r0, #0
100001ea:	4921      	ldr	r1, [pc, #132]	; (10000270 <__get_current_exception+0xa>)
100001ec:	6008      	str	r0, [r1, #0]
100001ee:	c806      	ldmia	r0!, {r1, r2}
100001f0:	f381 8808 	msr	MSP, r1
100001f4:	4710      	bx	r2

100001f6 <_reset_handler>:
100001f6:	481f      	ldr	r0, [pc, #124]	; (10000274 <__get_current_exception+0xe>)
100001f8:	6800      	ldr	r0, [r0, #0]
100001fa:	2800      	cmp	r0, #0
100001fc:	d12f      	bne.n	1000025e <hold_non_core0_in_bootrom>
100001fe:	a40d      	add	r4, pc, #52	; (adr r4, 10000234 <data_cpy_table>)
10000200:	cc0e      	ldmia	r4!, {r1, r2, r3}
10000202:	2900      	cmp	r1, #0
10000204:	d002      	beq.n	1000020c <_reset_handler+0x16>
10000206:	f000 f812 	bl	1000022e <data_cpy>
1000020a:	e7f9      	b.n	10000200 <_reset_handler+0xa>
1000020c:	491a      	ldr	r1, [pc, #104]	; (10000278 <__get_current_exception+0x12>)
1000020e:	4a1b      	ldr	r2, [pc, #108]	; (1000027c <__get_current_exception+0x16>)
10000210:	2000      	movs	r0, #0
10000212:	e000      	b.n	10000216 <bss_fill_test>

10000214 <bss_fill_loop>:
10000214:	c101      	stmia	r1!, {r0}

10000216 <bss_fill_test>:
10000216:	4291      	cmp	r1, r2
10000218:	d1fc      	bne.n	10000214 <bss_fill_loop>

1000021a <platform_entry>:
1000021a:	4919      	ldr	r1, [pc, #100]	; (10000280 <__get_current_exception+0x1a>)
1000021c:	4788      	blx	r1
1000021e:	4919      	ldr	r1, [pc, #100]	; (10000284 <__get_current_exception+0x1e>)
10000220:	4788      	blx	r1
10000222:	4919      	ldr	r1, [pc, #100]	; (10000288 <__get_current_exception+0x22>)
10000224:	4788      	blx	r1
10000226:	be00      	bkpt	0x0000
10000228:	e7fd      	b.n	10000226 <platform_entry+0xc>

1000022a <data_cpy_loop>:
1000022a:	c901      	ldmia	r1!, {r0}
1000022c:	c201      	stmia	r2!, {r0}

1000022e <data_cpy>:
1000022e:	429a      	cmp	r2, r3
10000230:	d3fb      	bcc.n	1000022a <data_cpy_loop>
10000232:	4770      	bx	lr

10000234 <data_cpy_table>:
10000234:	1000890c 	.word	0x1000890c
10000238:	200000c0 	.word	0x200000c0
1000023c:	20000c1c 	.word	0x20000c1c
10000240:	10009468 	.word	0x10009468
10000244:	20040000 	.word	0x20040000
10000248:	20040000 	.word	0x20040000
1000024c:	10009468 	.word	0x10009468
10000250:	20041000 	.word	0x20041000
10000254:	20041000 	.word	0x20041000
10000258:	00000000 	.word	0x00000000
1000025c:	4770      	bx	lr

1000025e <hold_non_core0_in_bootrom>:
1000025e:	480b      	ldr	r0, [pc, #44]	; (1000028c <__get_current_exception+0x26>)
10000260:	f002 ff2c 	bl	100030bc <rom_func_lookup>
10000264:	4700      	bx	r0

10000266 <__get_current_exception>:
10000266:	f3ef 8005 	mrs	r0, IPSR
1000026a:	b2c0      	uxtb	r0, r0
1000026c:	4770      	bx	lr
1000026e:	0000      	.short	0x0000
10000270:	e000ed08 	.word	0xe000ed08
10000274:	d0000000 	.word	0xd0000000
10000278:	20000c20 	.word	0x20000c20
1000027c:	20001ce0 	.word	0x20001ce0
10000280:	100016a9 	.word	0x100016a9
10000284:	1000030d 	.word	0x1000030d
10000288:	100017b1 	.word	0x100017b1
1000028c:	00005657 	.word	0x00005657

10000290 <__bi_46>:
10000290:	50520006 5360b3ab 10008258              ..RP..`SX...

1000029c <__bi_34>:
1000029c:	50520006 02031c86 10008268              ..RP....h...

100002a8 <__bi_26>:
100002a8:	50520006 9da22254 10008270              ..RPT"..p...

100002b4 <__bi_18>:
100002b4:	50520005 68f465de 10009468              ..RP.e.hh...

100002c0 <_init>:
100002c0:	b5f8      	push	{r3, r4, r5, r6, r7, lr}
100002c2:	46c0      	nop			; (mov r8, r8)

100002c4 <__do_global_dtors_aux>:
100002c4:	b510      	push	{r4, lr}
100002c6:	4c06      	ldr	r4, [pc, #24]	; (100002e0 <__do_global_dtors_aux+0x1c>)
100002c8:	7823      	ldrb	r3, [r4, #0]
100002ca:	2b00      	cmp	r3, #0
100002cc:	d107      	bne.n	100002de <__do_global_dtors_aux+0x1a>
100002ce:	4b05      	ldr	r3, [pc, #20]	; (100002e4 <__do_global_dtors_aux+0x20>)
100002d0:	2b00      	cmp	r3, #0
100002d2:	d002      	beq.n	100002da <__do_global_dtors_aux+0x16>
100002d4:	4804      	ldr	r0, [pc, #16]	; (100002e8 <__do_global_dtors_aux+0x24>)
100002d6:	e000      	b.n	100002da <__do_global_dtors_aux+0x16>
100002d8:	bf00      	nop
100002da:	2301      	movs	r3, #1
100002dc:	7023      	strb	r3, [r4, #0]
100002de:	bd10      	pop	{r4, pc}
100002e0:	20000c28 	.word	0x20000c28
100002e4:	00000000 	.word	0x00000000
100002e8:	100075d0 	.word	0x100075d0

100002ec <frame_dummy>:
100002ec:	4b04      	ldr	r3, [pc, #16]	; (10000300 <frame_dummy+0x14>)
100002ee:	b510      	push	{r4, lr}
100002f0:	2b00      	cmp	r3, #0
100002f2:	d003      	beq.n	100002fc <frame_dummy+0x10>
100002f4:	4903      	ldr	r1, [pc, #12]	; (10000304 <frame_dummy+0x18>)
100002f6:	4804      	ldr	r0, [pc, #16]	; (10000308 <frame_dummy+0x1c>)
100002f8:	e000      	b.n	100002fc <frame_dummy+0x10>
100002fa:	bf00      	nop
100002fc:	bd10      	pop	{r4, pc}
100002fe:	46c0      	nop			; (mov r8, r8)
10000300:	00000000 	.word	0x00000000
10000304:	20000c2c 	.word	0x20000c2c
10000308:	100075d0 	.word	0x100075d0

1000030c <main>:
1000030c:	b510      	push	{r4, lr}
1000030e:	f006 fbbb 	bl	10006a88 <LED_8SEG_test>
10000312:	2000      	movs	r0, #0
10000314:	bd10      	pop	{r4, pc}
	...

10000318 <gpio_set_function>:
10000318:	b510      	push	{r4, lr}
1000031a:	0083      	lsls	r3, r0, #2
1000031c:	4a08      	ldr	r2, [pc, #32]	; (10000340 <gpio_set_function+0x28>)
1000031e:	4694      	mov	ip, r2
10000320:	4463      	add	r3, ip
10000322:	681c      	ldr	r4, [r3, #0]
10000324:	2240      	movs	r2, #64	; 0x40
10000326:	4062      	eors	r2, r4
10000328:	24c0      	movs	r4, #192	; 0xc0
1000032a:	4014      	ands	r4, r2
1000032c:	2280      	movs	r2, #128	; 0x80
1000032e:	0152      	lsls	r2, r2, #5
10000330:	4313      	orrs	r3, r2
10000332:	601c      	str	r4, [r3, #0]
10000334:	00c0      	lsls	r0, r0, #3
10000336:	4b03      	ldr	r3, [pc, #12]	; (10000344 <gpio_set_function+0x2c>)
10000338:	469c      	mov	ip, r3
1000033a:	4460      	add	r0, ip
1000033c:	6041      	str	r1, [r0, #4]
1000033e:	bd10      	pop	{r4, pc}
10000340:	4001c004 	.word	0x4001c004
10000344:	40014000 	.word	0x40014000

10000348 <gpio_init>:
10000348:	b510      	push	{r4, lr}
1000034a:	2301      	movs	r3, #1
1000034c:	4083      	lsls	r3, r0
1000034e:	22d0      	movs	r2, #208	; 0xd0
10000350:	0612      	lsls	r2, r2, #24
10000352:	6293      	str	r3, [r2, #40]	; 0x28
10000354:	6193      	str	r3, [r2, #24]
10000356:	2105      	movs	r1, #5
10000358:	f7ff ffde 	bl	10000318 <gpio_set_function>
1000035c:	bd10      	pop	{r4, pc}
	...

10000360 <hw_claim_lock>:
10000360:	f3ef 8010 	mrs	r0, PRIMASK
10000364:	b672      	cpsid	i
10000366:	4b03      	ldr	r3, [pc, #12]	; (10000374 <hw_claim_lock+0x14>)
10000368:	681b      	ldr	r3, [r3, #0]
1000036a:	2b00      	cmp	r3, #0
1000036c:	d0fb      	beq.n	10000366 <hw_claim_lock+0x6>
1000036e:	f3bf 8f5f 	dmb	sy
10000372:	4770      	bx	lr
10000374:	d000012c 	.word	0xd000012c

10000378 <hw_claim_unlock>:
10000378:	f3bf 8f5f 	dmb	sy
1000037c:	4b02      	ldr	r3, [pc, #8]	; (10000388 <hw_claim_unlock+0x10>)
1000037e:	2200      	movs	r2, #0
10000380:	601a      	str	r2, [r3, #0]
10000382:	f380 8810 	msr	PRIMASK, r0
10000386:	4770      	bx	lr
10000388:	d000012c 	.word	0xd000012c

1000038c <hw_claim_or_assert>:
1000038c:	b5f8      	push	{r3, r4, r5, r6, r7, lr}
1000038e:	0005      	movs	r5, r0
10000390:	000c      	movs	r4, r1
10000392:	0016      	movs	r6, r2
10000394:	f7ff ffe4 	bl	10000360 <hw_claim_lock>
10000398:	08e3      	lsrs	r3, r4, #3
1000039a:	18ef      	adds	r7, r5, r3
1000039c:	5cea      	ldrb	r2, [r5, r3]
1000039e:	2307      	movs	r3, #7
100003a0:	4023      	ands	r3, r4
100003a2:	0011      	movs	r1, r2
100003a4:	40d9      	lsrs	r1, r3
100003a6:	07c9      	lsls	r1, r1, #31
100003a8:	d406      	bmi.n	100003b8 <hw_claim_or_assert+0x2c>
100003aa:	2101      	movs	r1, #1
100003ac:	4099      	lsls	r1, r3
100003ae:	430a      	orrs	r2, r1
100003b0:	703a      	strb	r2, [r7, #0]
100003b2:	f7ff ffe1 	bl	10000378 <hw_claim_unlock>
100003b6:	bdf8      	pop	{r3, r4, r5, r6, r7, pc}
100003b8:	0021      	movs	r1, r4
100003ba:	0030      	movs	r0, r6
100003bc:	f001 fa1a 	bl	100017f4 <panic>

100003c0 <hw_claim_unused_from_range>:
100003c0:	b5f0      	push	{r4, r5, r6, r7, lr}
100003c2:	b083      	sub	sp, #12
100003c4:	0006      	movs	r6, r0
100003c6:	9101      	str	r1, [sp, #4]
100003c8:	0014      	movs	r4, r2
100003ca:	001f      	movs	r7, r3
100003cc:	f7ff ffc8 	bl	10000360 <hw_claim_lock>
100003d0:	0005      	movs	r5, r0
100003d2:	42bc      	cmp	r4, r7
100003d4:	d80f      	bhi.n	100003f6 <hw_claim_unused_from_range+0x36>
100003d6:	08e2      	lsrs	r2, r4, #3
100003d8:	18b0      	adds	r0, r6, r2
100003da:	5cb1      	ldrb	r1, [r6, r2]
100003dc:	2207      	movs	r2, #7
100003de:	4022      	ands	r2, r4
100003e0:	000b      	movs	r3, r1
100003e2:	40d3      	lsrs	r3, r2
100003e4:	07db      	lsls	r3, r3, #31
100003e6:	d501      	bpl.n	100003ec <hw_claim_unused_from_range+0x2c>
100003e8:	3401      	adds	r4, #1
100003ea:	e7f2      	b.n	100003d2 <hw_claim_unused_from_range+0x12>
100003ec:	2301      	movs	r3, #1
100003ee:	4093      	lsls	r3, r2
100003f0:	4319      	orrs	r1, r3
100003f2:	7001      	strb	r1, [r0, #0]
100003f4:	e001      	b.n	100003fa <hw_claim_unused_from_range+0x3a>
100003f6:	2401      	movs	r4, #1
100003f8:	4264      	negs	r4, r4
100003fa:	0028      	movs	r0, r5
100003fc:	f7ff ffbc 	bl	10000378 <hw_claim_unlock>
10000400:	2c00      	cmp	r4, #0
10000402:	db02      	blt.n	1000040a <hw_claim_unused_from_range+0x4a>
10000404:	0020      	movs	r0, r4
10000406:	b003      	add	sp, #12
10000408:	bdf0      	pop	{r4, r5, r6, r7, pc}
1000040a:	9b01      	ldr	r3, [sp, #4]
1000040c:	2b00      	cmp	r3, #0
1000040e:	d0f9      	beq.n	10000404 <hw_claim_unused_from_range+0x44>
10000410:	9808      	ldr	r0, [sp, #32]
10000412:	f001 f9ef 	bl	100017f4 <panic>
	...

10000418 <spin_locks_reset>:
10000418:	2300      	movs	r3, #0
1000041a:	2b1f      	cmp	r3, #31
1000041c:	d808      	bhi.n	10000430 <spin_locks_reset+0x18>
1000041e:	4a05      	ldr	r2, [pc, #20]	; (10000434 <spin_locks_reset+0x1c>)
10000420:	189a      	adds	r2, r3, r2
10000422:	0092      	lsls	r2, r2, #2
10000424:	f3bf 8f5f 	dmb	sy
10000428:	2100      	movs	r1, #0
1000042a:	6011      	str	r1, [r2, #0]
1000042c:	3301      	adds	r3, #1
1000042e:	e7f4      	b.n	1000041a <spin_locks_reset+0x2>
10000430:	4770      	bx	lr
10000432:	46c0      	nop			; (mov r8, r8)
10000434:	34000040 	.word	0x34000040

10000438 <next_striped_spin_lock_num>:
10000438:	4a05      	ldr	r2, [pc, #20]	; (10000450 <next_striped_spin_lock_num+0x18>)
1000043a:	7810      	ldrb	r0, [r2, #0]
1000043c:	1c43      	adds	r3, r0, #1
1000043e:	b2db      	uxtb	r3, r3
10000440:	7013      	strb	r3, [r2, #0]
10000442:	2b17      	cmp	r3, #23
10000444:	d902      	bls.n	1000044c <next_striped_spin_lock_num+0x14>
10000446:	0013      	movs	r3, r2
10000448:	2210      	movs	r2, #16
1000044a:	701a      	strb	r2, [r3, #0]
1000044c:	4770      	bx	lr
1000044e:	46c0      	nop			; (mov r8, r8)
10000450:	200002f0 	.word	0x200002f0

10000454 <spin_lock_claim_unused>:
10000454:	b500      	push	{lr}
10000456:	b083      	sub	sp, #12
10000458:	0001      	movs	r1, r0
1000045a:	4b04      	ldr	r3, [pc, #16]	; (1000046c <spin_lock_claim_unused+0x18>)
1000045c:	9300      	str	r3, [sp, #0]
1000045e:	231f      	movs	r3, #31
10000460:	2218      	movs	r2, #24
10000462:	4803      	ldr	r0, [pc, #12]	; (10000470 <spin_lock_claim_unused+0x1c>)
10000464:	f7ff ffac 	bl	100003c0 <hw_claim_unused_from_range>
10000468:	b003      	add	sp, #12
1000046a:	bd00      	pop	{pc}
1000046c:	100075d0 	.word	0x100075d0
10000470:	200012c8 	.word	0x200012c8

10000474 <running_on_fpga>:
10000474:	4b03      	ldr	r3, [pc, #12]	; (10000484 <running_on_fpga+0x10>)
10000476:	681b      	ldr	r3, [r3, #0]
10000478:	2002      	movs	r0, #2
1000047a:	4018      	ands	r0, r3
1000047c:	1e43      	subs	r3, r0, #1
1000047e:	4198      	sbcs	r0, r3
10000480:	b2c0      	uxtb	r0, r0
10000482:	4770      	bx	lr
10000484:	4006c000 	.word	0x4006c000

10000488 <uart_set_baudrate>:
10000488:	b570      	push	{r4, r5, r6, lr}
1000048a:	0004      	movs	r4, r0
1000048c:	000d      	movs	r5, r1
1000048e:	2006      	movs	r0, #6
10000490:	f001 face 	bl	10001a30 <clock_get_hz>
10000494:	00c0      	lsls	r0, r0, #3
10000496:	0029      	movs	r1, r5
10000498:	f002 fe68 	bl	1000316c <__wrap___aeabi_uidiv>
1000049c:	0003      	movs	r3, r0
1000049e:	09c6      	lsrs	r6, r0, #7
100004a0:	207f      	movs	r0, #127	; 0x7f
100004a2:	4018      	ands	r0, r3
100004a4:	3001      	adds	r0, #1
100004a6:	0840      	lsrs	r0, r0, #1
100004a8:	2e00      	cmp	r6, #0
100004aa:	d005      	beq.n	100004b8 <uart_set_baudrate+0x30>
100004ac:	4b0d      	ldr	r3, [pc, #52]	; (100004e4 <uart_set_baudrate+0x5c>)
100004ae:	429e      	cmp	r6, r3
100004b0:	d814      	bhi.n	100004dc <uart_set_baudrate+0x54>
100004b2:	0035      	movs	r5, r6
100004b4:	0006      	movs	r6, r0
100004b6:	e000      	b.n	100004ba <uart_set_baudrate+0x32>
100004b8:	2501      	movs	r5, #1
100004ba:	6265      	str	r5, [r4, #36]	; 0x24
100004bc:	62a6      	str	r6, [r4, #40]	; 0x28
100004be:	342c      	adds	r4, #44	; 0x2c
100004c0:	2080      	movs	r0, #128	; 0x80
100004c2:	0180      	lsls	r0, r0, #6
100004c4:	4304      	orrs	r4, r0
100004c6:	2300      	movs	r3, #0
100004c8:	6023      	str	r3, [r4, #0]
100004ca:	2006      	movs	r0, #6
100004cc:	f001 fab0 	bl	10001a30 <clock_get_hz>
100004d0:	0080      	lsls	r0, r0, #2
100004d2:	01a9      	lsls	r1, r5, #6
100004d4:	1989      	adds	r1, r1, r6
100004d6:	f002 fe49 	bl	1000316c <__wrap___aeabi_uidiv>
100004da:	bd70      	pop	{r4, r5, r6, pc}
100004dc:	2600      	movs	r6, #0
100004de:	4d02      	ldr	r5, [pc, #8]	; (100004e8 <uart_set_baudrate+0x60>)
100004e0:	e7eb      	b.n	100004ba <uart_set_baudrate+0x32>
100004e2:	46c0      	nop			; (mov r8, r8)
100004e4:	0000fffe 	.word	0x0000fffe
100004e8:	0000ffff 	.word	0x0000ffff

100004ec <uart_set_translate_crlf>:
100004ec:	2900      	cmp	r1, #0
100004ee:	d009      	beq.n	10000504 <uart_set_translate_crlf+0x18>
100004f0:	220a      	movs	r2, #10
100004f2:	4b06      	ldr	r3, [pc, #24]	; (1000050c <uart_set_translate_crlf+0x20>)
100004f4:	469c      	mov	ip, r3
100004f6:	4460      	add	r0, ip
100004f8:	4243      	negs	r3, r0
100004fa:	4158      	adcs	r0, r3
100004fc:	0040      	lsls	r0, r0, #1
100004fe:	4b04      	ldr	r3, [pc, #16]	; (10000510 <uart_set_translate_crlf+0x24>)
10000500:	52c2      	strh	r2, [r0, r3]
10000502:	4770      	bx	lr
10000504:	2280      	movs	r2, #128	; 0x80
10000506:	0052      	lsls	r2, r2, #1
10000508:	e7f3      	b.n	100004f2 <uart_set_translate_crlf+0x6>
1000050a:	46c0      	nop			; (mov r8, r8)
1000050c:	bffc8000 	.word	0xbffc8000
10000510:	200019e0 	.word	0x200019e0

10000514 <uart_init>:
10000514:	b570      	push	{r4, r5, r6, lr}
10000516:	0005      	movs	r5, r0
10000518:	000c      	movs	r4, r1
1000051a:	2006      	movs	r0, #6
1000051c:	f001 fa88 	bl	10001a30 <clock_get_hz>
10000520:	2800      	cmp	r0, #0
10000522:	d029      	beq.n	10000578 <uart_init+0x64>
10000524:	4b16      	ldr	r3, [pc, #88]	; (10000580 <uart_init+0x6c>)
10000526:	429d      	cmp	r5, r3
10000528:	d027      	beq.n	1000057a <uart_init+0x66>
1000052a:	2280      	movs	r2, #128	; 0x80
1000052c:	03d2      	lsls	r2, r2, #15
1000052e:	4b15      	ldr	r3, [pc, #84]	; (10000584 <uart_init+0x70>)
10000530:	601a      	str	r2, [r3, #0]
10000532:	4b15      	ldr	r3, [pc, #84]	; (10000588 <uart_init+0x74>)
10000534:	601a      	str	r2, [r3, #0]
10000536:	4b15      	ldr	r3, [pc, #84]	; (1000058c <uart_init+0x78>)
10000538:	689b      	ldr	r3, [r3, #8]
1000053a:	0011      	movs	r1, r2
1000053c:	4399      	bics	r1, r3
1000053e:	d1fa      	bne.n	10000536 <uart_init+0x22>
10000540:	2100      	movs	r1, #0
10000542:	0028      	movs	r0, r5
10000544:	f7ff ffd2 	bl	100004ec <uart_set_translate_crlf>
10000548:	0021      	movs	r1, r4
1000054a:	0028      	movs	r0, r5
1000054c:	f7ff ff9c 	bl	10000488 <uart_set_baudrate>
10000550:	002c      	movs	r4, r5
10000552:	342c      	adds	r4, #44	; 0x2c
10000554:	6ae9      	ldr	r1, [r5, #44]	; 0x2c
10000556:	2260      	movs	r2, #96	; 0x60
10000558:	404a      	eors	r2, r1
1000055a:	216e      	movs	r1, #110	; 0x6e
1000055c:	4011      	ands	r1, r2
1000055e:	2280      	movs	r2, #128	; 0x80
10000560:	0152      	lsls	r2, r2, #5
10000562:	4322      	orrs	r2, r4
10000564:	6011      	str	r1, [r2, #0]
10000566:	4b0a      	ldr	r3, [pc, #40]	; (10000590 <uart_init+0x7c>)
10000568:	632b      	str	r3, [r5, #48]	; 0x30
1000056a:	2380      	movs	r3, #128	; 0x80
1000056c:	019b      	lsls	r3, r3, #6
1000056e:	4323      	orrs	r3, r4
10000570:	2210      	movs	r2, #16
10000572:	601a      	str	r2, [r3, #0]
10000574:	2303      	movs	r3, #3
10000576:	64ab      	str	r3, [r5, #72]	; 0x48
10000578:	bd70      	pop	{r4, r5, r6, pc}
1000057a:	2280      	movs	r2, #128	; 0x80
1000057c:	0412      	lsls	r2, r2, #16
1000057e:	e7d6      	b.n	1000052e <uart_init+0x1a>
10000580:	40038000 	.word	0x40038000
10000584:	4000e000 	.word	0x4000e000
10000588:	4000f000 	.word	0x4000f000
1000058c:	4000c000 	.word	0x4000c000
10000590:	00000301 	.word	0x00000301

10000594 <sev_callback>:
10000594:	bf40      	sev
10000596:	2000      	movs	r0, #0
10000598:	2100      	movs	r1, #0
1000059a:	4770      	bx	lr

1000059c <timer_pool_entry_comparator>:
1000059c:	b510      	push	{r4, lr}
1000059e:	2900      	cmp	r1, #0
100005a0:	d022      	beq.n	100005e8 <timer_pool_entry_comparator+0x4c>
100005a2:	6803      	ldr	r3, [r0, #0]
100005a4:	7b1b      	ldrb	r3, [r3, #12]
100005a6:	4299      	cmp	r1, r3
100005a8:	d81e      	bhi.n	100005e8 <timer_pool_entry_comparator+0x4c>
100005aa:	4b17      	ldr	r3, [pc, #92]	; (10000608 <timer_pool_entry_comparator+0x6c>)
100005ac:	469c      	mov	ip, r3
100005ae:	4461      	add	r1, ip
100005b0:	0109      	lsls	r1, r1, #4
100005b2:	6883      	ldr	r3, [r0, #8]
100005b4:	469c      	mov	ip, r3
100005b6:	4461      	add	r1, ip
100005b8:	680c      	ldr	r4, [r1, #0]
100005ba:	6849      	ldr	r1, [r1, #4]
100005bc:	2a00      	cmp	r2, #0
100005be:	d019      	beq.n	100005f4 <timer_pool_entry_comparator+0x58>
100005c0:	6803      	ldr	r3, [r0, #0]
100005c2:	7b1b      	ldrb	r3, [r3, #12]
100005c4:	429a      	cmp	r2, r3
100005c6:	d815      	bhi.n	100005f4 <timer_pool_entry_comparator+0x58>
100005c8:	6883      	ldr	r3, [r0, #8]
100005ca:	480f      	ldr	r0, [pc, #60]	; (10000608 <timer_pool_entry_comparator+0x6c>)
100005cc:	4684      	mov	ip, r0
100005ce:	4462      	add	r2, ip
100005d0:	0112      	lsls	r2, r2, #4
100005d2:	189a      	adds	r2, r3, r2
100005d4:	6810      	ldr	r0, [r2, #0]
100005d6:	6853      	ldr	r3, [r2, #4]
100005d8:	0002      	movs	r2, r0
100005da:	2001      	movs	r0, #1
100005dc:	428b      	cmp	r3, r1
100005de:	d801      	bhi.n	100005e4 <timer_pool_entry_comparator+0x48>
100005e0:	d00e      	beq.n	10000600 <timer_pool_entry_comparator+0x64>
100005e2:	2000      	movs	r0, #0
100005e4:	b2c0      	uxtb	r0, r0
100005e6:	bd10      	pop	{r4, pc}
100005e8:	4b08      	ldr	r3, [pc, #32]	; (1000060c <timer_pool_entry_comparator+0x70>)
100005ea:	4a09      	ldr	r2, [pc, #36]	; (10000610 <timer_pool_entry_comparator+0x74>)
100005ec:	213b      	movs	r1, #59	; 0x3b
100005ee:	4809      	ldr	r0, [pc, #36]	; (10000614 <timer_pool_entry_comparator+0x78>)
100005f0:	f001 f8e2 	bl	100017b8 <__assert_func>
100005f4:	4b05      	ldr	r3, [pc, #20]	; (1000060c <timer_pool_entry_comparator+0x70>)
100005f6:	4a06      	ldr	r2, [pc, #24]	; (10000610 <timer_pool_entry_comparator+0x74>)
100005f8:	213b      	movs	r1, #59	; 0x3b
100005fa:	4806      	ldr	r0, [pc, #24]	; (10000614 <timer_pool_entry_comparator+0x78>)
100005fc:	f001 f8dc 	bl	100017b8 <__assert_func>
10000600:	42a2      	cmp	r2, r4
10000602:	d8ef      	bhi.n	100005e4 <timer_pool_entry_comparator+0x48>
10000604:	e7ed      	b.n	100005e2 <timer_pool_entry_comparator+0x46>
10000606:	46c0      	nop			; (mov r8, r8)
10000608:	0fffffff 	.word	0x0fffffff
1000060c:	100075ec 	.word	0x100075ec
10000610:	10007818 	.word	0x10007818
10000614:	10007610 	.word	0x10007610

10000618 <ph_add_child_node>:
10000618:	b510      	push	{r4, lr}
1000061a:	2900      	cmp	r1, #0
1000061c:	d01e      	beq.n	1000065c <ph_add_child_node+0x44>
1000061e:	7b03      	ldrb	r3, [r0, #12]
10000620:	4299      	cmp	r1, r3
10000622:	d81b      	bhi.n	1000065c <ph_add_child_node+0x44>
10000624:	004b      	lsls	r3, r1, #1
10000626:	185b      	adds	r3, r3, r1
10000628:	3b03      	subs	r3, #3
1000062a:	6804      	ldr	r4, [r0, #0]
1000062c:	46a4      	mov	ip, r4
1000062e:	4463      	add	r3, ip
10000630:	2900      	cmp	r1, #0
10000632:	d019      	beq.n	10000668 <ph_add_child_node+0x50>
10000634:	2a00      	cmp	r2, #0
10000636:	d01d      	beq.n	10000674 <ph_add_child_node+0x5c>
10000638:	4291      	cmp	r1, r2
1000063a:	d021      	beq.n	10000680 <ph_add_child_node+0x68>
1000063c:	2a00      	cmp	r2, #0
1000063e:	d025      	beq.n	1000068c <ph_add_child_node+0x74>
10000640:	7b04      	ldrb	r4, [r0, #12]
10000642:	42a2      	cmp	r2, r4
10000644:	d822      	bhi.n	1000068c <ph_add_child_node+0x74>
10000646:	6804      	ldr	r4, [r0, #0]
10000648:	0050      	lsls	r0, r2, #1
1000064a:	1880      	adds	r0, r0, r2
1000064c:	3803      	subs	r0, #3
1000064e:	1820      	adds	r0, r4, r0
10000650:	7081      	strb	r1, [r0, #2]
10000652:	7819      	ldrb	r1, [r3, #0]
10000654:	2900      	cmp	r1, #0
10000656:	d11f      	bne.n	10000698 <ph_add_child_node+0x80>
10000658:	701a      	strb	r2, [r3, #0]
1000065a:	bd10      	pop	{r4, pc}
1000065c:	4b10      	ldr	r3, [pc, #64]	; (100006a0 <ph_add_child_node+0x88>)
1000065e:	4a11      	ldr	r2, [pc, #68]	; (100006a4 <ph_add_child_node+0x8c>)
10000660:	214d      	movs	r1, #77	; 0x4d
10000662:	4811      	ldr	r0, [pc, #68]	; (100006a8 <ph_add_child_node+0x90>)
10000664:	f001 f8a8 	bl	100017b8 <__assert_func>
10000668:	4b10      	ldr	r3, [pc, #64]	; (100006ac <ph_add_child_node+0x94>)
1000066a:	4a11      	ldr	r2, [pc, #68]	; (100006b0 <ph_add_child_node+0x98>)
1000066c:	3153      	adds	r1, #83	; 0x53
1000066e:	480e      	ldr	r0, [pc, #56]	; (100006a8 <ph_add_child_node+0x90>)
10000670:	f001 f8a2 	bl	100017b8 <__assert_func>
10000674:	4b0f      	ldr	r3, [pc, #60]	; (100006b4 <ph_add_child_node+0x9c>)
10000676:	4a0e      	ldr	r2, [pc, #56]	; (100006b0 <ph_add_child_node+0x98>)
10000678:	2154      	movs	r1, #84	; 0x54
1000067a:	480b      	ldr	r0, [pc, #44]	; (100006a8 <ph_add_child_node+0x90>)
1000067c:	f001 f89c 	bl	100017b8 <__assert_func>
10000680:	4b0d      	ldr	r3, [pc, #52]	; (100006b8 <ph_add_child_node+0xa0>)
10000682:	4a0b      	ldr	r2, [pc, #44]	; (100006b0 <ph_add_child_node+0x98>)
10000684:	2155      	movs	r1, #85	; 0x55
10000686:	4808      	ldr	r0, [pc, #32]	; (100006a8 <ph_add_child_node+0x90>)
10000688:	f001 f896 	bl	100017b8 <__assert_func>
1000068c:	4b04      	ldr	r3, [pc, #16]	; (100006a0 <ph_add_child_node+0x88>)
1000068e:	4a05      	ldr	r2, [pc, #20]	; (100006a4 <ph_add_child_node+0x8c>)
10000690:	214d      	movs	r1, #77	; 0x4d
10000692:	4805      	ldr	r0, [pc, #20]	; (100006a8 <ph_add_child_node+0x90>)
10000694:	f001 f890 	bl	100017b8 <__assert_func>
10000698:	7041      	strb	r1, [r0, #1]
1000069a:	701a      	strb	r2, [r3, #0]
1000069c:	e7dd      	b.n	1000065a <ph_add_child_node+0x42>
1000069e:	46c0      	nop			; (mov r8, r8)
100006a0:	10007650 	.word	0x10007650
100006a4:	100077c0 	.word	0x100077c0
100006a8:	1000766c 	.word	0x1000766c
100006ac:	100076ac 	.word	0x100076ac
100006b0:	100077cc 	.word	0x100077cc
100006b4:	100076b8 	.word	0x100076b8
100006b8:	100076c4 	.word	0x100076c4

100006bc <ph_merge_nodes>:
100006bc:	b570      	push	{r4, r5, r6, lr}
100006be:	0006      	movs	r6, r0
100006c0:	000d      	movs	r5, r1
100006c2:	0014      	movs	r4, r2
100006c4:	2900      	cmp	r1, #0
100006c6:	d014      	beq.n	100006f2 <ph_merge_nodes+0x36>
100006c8:	2a00      	cmp	r2, #0
100006ca:	d014      	beq.n	100006f6 <ph_merge_nodes+0x3a>
100006cc:	6880      	ldr	r0, [r0, #8]
100006ce:	6873      	ldr	r3, [r6, #4]
100006d0:	4798      	blx	r3
100006d2:	2800      	cmp	r0, #0
100006d4:	d006      	beq.n	100006e4 <ph_merge_nodes+0x28>
100006d6:	0022      	movs	r2, r4
100006d8:	0029      	movs	r1, r5
100006da:	0030      	movs	r0, r6
100006dc:	f7ff ff9c 	bl	10000618 <ph_add_child_node>
100006e0:	0028      	movs	r0, r5
100006e2:	e007      	b.n	100006f4 <ph_merge_nodes+0x38>
100006e4:	002a      	movs	r2, r5
100006e6:	0021      	movs	r1, r4
100006e8:	0030      	movs	r0, r6
100006ea:	f7ff ff95 	bl	10000618 <ph_add_child_node>
100006ee:	0020      	movs	r0, r4
100006f0:	e000      	b.n	100006f4 <ph_merge_nodes+0x38>
100006f2:	0010      	movs	r0, r2
100006f4:	bd70      	pop	{r4, r5, r6, pc}
100006f6:	0008      	movs	r0, r1
100006f8:	e7fc      	b.n	100006f4 <ph_merge_nodes+0x38>
	...

100006fc <add_alarm_under_lock>:
100006fc:	b5f0      	push	{r4, r5, r6, r7, lr}
100006fe:	46ce      	mov	lr, r9
10000700:	b500      	push	{lr}
10000702:	b082      	sub	sp, #8
10000704:	0005      	movs	r5, r0
10000706:	9200      	str	r2, [sp, #0]
10000708:	9301      	str	r3, [sp, #4]
1000070a:	9c0a      	ldr	r4, [sp, #40]	; 0x28
1000070c:	ab0b      	add	r3, sp, #44	; 0x2c
1000070e:	781b      	ldrb	r3, [r3, #0]
10000710:	4699      	mov	r9, r3
10000712:	2c00      	cmp	r4, #0
10000714:	d029      	beq.n	1000076a <add_alarm_under_lock+0x6e>
10000716:	6802      	ldr	r2, [r0, #0]
10000718:	b2e3      	uxtb	r3, r4
1000071a:	7b51      	ldrb	r1, [r2, #13]
1000071c:	428b      	cmp	r3, r1
1000071e:	d109      	bne.n	10000734 <add_alarm_under_lock+0x38>
10000720:	2301      	movs	r3, #1
10000722:	2b00      	cmp	r3, #0
10000724:	d11b      	bne.n	1000075e <add_alarm_under_lock+0x62>
10000726:	2c00      	cmp	r4, #0
10000728:	d139      	bne.n	1000079e <add_alarm_under_lock+0xa2>
1000072a:	0020      	movs	r0, r4
1000072c:	b002      	add	sp, #8
1000072e:	bc04      	pop	{r2}
10000730:	4691      	mov	r9, r2
10000732:	bdf0      	pop	{r4, r5, r6, r7, pc}
10000734:	2b00      	cmp	r3, #0
10000736:	d00c      	beq.n	10000752 <add_alarm_under_lock+0x56>
10000738:	7b11      	ldrb	r1, [r2, #12]
1000073a:	428b      	cmp	r3, r1
1000073c:	d809      	bhi.n	10000752 <add_alarm_under_lock+0x56>
1000073e:	6811      	ldr	r1, [r2, #0]
10000740:	005a      	lsls	r2, r3, #1
10000742:	18d3      	adds	r3, r2, r3
10000744:	3b03      	subs	r3, #3
10000746:	18cb      	adds	r3, r1, r3
10000748:	789b      	ldrb	r3, [r3, #2]
1000074a:	2b00      	cmp	r3, #0
1000074c:	d0e9      	beq.n	10000722 <add_alarm_under_lock+0x26>
1000074e:	2301      	movs	r3, #1
10000750:	e7e7      	b.n	10000722 <add_alarm_under_lock+0x26>
10000752:	4b3d      	ldr	r3, [pc, #244]	; (10000848 <add_alarm_under_lock+0x14c>)
10000754:	4a3d      	ldr	r2, [pc, #244]	; (1000084c <add_alarm_under_lock+0x150>)
10000756:	214d      	movs	r1, #77	; 0x4d
10000758:	483d      	ldr	r0, [pc, #244]	; (10000850 <add_alarm_under_lock+0x154>)
1000075a:	f001 f82d 	bl	100017b8 <__assert_func>
1000075e:	4b3d      	ldr	r3, [pc, #244]	; (10000854 <add_alarm_under_lock+0x158>)
10000760:	4a3d      	ldr	r2, [pc, #244]	; (10000858 <add_alarm_under_lock+0x15c>)
10000762:	2151      	movs	r1, #81	; 0x51
10000764:	483d      	ldr	r0, [pc, #244]	; (1000085c <add_alarm_under_lock+0x160>)
10000766:	f001 f827 	bl	100017b8 <__assert_func>
1000076a:	6803      	ldr	r3, [r0, #0]
1000076c:	7b9c      	ldrb	r4, [r3, #14]
1000076e:	2c00      	cmp	r4, #0
10000770:	d0d9      	beq.n	10000726 <add_alarm_under_lock+0x2a>
10000772:	d00e      	beq.n	10000792 <add_alarm_under_lock+0x96>
10000774:	7b1a      	ldrb	r2, [r3, #12]
10000776:	4294      	cmp	r4, r2
10000778:	d80b      	bhi.n	10000792 <add_alarm_under_lock+0x96>
1000077a:	0062      	lsls	r2, r4, #1
1000077c:	1912      	adds	r2, r2, r4
1000077e:	3a03      	subs	r2, #3
10000780:	6819      	ldr	r1, [r3, #0]
10000782:	468c      	mov	ip, r1
10000784:	4462      	add	r2, ip
10000786:	7852      	ldrb	r2, [r2, #1]
10000788:	739a      	strb	r2, [r3, #14]
1000078a:	2a00      	cmp	r2, #0
1000078c:	d1cb      	bne.n	10000726 <add_alarm_under_lock+0x2a>
1000078e:	73da      	strb	r2, [r3, #15]
10000790:	e7c9      	b.n	10000726 <add_alarm_under_lock+0x2a>
10000792:	4b2d      	ldr	r3, [pc, #180]	; (10000848 <add_alarm_under_lock+0x14c>)
10000794:	4a2d      	ldr	r2, [pc, #180]	; (1000084c <add_alarm_under_lock+0x150>)
10000796:	214d      	movs	r1, #77	; 0x4d
10000798:	482d      	ldr	r0, [pc, #180]	; (10000850 <add_alarm_under_lock+0x154>)
1000079a:	f001 f80d 	bl	100017b8 <__assert_func>
1000079e:	b2e7      	uxtb	r7, r4
100007a0:	2f00      	cmp	r7, #0
100007a2:	d03a      	beq.n	1000081a <add_alarm_under_lock+0x11e>
100007a4:	682b      	ldr	r3, [r5, #0]
100007a6:	7b1b      	ldrb	r3, [r3, #12]
100007a8:	429f      	cmp	r7, r3
100007aa:	d836      	bhi.n	1000081a <add_alarm_under_lock+0x11e>
100007ac:	4b2c      	ldr	r3, [pc, #176]	; (10000860 <add_alarm_under_lock+0x164>)
100007ae:	18fb      	adds	r3, r7, r3
100007b0:	011b      	lsls	r3, r3, #4
100007b2:	68aa      	ldr	r2, [r5, #8]
100007b4:	4694      	mov	ip, r2
100007b6:	4463      	add	r3, ip
100007b8:	9a00      	ldr	r2, [sp, #0]
100007ba:	601a      	str	r2, [r3, #0]
100007bc:	9a01      	ldr	r2, [sp, #4]
100007be:	605a      	str	r2, [r3, #4]
100007c0:	9a08      	ldr	r2, [sp, #32]
100007c2:	609a      	str	r2, [r3, #8]
100007c4:	9a09      	ldr	r2, [sp, #36]	; 0x24
100007c6:	60da      	str	r2, [r3, #12]
100007c8:	682e      	ldr	r6, [r5, #0]
100007ca:	2f00      	cmp	r7, #0
100007cc:	d02b      	beq.n	10000826 <add_alarm_under_lock+0x12a>
100007ce:	d030      	beq.n	10000832 <add_alarm_under_lock+0x136>
100007d0:	7b33      	ldrb	r3, [r6, #12]
100007d2:	429f      	cmp	r7, r3
100007d4:	d82d      	bhi.n	10000832 <add_alarm_under_lock+0x136>
100007d6:	007b      	lsls	r3, r7, #1
100007d8:	19db      	adds	r3, r3, r7
100007da:	3b03      	subs	r3, #3
100007dc:	6832      	ldr	r2, [r6, #0]
100007de:	4694      	mov	ip, r2
100007e0:	4463      	add	r3, ip
100007e2:	2200      	movs	r2, #0
100007e4:	709a      	strb	r2, [r3, #2]
100007e6:	705a      	strb	r2, [r3, #1]
100007e8:	701a      	strb	r2, [r3, #0]
100007ea:	7b71      	ldrb	r1, [r6, #13]
100007ec:	003a      	movs	r2, r7
100007ee:	0030      	movs	r0, r6
100007f0:	f7ff ff64 	bl	100006bc <ph_merge_nodes>
100007f4:	7370      	strb	r0, [r6, #13]
100007f6:	42a0      	cmp	r0, r4
100007f8:	d197      	bne.n	1000072a <add_alarm_under_lock+0x2e>
100007fa:	7d28      	ldrb	r0, [r5, #20]
100007fc:	9a00      	ldr	r2, [sp, #0]
100007fe:	9b01      	ldr	r3, [sp, #4]
10000800:	f000 fc74 	bl	100010ec <hardware_alarm_set_target>
10000804:	1e06      	subs	r6, r0, #0
10000806:	d002      	beq.n	1000080e <add_alarm_under_lock+0x112>
10000808:	464b      	mov	r3, r9
1000080a:	2b00      	cmp	r3, #0
1000080c:	d017      	beq.n	1000083e <add_alarm_under_lock+0x142>
1000080e:	9b0c      	ldr	r3, [sp, #48]	; 0x30
10000810:	2b00      	cmp	r3, #0
10000812:	d100      	bne.n	10000816 <add_alarm_under_lock+0x11a>
10000814:	e789      	b.n	1000072a <add_alarm_under_lock+0x2e>
10000816:	701e      	strb	r6, [r3, #0]
10000818:	e787      	b.n	1000072a <add_alarm_under_lock+0x2e>
1000081a:	4b12      	ldr	r3, [pc, #72]	; (10000864 <add_alarm_under_lock+0x168>)
1000081c:	4a12      	ldr	r2, [pc, #72]	; (10000868 <add_alarm_under_lock+0x16c>)
1000081e:	213b      	movs	r1, #59	; 0x3b
10000820:	480e      	ldr	r0, [pc, #56]	; (1000085c <add_alarm_under_lock+0x160>)
10000822:	f000 ffc9 	bl	100017b8 <__assert_func>
10000826:	4b11      	ldr	r3, [pc, #68]	; (1000086c <add_alarm_under_lock+0x170>)
10000828:	4a11      	ldr	r2, [pc, #68]	; (10000870 <add_alarm_under_lock+0x174>)
1000082a:	2177      	movs	r1, #119	; 0x77
1000082c:	4808      	ldr	r0, [pc, #32]	; (10000850 <add_alarm_under_lock+0x154>)
1000082e:	f000 ffc3 	bl	100017b8 <__assert_func>
10000832:	4b05      	ldr	r3, [pc, #20]	; (10000848 <add_alarm_under_lock+0x14c>)
10000834:	4a05      	ldr	r2, [pc, #20]	; (1000084c <add_alarm_under_lock+0x150>)
10000836:	214d      	movs	r1, #77	; 0x4d
10000838:	4805      	ldr	r0, [pc, #20]	; (10000850 <add_alarm_under_lock+0x154>)
1000083a:	f000 ffbd 	bl	100017b8 <__assert_func>
1000083e:	6828      	ldr	r0, [r5, #0]
10000840:	0039      	movs	r1, r7
10000842:	f000 feb5 	bl	100015b0 <ph_delete>
10000846:	e7e2      	b.n	1000080e <add_alarm_under_lock+0x112>
10000848:	10007650 	.word	0x10007650
1000084c:	100077c0 	.word	0x100077c0
10000850:	1000766c 	.word	0x1000766c
10000854:	100076dc 	.word	0x100076dc
10000858:	10007838 	.word	0x10007838
1000085c:	10007610 	.word	0x10007610
10000860:	0fffffff 	.word	0x0fffffff
10000864:	100075ec 	.word	0x100075ec
10000868:	10007818 	.word	0x10007818
1000086c:	10007700 	.word	0x10007700
10000870:	100077e0 	.word	0x100077e0

10000874 <alarm_pool_alarm_callback>:
10000874:	b5f0      	push	{r4, r5, r6, r7, lr}
10000876:	46de      	mov	lr, fp
10000878:	4657      	mov	r7, sl
1000087a:	464e      	mov	r6, r9
1000087c:	4645      	mov	r5, r8
1000087e:	b5e0      	push	{r5, r6, r7, lr}
10000880:	b08b      	sub	sp, #44	; 0x2c
10000882:	4683      	mov	fp, r0
10000884:	2300      	movs	r3, #0
10000886:	469a      	mov	sl, r3
10000888:	0082      	lsls	r2, r0, #2
1000088a:	4ba5      	ldr	r3, [pc, #660]	; (10000b20 <alarm_pool_alarm_callback+0x2ac>)
1000088c:	58d6      	ldr	r6, [r2, r3]
1000088e:	e049      	b.n	10000924 <alarm_pool_alarm_callback+0xb0>
10000890:	4ba4      	ldr	r3, [pc, #656]	; (10000b24 <alarm_pool_alarm_callback+0x2b0>)
10000892:	4aa5      	ldr	r2, [pc, #660]	; (10000b28 <alarm_pool_alarm_callback+0x2b4>)
10000894:	213b      	movs	r1, #59	; 0x3b
10000896:	48a5      	ldr	r0, [pc, #660]	; (10000b2c <alarm_pool_alarm_callback+0x2b8>)
10000898:	f000 ff8e 	bl	100017b8 <__assert_func>
1000089c:	2900      	cmp	r1, #0
1000089e:	d101      	bne.n	100008a4 <alarm_pool_alarm_callback+0x30>
100008a0:	2800      	cmp	r0, #0
100008a2:	d164      	bne.n	1000096e <alarm_pool_alarm_callback+0xfa>
100008a4:	2101      	movs	r1, #1
100008a6:	0028      	movs	r0, r5
100008a8:	f000 fe78 	bl	1000159c <ph_remove_head_reserve>
100008ac:	42a0      	cmp	r0, r4
100008ae:	d117      	bne.n	100008e0 <alarm_pool_alarm_callback+0x6c>
100008b0:	683a      	ldr	r2, [r7, #0]
100008b2:	687b      	ldr	r3, [r7, #4]
100008b4:	9208      	str	r2, [sp, #32]
100008b6:	9309      	str	r3, [sp, #36]	; 0x24
100008b8:	68bd      	ldr	r5, [r7, #8]
100008ba:	68fb      	ldr	r3, [r7, #12]
100008bc:	4698      	mov	r8, r3
100008be:	2d00      	cmp	r5, #0
100008c0:	d014      	beq.n	100008ec <alarm_pool_alarm_callback+0x78>
100008c2:	2c00      	cmp	r4, #0
100008c4:	d018      	beq.n	100008f8 <alarm_pool_alarm_callback+0x84>
100008c6:	6833      	ldr	r3, [r6, #0]
100008c8:	7b1b      	ldrb	r3, [r3, #12]
100008ca:	429c      	cmp	r4, r3
100008cc:	d814      	bhi.n	100008f8 <alarm_pool_alarm_callback+0x84>
100008ce:	1e63      	subs	r3, r4, #1
100008d0:	68f2      	ldr	r2, [r6, #12]
100008d2:	5cd3      	ldrb	r3, [r2, r3]
100008d4:	469a      	mov	sl, r3
100008d6:	021b      	lsls	r3, r3, #8
100008d8:	4318      	orrs	r0, r3
100008da:	6130      	str	r0, [r6, #16]
100008dc:	2000      	movs	r0, #0
100008de:	e015      	b.n	1000090c <alarm_pool_alarm_callback+0x98>
100008e0:	4b93      	ldr	r3, [pc, #588]	; (10000b30 <alarm_pool_alarm_callback+0x2bc>)
100008e2:	4a94      	ldr	r2, [pc, #592]	; (10000b34 <alarm_pool_alarm_callback+0x2c0>)
100008e4:	2178      	movs	r1, #120	; 0x78
100008e6:	4891      	ldr	r0, [pc, #580]	; (10000b2c <alarm_pool_alarm_callback+0x2b8>)
100008e8:	f000 ff66 	bl	100017b8 <__assert_func>
100008ec:	4b92      	ldr	r3, [pc, #584]	; (10000b38 <alarm_pool_alarm_callback+0x2c4>)
100008ee:	4a91      	ldr	r2, [pc, #580]	; (10000b34 <alarm_pool_alarm_callback+0x2c0>)
100008f0:	217c      	movs	r1, #124	; 0x7c
100008f2:	488e      	ldr	r0, [pc, #568]	; (10000b2c <alarm_pool_alarm_callback+0x2b8>)
100008f4:	f000 ff60 	bl	100017b8 <__assert_func>
100008f8:	4b8a      	ldr	r3, [pc, #552]	; (10000b24 <alarm_pool_alarm_callback+0x2b0>)
100008fa:	4a90      	ldr	r2, [pc, #576]	; (10000b3c <alarm_pool_alarm_callback+0x2c8>)
100008fc:	2140      	movs	r1, #64	; 0x40
100008fe:	488b      	ldr	r0, [pc, #556]	; (10000b2c <alarm_pool_alarm_callback+0x2b8>)
10000900:	f000 ff5a 	bl	100017b8 <__assert_func>
10000904:	2300      	movs	r3, #0
10000906:	4698      	mov	r8, r3
10000908:	2500      	movs	r5, #0
1000090a:	2000      	movs	r0, #0
1000090c:	6873      	ldr	r3, [r6, #4]
1000090e:	f3bf 8f5f 	dmb	sy
10000912:	2200      	movs	r2, #0
10000914:	601a      	str	r2, [r3, #0]
10000916:	f389 8810 	msr	PRIMASK, r9
1000091a:	2d00      	cmp	r5, #0
1000091c:	d130      	bne.n	10000980 <alarm_pool_alarm_callback+0x10c>
1000091e:	2800      	cmp	r0, #0
10000920:	d100      	bne.n	10000924 <alarm_pool_alarm_callback+0xb0>
10000922:	e0f5      	b.n	10000b10 <alarm_pool_alarm_callback+0x29c>
10000924:	f000 fb7c 	bl	10001020 <time_us_64>
10000928:	0002      	movs	r2, r0
1000092a:	000b      	movs	r3, r1
1000092c:	2000      	movs	r0, #0
1000092e:	2100      	movs	r1, #0
10000930:	9008      	str	r0, [sp, #32]
10000932:	9109      	str	r1, [sp, #36]	; 0x24
10000934:	6870      	ldr	r0, [r6, #4]
10000936:	f3ef 8910 	mrs	r9, PRIMASK
1000093a:	b672      	cpsid	i
1000093c:	6801      	ldr	r1, [r0, #0]
1000093e:	2900      	cmp	r1, #0
10000940:	d0fc      	beq.n	1000093c <alarm_pool_alarm_callback+0xc8>
10000942:	f3bf 8f5f 	dmb	sy
10000946:	6835      	ldr	r5, [r6, #0]
10000948:	7b6c      	ldrb	r4, [r5, #13]
1000094a:	2c00      	cmp	r4, #0
1000094c:	d0da      	beq.n	10000904 <alarm_pool_alarm_callback+0x90>
1000094e:	d09f      	beq.n	10000890 <alarm_pool_alarm_callback+0x1c>
10000950:	7b29      	ldrb	r1, [r5, #12]
10000952:	428c      	cmp	r4, r1
10000954:	d89c      	bhi.n	10000890 <alarm_pool_alarm_callback+0x1c>
10000956:	497a      	ldr	r1, [pc, #488]	; (10000b40 <alarm_pool_alarm_callback+0x2cc>)
10000958:	1867      	adds	r7, r4, r1
1000095a:	013f      	lsls	r7, r7, #4
1000095c:	68b1      	ldr	r1, [r6, #8]
1000095e:	468c      	mov	ip, r1
10000960:	4467      	add	r7, ip
10000962:	6838      	ldr	r0, [r7, #0]
10000964:	6879      	ldr	r1, [r7, #4]
10000966:	1a80      	subs	r0, r0, r2
10000968:	4199      	sbcs	r1, r3
1000096a:	2900      	cmp	r1, #0
1000096c:	dd96      	ble.n	1000089c <alarm_pool_alarm_callback+0x28>
1000096e:	683a      	ldr	r2, [r7, #0]
10000970:	687b      	ldr	r3, [r7, #4]
10000972:	4658      	mov	r0, fp
10000974:	f000 fbba 	bl	100010ec <hardware_alarm_set_target>
10000978:	2300      	movs	r3, #0
1000097a:	4698      	mov	r8, r3
1000097c:	2500      	movs	r5, #0
1000097e:	e7c5      	b.n	1000090c <alarm_pool_alarm_callback+0x98>
10000980:	4653      	mov	r3, sl
10000982:	021b      	lsls	r3, r3, #8
10000984:	4323      	orrs	r3, r4
10000986:	4699      	mov	r9, r3
10000988:	4641      	mov	r1, r8
1000098a:	0018      	movs	r0, r3
1000098c:	47a8      	blx	r5
1000098e:	9006      	str	r0, [sp, #24]
10000990:	9107      	str	r1, [sp, #28]
10000992:	6872      	ldr	r2, [r6, #4]
10000994:	f3ef 8710 	mrs	r7, PRIMASK
10000998:	b672      	cpsid	i
1000099a:	6813      	ldr	r3, [r2, #0]
1000099c:	4259      	negs	r1, r3
1000099e:	414b      	adcs	r3, r1
100009a0:	b2d9      	uxtb	r1, r3
100009a2:	2b00      	cmp	r3, #0
100009a4:	d1f9      	bne.n	1000099a <alarm_pool_alarm_callback+0x126>
100009a6:	f3bf 8f5f 	dmb	sy
100009aa:	9b07      	ldr	r3, [sp, #28]
100009ac:	2b00      	cmp	r3, #0
100009ae:	db25      	blt.n	100009fc <alarm_pool_alarm_callback+0x188>
100009b0:	9b07      	ldr	r3, [sp, #28]
100009b2:	2b00      	cmp	r3, #0
100009b4:	dd4a      	ble.n	10000a4c <alarm_pool_alarm_callback+0x1d8>
100009b6:	6933      	ldr	r3, [r6, #16]
100009b8:	2b00      	cmp	r3, #0
100009ba:	d04d      	beq.n	10000a58 <alarm_pool_alarm_callback+0x1e4>
100009bc:	454b      	cmp	r3, r9
100009be:	d16c      	bne.n	10000a9a <alarm_pool_alarm_callback+0x226>
100009c0:	f000 fb2e 	bl	10001020 <time_us_64>
100009c4:	0002      	movs	r2, r0
100009c6:	000b      	movs	r3, r1
100009c8:	9806      	ldr	r0, [sp, #24]
100009ca:	9907      	ldr	r1, [sp, #28]
100009cc:	1880      	adds	r0, r0, r2
100009ce:	4159      	adcs	r1, r3
100009d0:	428b      	cmp	r3, r1
100009d2:	d802      	bhi.n	100009da <alarm_pool_alarm_callback+0x166>
100009d4:	d104      	bne.n	100009e0 <alarm_pool_alarm_callback+0x16c>
100009d6:	4282      	cmp	r2, r0
100009d8:	d902      	bls.n	100009e0 <alarm_pool_alarm_callback+0x16c>
100009da:	2001      	movs	r0, #1
100009dc:	4240      	negs	r0, r0
100009de:	17c1      	asrs	r1, r0, #31
100009e0:	2300      	movs	r3, #0
100009e2:	9304      	str	r3, [sp, #16]
100009e4:	3301      	adds	r3, #1
100009e6:	9303      	str	r3, [sp, #12]
100009e8:	9402      	str	r4, [sp, #8]
100009ea:	4643      	mov	r3, r8
100009ec:	9301      	str	r3, [sp, #4]
100009ee:	9500      	str	r5, [sp, #0]
100009f0:	0002      	movs	r2, r0
100009f2:	000b      	movs	r3, r1
100009f4:	0030      	movs	r0, r6
100009f6:	f7ff fe81 	bl	100006fc <add_alarm_under_lock>
100009fa:	e045      	b.n	10000a88 <alarm_pool_alarm_callback+0x214>
100009fc:	6933      	ldr	r3, [r6, #16]
100009fe:	2b00      	cmp	r3, #0
10000a00:	d0d6      	beq.n	100009b0 <alarm_pool_alarm_callback+0x13c>
10000a02:	454b      	cmp	r3, r9
10000a04:	d11c      	bne.n	10000a40 <alarm_pool_alarm_callback+0x1cc>
10000a06:	9a08      	ldr	r2, [sp, #32]
10000a08:	9b09      	ldr	r3, [sp, #36]	; 0x24
10000a0a:	9208      	str	r2, [sp, #32]
10000a0c:	469c      	mov	ip, r3
10000a0e:	9806      	ldr	r0, [sp, #24]
10000a10:	9907      	ldr	r1, [sp, #28]
10000a12:	1a12      	subs	r2, r2, r0
10000a14:	418b      	sbcs	r3, r1
10000a16:	459c      	cmp	ip, r3
10000a18:	d803      	bhi.n	10000a22 <alarm_pool_alarm_callback+0x1ae>
10000a1a:	d105      	bne.n	10000a28 <alarm_pool_alarm_callback+0x1b4>
10000a1c:	9908      	ldr	r1, [sp, #32]
10000a1e:	4291      	cmp	r1, r2
10000a20:	d902      	bls.n	10000a28 <alarm_pool_alarm_callback+0x1b4>
10000a22:	2201      	movs	r2, #1
10000a24:	4252      	negs	r2, r2
10000a26:	17d3      	asrs	r3, r2, #31
10000a28:	2100      	movs	r1, #0
10000a2a:	9104      	str	r1, [sp, #16]
10000a2c:	3101      	adds	r1, #1
10000a2e:	9103      	str	r1, [sp, #12]
10000a30:	9402      	str	r4, [sp, #8]
10000a32:	4641      	mov	r1, r8
10000a34:	9101      	str	r1, [sp, #4]
10000a36:	9500      	str	r5, [sp, #0]
10000a38:	0030      	movs	r0, r6
10000a3a:	f7ff fe5f 	bl	100006fc <add_alarm_under_lock>
10000a3e:	e023      	b.n	10000a88 <alarm_pool_alarm_callback+0x214>
10000a40:	4b40      	ldr	r3, [pc, #256]	; (10000b44 <alarm_pool_alarm_callback+0x2d0>)
10000a42:	4a3c      	ldr	r2, [pc, #240]	; (10000b34 <alarm_pool_alarm_callback+0x2c0>)
10000a44:	218b      	movs	r1, #139	; 0x8b
10000a46:	4839      	ldr	r0, [pc, #228]	; (10000b2c <alarm_pool_alarm_callback+0x2b8>)
10000a48:	f000 feb6 	bl	100017b8 <__assert_func>
10000a4c:	9a06      	ldr	r2, [sp, #24]
10000a4e:	9b07      	ldr	r3, [sp, #28]
10000a50:	2b00      	cmp	r3, #0
10000a52:	d101      	bne.n	10000a58 <alarm_pool_alarm_callback+0x1e4>
10000a54:	2a00      	cmp	r2, #0
10000a56:	d1ae      	bne.n	100009b6 <alarm_pool_alarm_callback+0x142>
10000a58:	6833      	ldr	r3, [r6, #0]
10000a5a:	2c00      	cmp	r4, #0
10000a5c:	d039      	beq.n	10000ad2 <alarm_pool_alarm_callback+0x25e>
10000a5e:	7b5a      	ldrb	r2, [r3, #13]
10000a60:	4294      	cmp	r4, r2
10000a62:	d120      	bne.n	10000aa6 <alarm_pool_alarm_callback+0x232>
10000a64:	2101      	movs	r1, #1
10000a66:	2900      	cmp	r1, #0
10000a68:	d133      	bne.n	10000ad2 <alarm_pool_alarm_callback+0x25e>
10000a6a:	7bda      	ldrb	r2, [r3, #15]
10000a6c:	2a00      	cmp	r2, #0
10000a6e:	d136      	bne.n	10000ade <alarm_pool_alarm_callback+0x26a>
10000a70:	73dc      	strb	r4, [r3, #15]
10000a72:	2c00      	cmp	r4, #0
10000a74:	d046      	beq.n	10000b04 <alarm_pool_alarm_callback+0x290>
10000a76:	6833      	ldr	r3, [r6, #0]
10000a78:	7b1b      	ldrb	r3, [r3, #12]
10000a7a:	429c      	cmp	r4, r3
10000a7c:	d842      	bhi.n	10000b04 <alarm_pool_alarm_callback+0x290>
10000a7e:	68f2      	ldr	r2, [r6, #12]
10000a80:	3c01      	subs	r4, #1
10000a82:	5d13      	ldrb	r3, [r2, r4]
10000a84:	3301      	adds	r3, #1
10000a86:	5513      	strb	r3, [r2, r4]
10000a88:	2300      	movs	r3, #0
10000a8a:	6133      	str	r3, [r6, #16]
10000a8c:	6872      	ldr	r2, [r6, #4]
10000a8e:	f3bf 8f5f 	dmb	sy
10000a92:	6013      	str	r3, [r2, #0]
10000a94:	f387 8810 	msr	PRIMASK, r7
10000a98:	e744      	b.n	10000924 <alarm_pool_alarm_callback+0xb0>
10000a9a:	4b2a      	ldr	r3, [pc, #168]	; (10000b44 <alarm_pool_alarm_callback+0x2d0>)
10000a9c:	4a25      	ldr	r2, [pc, #148]	; (10000b34 <alarm_pool_alarm_callback+0x2c0>)
10000a9e:	218e      	movs	r1, #142	; 0x8e
10000aa0:	4822      	ldr	r0, [pc, #136]	; (10000b2c <alarm_pool_alarm_callback+0x2b8>)
10000aa2:	f000 fe89 	bl	100017b8 <__assert_func>
10000aa6:	2c00      	cmp	r4, #0
10000aa8:	d00d      	beq.n	10000ac6 <alarm_pool_alarm_callback+0x252>
10000aaa:	7b1a      	ldrb	r2, [r3, #12]
10000aac:	4294      	cmp	r4, r2
10000aae:	d80a      	bhi.n	10000ac6 <alarm_pool_alarm_callback+0x252>
10000ab0:	0062      	lsls	r2, r4, #1
10000ab2:	1912      	adds	r2, r2, r4
10000ab4:	3a03      	subs	r2, #3
10000ab6:	6818      	ldr	r0, [r3, #0]
10000ab8:	4684      	mov	ip, r0
10000aba:	4462      	add	r2, ip
10000abc:	7892      	ldrb	r2, [r2, #2]
10000abe:	2a00      	cmp	r2, #0
10000ac0:	d0d1      	beq.n	10000a66 <alarm_pool_alarm_callback+0x1f2>
10000ac2:	2101      	movs	r1, #1
10000ac4:	e7cf      	b.n	10000a66 <alarm_pool_alarm_callback+0x1f2>
10000ac6:	4b20      	ldr	r3, [pc, #128]	; (10000b48 <alarm_pool_alarm_callback+0x2d4>)
10000ac8:	4a20      	ldr	r2, [pc, #128]	; (10000b4c <alarm_pool_alarm_callback+0x2d8>)
10000aca:	214d      	movs	r1, #77	; 0x4d
10000acc:	4820      	ldr	r0, [pc, #128]	; (10000b50 <alarm_pool_alarm_callback+0x2dc>)
10000ace:	f000 fe73 	bl	100017b8 <__assert_func>
10000ad2:	4b20      	ldr	r3, [pc, #128]	; (10000b54 <alarm_pool_alarm_callback+0x2e0>)
10000ad4:	4a20      	ldr	r2, [pc, #128]	; (10000b58 <alarm_pool_alarm_callback+0x2e4>)
10000ad6:	218f      	movs	r1, #143	; 0x8f
10000ad8:	481d      	ldr	r0, [pc, #116]	; (10000b50 <alarm_pool_alarm_callback+0x2dc>)
10000ada:	f000 fe6d 	bl	100017b8 <__assert_func>
10000ade:	2a00      	cmp	r2, #0
10000ae0:	d00a      	beq.n	10000af8 <alarm_pool_alarm_callback+0x284>
10000ae2:	7b19      	ldrb	r1, [r3, #12]
10000ae4:	428a      	cmp	r2, r1
10000ae6:	d807      	bhi.n	10000af8 <alarm_pool_alarm_callback+0x284>
10000ae8:	0051      	lsls	r1, r2, #1
10000aea:	188a      	adds	r2, r1, r2
10000aec:	3a03      	subs	r2, #3
10000aee:	6819      	ldr	r1, [r3, #0]
10000af0:	468c      	mov	ip, r1
10000af2:	4462      	add	r2, ip
10000af4:	7054      	strb	r4, [r2, #1]
10000af6:	e7bb      	b.n	10000a70 <alarm_pool_alarm_callback+0x1fc>
10000af8:	4b13      	ldr	r3, [pc, #76]	; (10000b48 <alarm_pool_alarm_callback+0x2d4>)
10000afa:	4a14      	ldr	r2, [pc, #80]	; (10000b4c <alarm_pool_alarm_callback+0x2d8>)
10000afc:	214d      	movs	r1, #77	; 0x4d
10000afe:	4814      	ldr	r0, [pc, #80]	; (10000b50 <alarm_pool_alarm_callback+0x2dc>)
10000b00:	f000 fe5a 	bl	100017b8 <__assert_func>
10000b04:	4b07      	ldr	r3, [pc, #28]	; (10000b24 <alarm_pool_alarm_callback+0x2b0>)
10000b06:	4a0d      	ldr	r2, [pc, #52]	; (10000b3c <alarm_pool_alarm_callback+0x2c8>)
10000b08:	2140      	movs	r1, #64	; 0x40
10000b0a:	4808      	ldr	r0, [pc, #32]	; (10000b2c <alarm_pool_alarm_callback+0x2b8>)
10000b0c:	f000 fe54 	bl	100017b8 <__assert_func>
10000b10:	b00b      	add	sp, #44	; 0x2c
10000b12:	bc3c      	pop	{r2, r3, r4, r5}
10000b14:	4690      	mov	r8, r2
10000b16:	4699      	mov	r9, r3
10000b18:	46a2      	mov	sl, r4
10000b1a:	46ab      	mov	fp, r5
10000b1c:	bdf0      	pop	{r4, r5, r6, r7, pc}
10000b1e:	46c0      	nop			; (mov r8, r8)
10000b20:	200019b0 	.word	0x200019b0
10000b24:	100075ec 	.word	0x100075ec
10000b28:	10007818 	.word	0x10007818
10000b2c:	10007610 	.word	0x10007610
10000b30:	10007704 	.word	0x10007704
10000b34:	10007850 	.word	0x10007850
10000b38:	1000771c 	.word	0x1000771c
10000b3c:	10007824 	.word	0x10007824
10000b40:	0fffffff 	.word	0x0fffffff
10000b44:	10007728 	.word	0x10007728
10000b48:	10007650 	.word	0x10007650
10000b4c:	100077c0 	.word	0x100077c0
10000b50:	1000766c 	.word	0x1000766c
10000b54:	10007764 	.word	0x10007764
10000b58:	100077ec 	.word	0x100077ec

10000b5c <alarm_pool_get_default>:
10000b5c:	b510      	push	{r4, lr}
10000b5e:	4b05      	ldr	r3, [pc, #20]	; (10000b74 <alarm_pool_get_default+0x18>)
10000b60:	6818      	ldr	r0, [r3, #0]
10000b62:	2800      	cmp	r0, #0
10000b64:	d000      	beq.n	10000b68 <alarm_pool_get_default+0xc>
10000b66:	bd10      	pop	{r4, pc}
10000b68:	4b03      	ldr	r3, [pc, #12]	; (10000b78 <alarm_pool_get_default+0x1c>)
10000b6a:	4a04      	ldr	r2, [pc, #16]	; (10000b7c <alarm_pool_get_default+0x20>)
10000b6c:	2135      	movs	r1, #53	; 0x35
10000b6e:	4804      	ldr	r0, [pc, #16]	; (10000b80 <alarm_pool_get_default+0x24>)
10000b70:	f000 fe22 	bl	100017b8 <__assert_func>
10000b74:	200012f4 	.word	0x200012f4
10000b78:	10007784 	.word	0x10007784
10000b7c:	10007800 	.word	0x10007800
10000b80:	10007610 	.word	0x10007610

10000b84 <alarm_pool_create>:
10000b84:	b570      	push	{r4, r5, r6, lr}
10000b86:	0005      	movs	r5, r0
10000b88:	000e      	movs	r6, r1
10000b8a:	f000 fa3d 	bl	10001008 <hardware_alarm_claim>
10000b8e:	0028      	movs	r0, r5
10000b90:	f000 fb14 	bl	100011bc <hardware_alarm_cancel>
10000b94:	4912      	ldr	r1, [pc, #72]	; (10000be0 <alarm_pool_create+0x5c>)
10000b96:	0028      	movs	r0, r5
10000b98:	f000 fa60 	bl	1000105c <hardware_alarm_set_callback>
10000b9c:	2018      	movs	r0, #24
10000b9e:	f003 f9f9 	bl	10003f94 <__wrap_malloc>
10000ba2:	0004      	movs	r4, r0
10000ba4:	f7ff fc48 	bl	10000438 <next_striped_spin_lock_num>
10000ba8:	4b0e      	ldr	r3, [pc, #56]	; (10000be4 <alarm_pool_create+0x60>)
10000baa:	469c      	mov	ip, r3
10000bac:	4460      	add	r0, ip
10000bae:	0080      	lsls	r0, r0, #2
10000bb0:	6060      	str	r0, [r4, #4]
10000bb2:	0022      	movs	r2, r4
10000bb4:	490c      	ldr	r1, [pc, #48]	; (10000be8 <alarm_pool_create+0x64>)
10000bb6:	0030      	movs	r0, r6
10000bb8:	f000 fc02 	bl	100013c0 <ph_create>
10000bbc:	6020      	str	r0, [r4, #0]
10000bbe:	2110      	movs	r1, #16
10000bc0:	0030      	movs	r0, r6
10000bc2:	f003 f9eb 	bl	10003f9c <__wrap_calloc>
10000bc6:	60a0      	str	r0, [r4, #8]
10000bc8:	2101      	movs	r1, #1
10000bca:	0030      	movs	r0, r6
10000bcc:	f003 f9e6 	bl	10003f9c <__wrap_calloc>
10000bd0:	60e0      	str	r0, [r4, #12]
10000bd2:	7525      	strb	r5, [r4, #20]
10000bd4:	00ad      	lsls	r5, r5, #2
10000bd6:	4b05      	ldr	r3, [pc, #20]	; (10000bec <alarm_pool_create+0x68>)
10000bd8:	50ec      	str	r4, [r5, r3]
10000bda:	0020      	movs	r0, r4
10000bdc:	bd70      	pop	{r4, r5, r6, pc}
10000bde:	46c0      	nop			; (mov r8, r8)
10000be0:	10000875 	.word	0x10000875
10000be4:	34000040 	.word	0x34000040
10000be8:	1000059d 	.word	0x1000059d
10000bec:	200019b0 	.word	0x200019b0

10000bf0 <alarm_pool_init_default>:
10000bf0:	b510      	push	{r4, lr}
10000bf2:	4b06      	ldr	r3, [pc, #24]	; (10000c0c <alarm_pool_init_default+0x1c>)
10000bf4:	681b      	ldr	r3, [r3, #0]
10000bf6:	2b00      	cmp	r3, #0
10000bf8:	d000      	beq.n	10000bfc <alarm_pool_init_default+0xc>
10000bfa:	bd10      	pop	{r4, pc}
10000bfc:	2110      	movs	r1, #16
10000bfe:	2003      	movs	r0, #3
10000c00:	f7ff ffc0 	bl	10000b84 <alarm_pool_create>
10000c04:	4b01      	ldr	r3, [pc, #4]	; (10000c0c <alarm_pool_init_default+0x1c>)
10000c06:	6018      	str	r0, [r3, #0]
10000c08:	e7f7      	b.n	10000bfa <alarm_pool_init_default+0xa>
10000c0a:	46c0      	nop			; (mov r8, r8)
10000c0c:	200012f4 	.word	0x200012f4

10000c10 <alarm_pool_add_alarm_at>:
10000c10:	b5f0      	push	{r4, r5, r6, r7, lr}
10000c12:	46de      	mov	lr, fp
10000c14:	4657      	mov	r7, sl
10000c16:	464e      	mov	r6, r9
10000c18:	4645      	mov	r5, r8
10000c1a:	b5e0      	push	{r5, r6, r7, lr}
10000c1c:	b089      	sub	sp, #36	; 0x24
10000c1e:	4680      	mov	r8, r0
10000c20:	0016      	movs	r6, r2
10000c22:	001f      	movs	r7, r3
10000c24:	9b12      	ldr	r3, [sp, #72]	; 0x48
10000c26:	4699      	mov	r9, r3
10000c28:	9b13      	ldr	r3, [sp, #76]	; 0x4c
10000c2a:	469a      	mov	sl, r3
10000c2c:	ab14      	add	r3, sp, #80	; 0x50
10000c2e:	781b      	ldrb	r3, [r3, #0]
10000c30:	469b      	mov	fp, r3
10000c32:	231f      	movs	r3, #31
10000c34:	446b      	add	r3, sp
10000c36:	2200      	movs	r2, #0
10000c38:	701a      	strb	r2, [r3, #0]
10000c3a:	e03d      	b.n	10000cb8 <alarm_pool_add_alarm_at+0xa8>
10000c3c:	2b00      	cmp	r3, #0
10000c3e:	d009      	beq.n	10000c54 <alarm_pool_add_alarm_at+0x44>
10000c40:	4642      	mov	r2, r8
10000c42:	6812      	ldr	r2, [r2, #0]
10000c44:	7b12      	ldrb	r2, [r2, #12]
10000c46:	4293      	cmp	r3, r2
10000c48:	d804      	bhi.n	10000c54 <alarm_pool_add_alarm_at+0x44>
10000c4a:	1e5a      	subs	r2, r3, #1
10000c4c:	4641      	mov	r1, r8
10000c4e:	68c9      	ldr	r1, [r1, #12]
10000c50:	5c89      	ldrb	r1, [r1, r2]
10000c52:	e04e      	b.n	10000cf2 <alarm_pool_add_alarm_at+0xe2>
10000c54:	4b36      	ldr	r3, [pc, #216]	; (10000d30 <alarm_pool_add_alarm_at+0x120>)
10000c56:	4a37      	ldr	r2, [pc, #220]	; (10000d34 <alarm_pool_add_alarm_at+0x124>)
10000c58:	2140      	movs	r1, #64	; 0x40
10000c5a:	4837      	ldr	r0, [pc, #220]	; (10000d38 <alarm_pool_add_alarm_at+0x128>)
10000c5c:	f000 fdac 	bl	100017b8 <__assert_func>
10000c60:	2000      	movs	r0, #0
10000c62:	2a00      	cmp	r2, #0
10000c64:	d05d      	beq.n	10000d22 <alarm_pool_add_alarm_at+0x112>
10000c66:	465b      	mov	r3, fp
10000c68:	2b00      	cmp	r3, #0
10000c6a:	d05a      	beq.n	10000d22 <alarm_pool_add_alarm_at+0x112>
10000c6c:	4651      	mov	r1, sl
10000c6e:	47c8      	blx	r9
10000c70:	0004      	movs	r4, r0
10000c72:	000d      	movs	r5, r1
10000c74:	0003      	movs	r3, r0
10000c76:	430b      	orrs	r3, r1
10000c78:	d04f      	beq.n	10000d1a <alarm_pool_add_alarm_at+0x10a>
10000c7a:	2900      	cmp	r1, #0
10000c7c:	da0c      	bge.n	10000c98 <alarm_pool_add_alarm_at+0x88>
10000c7e:	0032      	movs	r2, r6
10000c80:	003b      	movs	r3, r7
10000c82:	1b36      	subs	r6, r6, r4
10000c84:	41af      	sbcs	r7, r5
10000c86:	42bb      	cmp	r3, r7
10000c88:	d802      	bhi.n	10000c90 <alarm_pool_add_alarm_at+0x80>
10000c8a:	d115      	bne.n	10000cb8 <alarm_pool_add_alarm_at+0xa8>
10000c8c:	42b2      	cmp	r2, r6
10000c8e:	d913      	bls.n	10000cb8 <alarm_pool_add_alarm_at+0xa8>
10000c90:	2601      	movs	r6, #1
10000c92:	4276      	negs	r6, r6
10000c94:	17f7      	asrs	r7, r6, #31
10000c96:	e00f      	b.n	10000cb8 <alarm_pool_add_alarm_at+0xa8>
10000c98:	f000 f9c2 	bl	10001020 <time_us_64>
10000c9c:	0002      	movs	r2, r0
10000c9e:	000b      	movs	r3, r1
10000ca0:	18a4      	adds	r4, r4, r2
10000ca2:	415d      	adcs	r5, r3
10000ca4:	42a9      	cmp	r1, r5
10000ca6:	d802      	bhi.n	10000cae <alarm_pool_add_alarm_at+0x9e>
10000ca8:	d104      	bne.n	10000cb4 <alarm_pool_add_alarm_at+0xa4>
10000caa:	42a0      	cmp	r0, r4
10000cac:	d902      	bls.n	10000cb4 <alarm_pool_add_alarm_at+0xa4>
10000cae:	2401      	movs	r4, #1
10000cb0:	4264      	negs	r4, r4
10000cb2:	17e5      	asrs	r5, r4, #31
10000cb4:	0026      	movs	r6, r4
10000cb6:	002f      	movs	r7, r5
10000cb8:	4643      	mov	r3, r8
10000cba:	685a      	ldr	r2, [r3, #4]
10000cbc:	f3ef 8410 	mrs	r4, PRIMASK
10000cc0:	b672      	cpsid	i
10000cc2:	6813      	ldr	r3, [r2, #0]
10000cc4:	2b00      	cmp	r3, #0
10000cc6:	d0fc      	beq.n	10000cc2 <alarm_pool_add_alarm_at+0xb2>
10000cc8:	f3bf 8f5f 	dmb	sy
10000ccc:	231f      	movs	r3, #31
10000cce:	446b      	add	r3, sp
10000cd0:	9304      	str	r3, [sp, #16]
10000cd2:	2300      	movs	r3, #0
10000cd4:	9303      	str	r3, [sp, #12]
10000cd6:	9302      	str	r3, [sp, #8]
10000cd8:	4653      	mov	r3, sl
10000cda:	9301      	str	r3, [sp, #4]
10000cdc:	464b      	mov	r3, r9
10000cde:	9300      	str	r3, [sp, #0]
10000ce0:	0032      	movs	r2, r6
10000ce2:	003b      	movs	r3, r7
10000ce4:	4640      	mov	r0, r8
10000ce6:	f7ff fd09 	bl	100006fc <add_alarm_under_lock>
10000cea:	b2c3      	uxtb	r3, r0
10000cec:	2b00      	cmp	r3, #0
10000cee:	d1a5      	bne.n	10000c3c <alarm_pool_add_alarm_at+0x2c>
10000cf0:	0019      	movs	r1, r3
10000cf2:	4642      	mov	r2, r8
10000cf4:	6852      	ldr	r2, [r2, #4]
10000cf6:	f3bf 8f5f 	dmb	sy
10000cfa:	2500      	movs	r5, #0
10000cfc:	6015      	str	r5, [r2, #0]
10000cfe:	f384 8810 	msr	PRIMASK, r4
10000d02:	2b00      	cmp	r3, #0
10000d04:	d00b      	beq.n	10000d1e <alarm_pool_add_alarm_at+0x10e>
10000d06:	231f      	movs	r3, #31
10000d08:	446b      	add	r3, sp
10000d0a:	781a      	ldrb	r2, [r3, #0]
10000d0c:	2a00      	cmp	r2, #0
10000d0e:	d1a7      	bne.n	10000c60 <alarm_pool_add_alarm_at+0x50>
10000d10:	0209      	lsls	r1, r1, #8
10000d12:	23ff      	movs	r3, #255	; 0xff
10000d14:	4018      	ands	r0, r3
10000d16:	4308      	orrs	r0, r1
10000d18:	e7a3      	b.n	10000c62 <alarm_pool_add_alarm_at+0x52>
10000d1a:	2000      	movs	r0, #0
10000d1c:	e001      	b.n	10000d22 <alarm_pool_add_alarm_at+0x112>
10000d1e:	2001      	movs	r0, #1
10000d20:	4240      	negs	r0, r0
10000d22:	b009      	add	sp, #36	; 0x24
10000d24:	bc3c      	pop	{r2, r3, r4, r5}
10000d26:	4690      	mov	r8, r2
10000d28:	4699      	mov	r9, r3
10000d2a:	46a2      	mov	sl, r4
10000d2c:	46ab      	mov	fp, r5
10000d2e:	bdf0      	pop	{r4, r5, r6, r7, pc}
10000d30:	100075ec 	.word	0x100075ec
10000d34:	10007824 	.word	0x10007824
10000d38:	10007610 	.word	0x10007610

10000d3c <alarm_pool_cancel_alarm>:
10000d3c:	b5f8      	push	{r3, r4, r5, r6, r7, lr}
10000d3e:	0004      	movs	r4, r0
10000d40:	6842      	ldr	r2, [r0, #4]
10000d42:	f3ef 8510 	mrs	r5, PRIMASK
10000d46:	b672      	cpsid	i
10000d48:	6813      	ldr	r3, [r2, #0]
10000d4a:	4258      	negs	r0, r3
10000d4c:	4143      	adcs	r3, r0
10000d4e:	b2d8      	uxtb	r0, r3
10000d50:	2b00      	cmp	r3, #0
10000d52:	d1f9      	bne.n	10000d48 <alarm_pool_cancel_alarm+0xc>
10000d54:	f3bf 8f5f 	dmb	sy
10000d58:	b2cb      	uxtb	r3, r1
10000d5a:	6822      	ldr	r2, [r4, #0]
10000d5c:	7b56      	ldrb	r6, [r2, #13]
10000d5e:	42b3      	cmp	r3, r6
10000d60:	d11b      	bne.n	10000d9a <alarm_pool_cancel_alarm+0x5e>
10000d62:	2001      	movs	r0, #1
10000d64:	2800      	cmp	r0, #0
10000d66:	d046      	beq.n	10000df6 <alarm_pool_cancel_alarm+0xba>
10000d68:	6920      	ldr	r0, [r4, #16]
10000d6a:	4288      	cmp	r0, r1
10000d6c:	d02b      	beq.n	10000dc6 <alarm_pool_cancel_alarm+0x8a>
10000d6e:	0a09      	lsrs	r1, r1, #8
10000d70:	b2c9      	uxtb	r1, r1
10000d72:	2b00      	cmp	r3, #0
10000d74:	d02d      	beq.n	10000dd2 <alarm_pool_cancel_alarm+0x96>
10000d76:	6820      	ldr	r0, [r4, #0]
10000d78:	7b00      	ldrb	r0, [r0, #12]
10000d7a:	4283      	cmp	r3, r0
10000d7c:	d829      	bhi.n	10000dd2 <alarm_pool_cancel_alarm+0x96>
10000d7e:	1e58      	subs	r0, r3, #1
10000d80:	68e6      	ldr	r6, [r4, #12]
10000d82:	5c30      	ldrb	r0, [r6, r0]
10000d84:	4288      	cmp	r0, r1
10000d86:	d02a      	beq.n	10000dde <alarm_pool_cancel_alarm+0xa2>
10000d88:	2000      	movs	r0, #0
10000d8a:	6863      	ldr	r3, [r4, #4]
10000d8c:	f3bf 8f5f 	dmb	sy
10000d90:	2200      	movs	r2, #0
10000d92:	601a      	str	r2, [r3, #0]
10000d94:	f385 8810 	msr	PRIMASK, r5
10000d98:	bdf8      	pop	{r3, r4, r5, r6, r7, pc}
10000d9a:	2b00      	cmp	r3, #0
10000d9c:	d00d      	beq.n	10000dba <alarm_pool_cancel_alarm+0x7e>
10000d9e:	7b16      	ldrb	r6, [r2, #12]
10000da0:	42b3      	cmp	r3, r6
10000da2:	d80a      	bhi.n	10000dba <alarm_pool_cancel_alarm+0x7e>
10000da4:	005e      	lsls	r6, r3, #1
10000da6:	18f6      	adds	r6, r6, r3
10000da8:	3e03      	subs	r6, #3
10000daa:	6817      	ldr	r7, [r2, #0]
10000dac:	46bc      	mov	ip, r7
10000dae:	4466      	add	r6, ip
10000db0:	78b6      	ldrb	r6, [r6, #2]
10000db2:	2e00      	cmp	r6, #0
10000db4:	d0d6      	beq.n	10000d64 <alarm_pool_cancel_alarm+0x28>
10000db6:	2001      	movs	r0, #1
10000db8:	e7d4      	b.n	10000d64 <alarm_pool_cancel_alarm+0x28>
10000dba:	4b12      	ldr	r3, [pc, #72]	; (10000e04 <alarm_pool_cancel_alarm+0xc8>)
10000dbc:	4a12      	ldr	r2, [pc, #72]	; (10000e08 <alarm_pool_cancel_alarm+0xcc>)
10000dbe:	214d      	movs	r1, #77	; 0x4d
10000dc0:	4812      	ldr	r0, [pc, #72]	; (10000e0c <alarm_pool_cancel_alarm+0xd0>)
10000dc2:	f000 fcf9 	bl	100017b8 <__assert_func>
10000dc6:	4b12      	ldr	r3, [pc, #72]	; (10000e10 <alarm_pool_cancel_alarm+0xd4>)
10000dc8:	4a12      	ldr	r2, [pc, #72]	; (10000e14 <alarm_pool_cancel_alarm+0xd8>)
10000dca:	21e0      	movs	r1, #224	; 0xe0
10000dcc:	4812      	ldr	r0, [pc, #72]	; (10000e18 <alarm_pool_cancel_alarm+0xdc>)
10000dce:	f000 fcf3 	bl	100017b8 <__assert_func>
10000dd2:	4b12      	ldr	r3, [pc, #72]	; (10000e1c <alarm_pool_cancel_alarm+0xe0>)
10000dd4:	4a12      	ldr	r2, [pc, #72]	; (10000e20 <alarm_pool_cancel_alarm+0xe4>)
10000dd6:	2140      	movs	r1, #64	; 0x40
10000dd8:	480f      	ldr	r0, [pc, #60]	; (10000e18 <alarm_pool_cancel_alarm+0xdc>)
10000dda:	f000 fced 	bl	100017b8 <__assert_func>
10000dde:	0019      	movs	r1, r3
10000de0:	0010      	movs	r0, r2
10000de2:	f000 fbe5 	bl	100015b0 <ph_delete>
10000de6:	2800      	cmp	r0, #0
10000de8:	d1cf      	bne.n	10000d8a <alarm_pool_cancel_alarm+0x4e>
10000dea:	4b0e      	ldr	r3, [pc, #56]	; (10000e24 <alarm_pool_cancel_alarm+0xe8>)
10000dec:	4a09      	ldr	r2, [pc, #36]	; (10000e14 <alarm_pool_cancel_alarm+0xd8>)
10000dee:	21e7      	movs	r1, #231	; 0xe7
10000df0:	4809      	ldr	r0, [pc, #36]	; (10000e18 <alarm_pool_cancel_alarm+0xdc>)
10000df2:	f000 fce1 	bl	100017b8 <__assert_func>
10000df6:	6923      	ldr	r3, [r4, #16]
10000df8:	428b      	cmp	r3, r1
10000dfa:	d1c6      	bne.n	10000d8a <alarm_pool_cancel_alarm+0x4e>
10000dfc:	2300      	movs	r3, #0
10000dfe:	6123      	str	r3, [r4, #16]
10000e00:	e7c3      	b.n	10000d8a <alarm_pool_cancel_alarm+0x4e>
10000e02:	46c0      	nop			; (mov r8, r8)
10000e04:	10007650 	.word	0x10007650
10000e08:	100077c0 	.word	0x100077c0
10000e0c:	1000766c 	.word	0x1000766c
10000e10:	10007798 	.word	0x10007798
10000e14:	1000786c 	.word	0x1000786c
10000e18:	10007610 	.word	0x10007610
10000e1c:	100075ec 	.word	0x100075ec
10000e20:	10007824 	.word	0x10007824
10000e24:	100077bc 	.word	0x100077bc

10000e28 <sleep_until>:
10000e28:	b5f0      	push	{r4, r5, r6, r7, lr}
10000e2a:	b087      	sub	sp, #28
10000e2c:	0006      	movs	r6, r0
10000e2e:	000f      	movs	r7, r1
10000e30:	2406      	movs	r4, #6
10000e32:	4264      	negs	r4, r4
10000e34:	17e5      	asrs	r5, r4, #31
10000e36:	19a4      	adds	r4, r4, r6
10000e38:	417d      	adcs	r5, r7
10000e3a:	428d      	cmp	r5, r1
10000e3c:	d802      	bhi.n	10000e44 <sleep_until+0x1c>
10000e3e:	d103      	bne.n	10000e48 <sleep_until+0x20>
10000e40:	4284      	cmp	r4, r0
10000e42:	d901      	bls.n	10000e48 <sleep_until+0x20>
10000e44:	2400      	movs	r4, #0
10000e46:	2500      	movs	r5, #0
10000e48:	9404      	str	r4, [sp, #16]
10000e4a:	9505      	str	r5, [sp, #20]
10000e4c:	f000 f8e8 	bl	10001020 <time_us_64>
10000e50:	1a24      	subs	r4, r4, r0
10000e52:	418d      	sbcs	r5, r1
10000e54:	2d00      	cmp	r5, #0
10000e56:	dc08      	bgt.n	10000e6a <sleep_until+0x42>
10000e58:	d005      	beq.n	10000e66 <sleep_until+0x3e>
10000e5a:	0030      	movs	r0, r6
10000e5c:	0039      	movs	r1, r7
10000e5e:	f000 f8eb 	bl	10001038 <busy_wait_until>
10000e62:	b007      	add	sp, #28
10000e64:	bdf0      	pop	{r4, r5, r6, r7, pc}
10000e66:	2c00      	cmp	r4, #0
10000e68:	d0f7      	beq.n	10000e5a <sleep_until+0x32>
10000e6a:	f7ff fe77 	bl	10000b5c <alarm_pool_get_default>
10000e6e:	2300      	movs	r3, #0
10000e70:	9302      	str	r3, [sp, #8]
10000e72:	9301      	str	r3, [sp, #4]
10000e74:	4b0f      	ldr	r3, [pc, #60]	; (10000eb4 <sleep_until+0x8c>)
10000e76:	9300      	str	r3, [sp, #0]
10000e78:	9a04      	ldr	r2, [sp, #16]
10000e7a:	9b05      	ldr	r3, [sp, #20]
10000e7c:	f7ff fec8 	bl	10000c10 <alarm_pool_add_alarm_at>
10000e80:	2800      	cmp	r0, #0
10000e82:	da06      	bge.n	10000e92 <sleep_until+0x6a>
10000e84:	e7e9      	b.n	10000e5a <sleep_until+0x32>
10000e86:	2300      	movs	r3, #0
10000e88:	e000      	b.n	10000e8c <sleep_until+0x64>
10000e8a:	2300      	movs	r3, #0
10000e8c:	2b00      	cmp	r3, #0
10000e8e:	d1e4      	bne.n	10000e5a <sleep_until+0x32>
10000e90:	bf20      	wfe
10000e92:	9904      	ldr	r1, [sp, #16]
10000e94:	9a05      	ldr	r2, [sp, #20]
10000e96:	4b08      	ldr	r3, [pc, #32]	; (10000eb8 <sleep_until+0x90>)
10000e98:	6a5b      	ldr	r3, [r3, #36]	; 0x24
10000e9a:	429a      	cmp	r2, r3
10000e9c:	d8f5      	bhi.n	10000e8a <sleep_until+0x62>
10000e9e:	4806      	ldr	r0, [pc, #24]	; (10000eb8 <sleep_until+0x90>)
10000ea0:	6a80      	ldr	r0, [r0, #40]	; 0x28
10000ea2:	4288      	cmp	r0, r1
10000ea4:	d203      	bcs.n	10000eae <sleep_until+0x86>
10000ea6:	429a      	cmp	r2, r3
10000ea8:	d0ed      	beq.n	10000e86 <sleep_until+0x5e>
10000eaa:	2301      	movs	r3, #1
10000eac:	e7ee      	b.n	10000e8c <sleep_until+0x64>
10000eae:	2301      	movs	r3, #1
10000eb0:	e7ec      	b.n	10000e8c <sleep_until+0x64>
10000eb2:	46c0      	nop			; (mov r8, r8)
10000eb4:	10000595 	.word	0x10000595
10000eb8:	40054000 	.word	0x40054000

10000ebc <sleep_us>:
10000ebc:	b570      	push	{r4, r5, r6, lr}
10000ebe:	0004      	movs	r4, r0
10000ec0:	000d      	movs	r5, r1
10000ec2:	f000 f8ad 	bl	10001020 <time_us_64>
10000ec6:	0002      	movs	r2, r0
10000ec8:	000b      	movs	r3, r1
10000eca:	0020      	movs	r0, r4
10000ecc:	0029      	movs	r1, r5
10000ece:	1880      	adds	r0, r0, r2
10000ed0:	4159      	adcs	r1, r3
10000ed2:	428b      	cmp	r3, r1
10000ed4:	d802      	bhi.n	10000edc <sleep_us+0x20>
10000ed6:	d104      	bne.n	10000ee2 <sleep_us+0x26>
10000ed8:	4282      	cmp	r2, r0
10000eda:	d902      	bls.n	10000ee2 <sleep_us+0x26>
10000edc:	2001      	movs	r0, #1
10000ede:	4240      	negs	r0, r0
10000ee0:	17c1      	asrs	r1, r0, #31
10000ee2:	f7ff ffa1 	bl	10000e28 <sleep_until>
10000ee6:	bd70      	pop	{r4, r5, r6, pc}

10000ee8 <sleep_ms>:
10000ee8:	b510      	push	{r4, lr}
10000eea:	22fa      	movs	r2, #250	; 0xfa
10000eec:	0092      	lsls	r2, r2, #2
10000eee:	2300      	movs	r3, #0
10000ef0:	2100      	movs	r1, #0
10000ef2:	f002 ff9d 	bl	10003e30 <__wrap___aeabi_lmul>
10000ef6:	f7ff ffe1 	bl	10000ebc <sleep_us>
10000efa:	bd10      	pop	{r4, pc}

10000efc <best_effort_wfe_or_timeout>:
10000efc:	b570      	push	{r4, r5, r6, lr}
10000efe:	b084      	sub	sp, #16
10000f00:	0005      	movs	r5, r0
10000f02:	000c      	movs	r4, r1
10000f04:	f7ff fe2a 	bl	10000b5c <alarm_pool_get_default>
10000f08:	2300      	movs	r3, #0
10000f0a:	9302      	str	r3, [sp, #8]
10000f0c:	9301      	str	r3, [sp, #4]
10000f0e:	4b19      	ldr	r3, [pc, #100]	; (10000f74 <best_effort_wfe_or_timeout+0x78>)
10000f10:	9300      	str	r3, [sp, #0]
10000f12:	002a      	movs	r2, r5
10000f14:	0023      	movs	r3, r4
10000f16:	f7ff fe7b 	bl	10000c10 <alarm_pool_add_alarm_at>
10000f1a:	1e06      	subs	r6, r0, #0
10000f1c:	dc12      	bgt.n	10000f44 <best_effort_wfe_or_timeout+0x48>
10000f1e:	4b16      	ldr	r3, [pc, #88]	; (10000f78 <best_effort_wfe_or_timeout+0x7c>)
10000f20:	6a5b      	ldr	r3, [r3, #36]	; 0x24
10000f22:	429c      	cmp	r4, r3
10000f24:	d809      	bhi.n	10000f3a <best_effort_wfe_or_timeout+0x3e>
10000f26:	4a14      	ldr	r2, [pc, #80]	; (10000f78 <best_effort_wfe_or_timeout+0x7c>)
10000f28:	6a92      	ldr	r2, [r2, #40]	; 0x28
10000f2a:	42aa      	cmp	r2, r5
10000f2c:	d208      	bcs.n	10000f40 <best_effort_wfe_or_timeout+0x44>
10000f2e:	429c      	cmp	r4, r3
10000f30:	d001      	beq.n	10000f36 <best_effort_wfe_or_timeout+0x3a>
10000f32:	2001      	movs	r0, #1
10000f34:	e002      	b.n	10000f3c <best_effort_wfe_or_timeout+0x40>
10000f36:	2000      	movs	r0, #0
10000f38:	e000      	b.n	10000f3c <best_effort_wfe_or_timeout+0x40>
10000f3a:	2000      	movs	r0, #0
10000f3c:	b004      	add	sp, #16
10000f3e:	bd70      	pop	{r4, r5, r6, pc}
10000f40:	2001      	movs	r0, #1
10000f42:	e7fb      	b.n	10000f3c <best_effort_wfe_or_timeout+0x40>
10000f44:	bf20      	wfe
10000f46:	f7ff fe09 	bl	10000b5c <alarm_pool_get_default>
10000f4a:	0031      	movs	r1, r6
10000f4c:	f7ff fef6 	bl	10000d3c <alarm_pool_cancel_alarm>
10000f50:	4b09      	ldr	r3, [pc, #36]	; (10000f78 <best_effort_wfe_or_timeout+0x7c>)
10000f52:	6a5b      	ldr	r3, [r3, #36]	; 0x24
10000f54:	429c      	cmp	r4, r3
10000f56:	d809      	bhi.n	10000f6c <best_effort_wfe_or_timeout+0x70>
10000f58:	4a07      	ldr	r2, [pc, #28]	; (10000f78 <best_effort_wfe_or_timeout+0x7c>)
10000f5a:	6a92      	ldr	r2, [r2, #40]	; 0x28
10000f5c:	42aa      	cmp	r2, r5
10000f5e:	d207      	bcs.n	10000f70 <best_effort_wfe_or_timeout+0x74>
10000f60:	429c      	cmp	r4, r3
10000f62:	d001      	beq.n	10000f68 <best_effort_wfe_or_timeout+0x6c>
10000f64:	2001      	movs	r0, #1
10000f66:	e7e9      	b.n	10000f3c <best_effort_wfe_or_timeout+0x40>
10000f68:	2000      	movs	r0, #0
10000f6a:	e7e7      	b.n	10000f3c <best_effort_wfe_or_timeout+0x40>
10000f6c:	2000      	movs	r0, #0
10000f6e:	e7e5      	b.n	10000f3c <best_effort_wfe_or_timeout+0x40>
10000f70:	2001      	movs	r0, #1
10000f72:	e7e3      	b.n	10000f3c <best_effort_wfe_or_timeout+0x40>
10000f74:	10000595 	.word	0x10000595
10000f78:	40054000 	.word	0x40054000

10000f7c <hardware_alarm_irq_handler>:
10000f7c:	b570      	push	{r4, r5, r6, lr}
10000f7e:	f3ef 8305 	mrs	r3, IPSR
10000f82:	203f      	movs	r0, #63	; 0x3f
10000f84:	4018      	ands	r0, r3
10000f86:	3810      	subs	r0, #16
10000f88:	f3ef 8410 	mrs	r4, PRIMASK
10000f8c:	b672      	cpsid	i
10000f8e:	4b19      	ldr	r3, [pc, #100]	; (10000ff4 <hardware_alarm_irq_handler+0x78>)
10000f90:	681b      	ldr	r3, [r3, #0]
10000f92:	2b00      	cmp	r3, #0
10000f94:	d0fb      	beq.n	10000f8e <hardware_alarm_irq_handler+0x12>
10000f96:	f3bf 8f5f 	dmb	sy
10000f9a:	2301      	movs	r3, #1
10000f9c:	0019      	movs	r1, r3
10000f9e:	4081      	lsls	r1, r0
10000fa0:	4a15      	ldr	r2, [pc, #84]	; (10000ff8 <hardware_alarm_irq_handler+0x7c>)
10000fa2:	6351      	str	r1, [r2, #52]	; 0x34
10000fa4:	4a15      	ldr	r2, [pc, #84]	; (10000ffc <hardware_alarm_irq_handler+0x80>)
10000fa6:	7812      	ldrb	r2, [r2, #0]
10000fa8:	0015      	movs	r5, r2
10000faa:	40c5      	lsrs	r5, r0
10000fac:	422b      	tst	r3, r5
10000fae:	d014      	beq.n	10000fda <hardware_alarm_irq_handler+0x5e>
10000fb0:	4b11      	ldr	r3, [pc, #68]	; (10000ff8 <hardware_alarm_irq_handler+0x7c>)
10000fb2:	6a5d      	ldr	r5, [r3, #36]	; 0x24
10000fb4:	0083      	lsls	r3, r0, #2
10000fb6:	4e12      	ldr	r6, [pc, #72]	; (10001000 <hardware_alarm_irq_handler+0x84>)
10000fb8:	599b      	ldr	r3, [r3, r6]
10000fba:	429d      	cmp	r5, r3
10000fbc:	d306      	bcc.n	10000fcc <hardware_alarm_irq_handler+0x50>
10000fbe:	0083      	lsls	r3, r0, #2
10000fc0:	4d10      	ldr	r5, [pc, #64]	; (10001004 <hardware_alarm_irq_handler+0x88>)
10000fc2:	595b      	ldr	r3, [r3, r5]
10000fc4:	438a      	bics	r2, r1
10000fc6:	490d      	ldr	r1, [pc, #52]	; (10000ffc <hardware_alarm_irq_handler+0x80>)
10000fc8:	700a      	strb	r2, [r1, #0]
10000fca:	e007      	b.n	10000fdc <hardware_alarm_irq_handler+0x60>
10000fcc:	4a0a      	ldr	r2, [pc, #40]	; (10000ff8 <hardware_alarm_irq_handler+0x7c>)
10000fce:	1d03      	adds	r3, r0, #4
10000fd0:	009b      	lsls	r3, r3, #2
10000fd2:	5899      	ldr	r1, [r3, r2]
10000fd4:	5099      	str	r1, [r3, r2]
10000fd6:	2300      	movs	r3, #0
10000fd8:	e000      	b.n	10000fdc <hardware_alarm_irq_handler+0x60>
10000fda:	2300      	movs	r3, #0
10000fdc:	f3bf 8f5f 	dmb	sy
10000fe0:	4a04      	ldr	r2, [pc, #16]	; (10000ff4 <hardware_alarm_irq_handler+0x78>)
10000fe2:	2100      	movs	r1, #0
10000fe4:	6011      	str	r1, [r2, #0]
10000fe6:	f384 8810 	msr	PRIMASK, r4
10000fea:	2b00      	cmp	r3, #0
10000fec:	d000      	beq.n	10000ff0 <hardware_alarm_irq_handler+0x74>
10000fee:	4798      	blx	r3
10000ff0:	bd70      	pop	{r4, r5, r6, pc}
10000ff2:	46c0      	nop			; (mov r8, r8)
10000ff4:	d0000128 	.word	0xd0000128
10000ff8:	40054000 	.word	0x40054000
10000ffc:	200019dd 	.word	0x200019dd
10001000:	200019c8 	.word	0x200019c8
10001004:	200012b8 	.word	0x200012b8

10001008 <hardware_alarm_claim>:
10001008:	b510      	push	{r4, lr}
1000100a:	0001      	movs	r1, r0
1000100c:	4a02      	ldr	r2, [pc, #8]	; (10001018 <hardware_alarm_claim+0x10>)
1000100e:	4803      	ldr	r0, [pc, #12]	; (1000101c <hardware_alarm_claim+0x14>)
10001010:	f7ff f9bc 	bl	1000038c <hw_claim_or_assert>
10001014:	bd10      	pop	{r4, pc}
10001016:	46c0      	nop			; (mov r8, r8)
10001018:	10007884 	.word	0x10007884
1000101c:	200019db 	.word	0x200019db

10001020 <time_us_64>:
10001020:	4b04      	ldr	r3, [pc, #16]	; (10001034 <time_us_64+0x14>)
10001022:	6a5b      	ldr	r3, [r3, #36]	; 0x24
10001024:	4a03      	ldr	r2, [pc, #12]	; (10001034 <time_us_64+0x14>)
10001026:	6a90      	ldr	r0, [r2, #40]	; 0x28
10001028:	0019      	movs	r1, r3
1000102a:	6a53      	ldr	r3, [r2, #36]	; 0x24
1000102c:	4299      	cmp	r1, r3
1000102e:	d1f9      	bne.n	10001024 <time_us_64+0x4>
10001030:	4770      	bx	lr
10001032:	46c0      	nop			; (mov r8, r8)
10001034:	40054000 	.word	0x40054000

10001038 <busy_wait_until>:
10001038:	4b07      	ldr	r3, [pc, #28]	; (10001058 <busy_wait_until+0x20>)
1000103a:	6a5b      	ldr	r3, [r3, #36]	; 0x24
1000103c:	428b      	cmp	r3, r1
1000103e:	d204      	bcs.n	1000104a <busy_wait_until+0x12>
10001040:	4b05      	ldr	r3, [pc, #20]	; (10001058 <busy_wait_until+0x20>)
10001042:	6a5b      	ldr	r3, [r3, #36]	; 0x24
10001044:	e7fa      	b.n	1000103c <busy_wait_until+0x4>
10001046:	4b04      	ldr	r3, [pc, #16]	; (10001058 <busy_wait_until+0x20>)
10001048:	6a5b      	ldr	r3, [r3, #36]	; 0x24
1000104a:	428b      	cmp	r3, r1
1000104c:	d103      	bne.n	10001056 <busy_wait_until+0x1e>
1000104e:	4b02      	ldr	r3, [pc, #8]	; (10001058 <busy_wait_until+0x20>)
10001050:	6a9b      	ldr	r3, [r3, #40]	; 0x28
10001052:	4283      	cmp	r3, r0
10001054:	d3f7      	bcc.n	10001046 <busy_wait_until+0xe>
10001056:	4770      	bx	lr
10001058:	40054000 	.word	0x40054000

1000105c <hardware_alarm_set_callback>:
1000105c:	b570      	push	{r4, r5, r6, lr}
1000105e:	0004      	movs	r4, r0
10001060:	000d      	movs	r5, r1
10001062:	f3ef 8610 	mrs	r6, PRIMASK
10001066:	b672      	cpsid	i
10001068:	4b1b      	ldr	r3, [pc, #108]	; (100010d8 <hardware_alarm_set_callback+0x7c>)
1000106a:	681b      	ldr	r3, [r3, #0]
1000106c:	2b00      	cmp	r3, #0
1000106e:	d0fb      	beq.n	10001068 <hardware_alarm_set_callback+0xc>
10001070:	f3bf 8f5f 	dmb	sy
10001074:	2d00      	cmp	r5, #0
10001076:	d01c      	beq.n	100010b2 <hardware_alarm_set_callback+0x56>
10001078:	0020      	movs	r0, r4
1000107a:	f000 fddf 	bl	10001c3c <irq_get_vtable_handler>
1000107e:	4b17      	ldr	r3, [pc, #92]	; (100010dc <hardware_alarm_set_callback+0x80>)
10001080:	4283      	cmp	r3, r0
10001082:	d00b      	beq.n	1000109c <hardware_alarm_set_callback+0x40>
10001084:	0019      	movs	r1, r3
10001086:	0020      	movs	r0, r4
10001088:	f000 fde0 	bl	10001c4c <irq_set_exclusive_handler>
1000108c:	2101      	movs	r1, #1
1000108e:	0020      	movs	r0, r4
10001090:	f000 fdc4 	bl	10001c1c <irq_set_enabled>
10001094:	2301      	movs	r3, #1
10001096:	40a3      	lsls	r3, r4
10001098:	4a11      	ldr	r2, [pc, #68]	; (100010e0 <hardware_alarm_set_callback+0x84>)
1000109a:	6013      	str	r3, [r2, #0]
1000109c:	00a4      	lsls	r4, r4, #2
1000109e:	4b11      	ldr	r3, [pc, #68]	; (100010e4 <hardware_alarm_set_callback+0x88>)
100010a0:	50e5      	str	r5, [r4, r3]
100010a2:	f3bf 8f5f 	dmb	sy
100010a6:	4b0c      	ldr	r3, [pc, #48]	; (100010d8 <hardware_alarm_set_callback+0x7c>)
100010a8:	2200      	movs	r2, #0
100010aa:	601a      	str	r2, [r3, #0]
100010ac:	f386 8810 	msr	PRIMASK, r6
100010b0:	bd70      	pop	{r4, r5, r6, pc}
100010b2:	00a2      	lsls	r2, r4, #2
100010b4:	4b0b      	ldr	r3, [pc, #44]	; (100010e4 <hardware_alarm_set_callback+0x88>)
100010b6:	2100      	movs	r1, #0
100010b8:	50d1      	str	r1, [r2, r3]
100010ba:	2201      	movs	r2, #1
100010bc:	40a2      	lsls	r2, r4
100010be:	490a      	ldr	r1, [pc, #40]	; (100010e8 <hardware_alarm_set_callback+0x8c>)
100010c0:	780b      	ldrb	r3, [r1, #0]
100010c2:	4393      	bics	r3, r2
100010c4:	700b      	strb	r3, [r1, #0]
100010c6:	4905      	ldr	r1, [pc, #20]	; (100010dc <hardware_alarm_set_callback+0x80>)
100010c8:	0020      	movs	r0, r4
100010ca:	f000 fde9 	bl	10001ca0 <irq_remove_handler>
100010ce:	2100      	movs	r1, #0
100010d0:	0020      	movs	r0, r4
100010d2:	f000 fda3 	bl	10001c1c <irq_set_enabled>
100010d6:	e7e4      	b.n	100010a2 <hardware_alarm_set_callback+0x46>
100010d8:	d0000128 	.word	0xd0000128
100010dc:	10000f7d 	.word	0x10000f7d
100010e0:	40056038 	.word	0x40056038
100010e4:	200012b8 	.word	0x200012b8
100010e8:	200019dd 	.word	0x200019dd

100010ec <hardware_alarm_set_target>:
100010ec:	b5f0      	push	{r4, r5, r6, r7, lr}
100010ee:	46de      	mov	lr, fp
100010f0:	b500      	push	{lr}
100010f2:	b084      	sub	sp, #16
100010f4:	0004      	movs	r4, r0
100010f6:	0015      	movs	r5, r2
100010f8:	9201      	str	r2, [sp, #4]
100010fa:	001e      	movs	r6, r3
100010fc:	9302      	str	r3, [sp, #8]
100010fe:	f7ff ff8f 	bl	10001020 <time_us_64>
10001102:	9503      	str	r5, [sp, #12]
10001104:	428e      	cmp	r6, r1
10001106:	d802      	bhi.n	1000110e <hardware_alarm_set_target+0x22>
10001108:	d144      	bne.n	10001194 <hardware_alarm_set_target+0xa8>
1000110a:	4285      	cmp	r5, r0
1000110c:	d942      	bls.n	10001194 <hardware_alarm_set_target+0xa8>
1000110e:	f3ef 8b10 	mrs	fp, PRIMASK
10001112:	b672      	cpsid	i
10001114:	4b22      	ldr	r3, [pc, #136]	; (100011a0 <hardware_alarm_set_target+0xb4>)
10001116:	681b      	ldr	r3, [r3, #0]
10001118:	2b00      	cmp	r3, #0
1000111a:	d0fb      	beq.n	10001114 <hardware_alarm_set_target+0x28>
1000111c:	f3bf 8f5f 	dmb	sy
10001120:	2501      	movs	r5, #1
10001122:	40a5      	lsls	r5, r4
10001124:	4b1f      	ldr	r3, [pc, #124]	; (100011a4 <hardware_alarm_set_target+0xb8>)
10001126:	635d      	str	r5, [r3, #52]	; 0x34
10001128:	b2ef      	uxtb	r7, r5
1000112a:	491f      	ldr	r1, [pc, #124]	; (100011a8 <hardware_alarm_set_target+0xbc>)
1000112c:	780a      	ldrb	r2, [r1, #0]
1000112e:	433a      	orrs	r2, r7
10001130:	700a      	strb	r2, [r1, #0]
10001132:	1d22      	adds	r2, r4, #4
10001134:	0092      	lsls	r2, r2, #2
10001136:	9901      	ldr	r1, [sp, #4]
10001138:	50d1      	str	r1, [r2, r3]
1000113a:	00a4      	lsls	r4, r4, #2
1000113c:	4a1b      	ldr	r2, [pc, #108]	; (100011ac <hardware_alarm_set_target+0xc0>)
1000113e:	9902      	ldr	r1, [sp, #8]
10001140:	50a1      	str	r1, [r4, r2]
10001142:	6a1b      	ldr	r3, [r3, #32]
10001144:	422b      	tst	r3, r5
10001146:	d112      	bne.n	1000116e <hardware_alarm_set_target+0x82>
10001148:	4b16      	ldr	r3, [pc, #88]	; (100011a4 <hardware_alarm_set_target+0xb8>)
1000114a:	6c1b      	ldr	r3, [r3, #64]	; 0x40
1000114c:	422b      	tst	r3, r5
1000114e:	d008      	beq.n	10001162 <hardware_alarm_set_target+0x76>
10001150:	2000      	movs	r0, #0
10001152:	f3bf 8f5f 	dmb	sy
10001156:	4b12      	ldr	r3, [pc, #72]	; (100011a0 <hardware_alarm_set_target+0xb4>)
10001158:	2200      	movs	r2, #0
1000115a:	601a      	str	r2, [r3, #0]
1000115c:	f38b 8810 	msr	PRIMASK, fp
10001160:	e019      	b.n	10001196 <hardware_alarm_set_target+0xaa>
10001162:	4b13      	ldr	r3, [pc, #76]	; (100011b0 <hardware_alarm_set_target+0xc4>)
10001164:	4a13      	ldr	r2, [pc, #76]	; (100011b4 <hardware_alarm_set_target+0xc8>)
10001166:	21b2      	movs	r1, #178	; 0xb2
10001168:	4813      	ldr	r0, [pc, #76]	; (100011b8 <hardware_alarm_set_target+0xcc>)
1000116a:	f000 fb25 	bl	100017b8 <__assert_func>
1000116e:	f7ff ff57 	bl	10001020 <time_us_64>
10001172:	428e      	cmp	r6, r1
10001174:	d80c      	bhi.n	10001190 <hardware_alarm_set_target+0xa4>
10001176:	d102      	bne.n	1000117e <hardware_alarm_set_target+0x92>
10001178:	9b03      	ldr	r3, [sp, #12]
1000117a:	4283      	cmp	r3, r0
1000117c:	d808      	bhi.n	10001190 <hardware_alarm_set_target+0xa4>
1000117e:	4b09      	ldr	r3, [pc, #36]	; (100011a4 <hardware_alarm_set_target+0xb8>)
10001180:	621d      	str	r5, [r3, #32]
10001182:	635d      	str	r5, [r3, #52]	; 0x34
10001184:	4a08      	ldr	r2, [pc, #32]	; (100011a8 <hardware_alarm_set_target+0xbc>)
10001186:	7813      	ldrb	r3, [r2, #0]
10001188:	43bb      	bics	r3, r7
1000118a:	7013      	strb	r3, [r2, #0]
1000118c:	2001      	movs	r0, #1
1000118e:	e7e0      	b.n	10001152 <hardware_alarm_set_target+0x66>
10001190:	2000      	movs	r0, #0
10001192:	e7de      	b.n	10001152 <hardware_alarm_set_target+0x66>
10001194:	2001      	movs	r0, #1
10001196:	b004      	add	sp, #16
10001198:	bc04      	pop	{r2}
1000119a:	4693      	mov	fp, r2
1000119c:	bdf0      	pop	{r4, r5, r6, r7, pc}
1000119e:	46c0      	nop			; (mov r8, r8)
100011a0:	d0000128 	.word	0xd0000128
100011a4:	40054000 	.word	0x40054000
100011a8:	200019dd 	.word	0x200019dd
100011ac:	200019c8 	.word	0x200019c8
100011b0:	100078a8 	.word	0x100078a8
100011b4:	10007904 	.word	0x10007904
100011b8:	100078cc 	.word	0x100078cc

100011bc <hardware_alarm_cancel>:
100011bc:	b510      	push	{r4, lr}
100011be:	f3ef 8410 	mrs	r4, PRIMASK
100011c2:	b672      	cpsid	i
100011c4:	4b0a      	ldr	r3, [pc, #40]	; (100011f0 <hardware_alarm_cancel+0x34>)
100011c6:	681b      	ldr	r3, [r3, #0]
100011c8:	2b00      	cmp	r3, #0
100011ca:	d0fb      	beq.n	100011c4 <hardware_alarm_cancel+0x8>
100011cc:	f3bf 8f5f 	dmb	sy
100011d0:	2301      	movs	r3, #1
100011d2:	4083      	lsls	r3, r0
100011d4:	4a07      	ldr	r2, [pc, #28]	; (100011f4 <hardware_alarm_cancel+0x38>)
100011d6:	6213      	str	r3, [r2, #32]
100011d8:	4907      	ldr	r1, [pc, #28]	; (100011f8 <hardware_alarm_cancel+0x3c>)
100011da:	780a      	ldrb	r2, [r1, #0]
100011dc:	439a      	bics	r2, r3
100011de:	700a      	strb	r2, [r1, #0]
100011e0:	f3bf 8f5f 	dmb	sy
100011e4:	4b02      	ldr	r3, [pc, #8]	; (100011f0 <hardware_alarm_cancel+0x34>)
100011e6:	2200      	movs	r2, #0
100011e8:	601a      	str	r2, [r3, #0]
100011ea:	f384 8810 	msr	PRIMASK, r4
100011ee:	bd10      	pop	{r4, pc}
100011f0:	d0000128 	.word	0xd0000128
100011f4:	40054000 	.word	0x40054000
100011f8:	200019dd 	.word	0x200019dd

100011fc <lock_init>:
100011fc:	b510      	push	{r4, lr}
100011fe:	291f      	cmp	r1, #31
10001200:	d805      	bhi.n	1000120e <lock_init+0x12>
10001202:	4b06      	ldr	r3, [pc, #24]	; (1000121c <lock_init+0x20>)
10001204:	469c      	mov	ip, r3
10001206:	4461      	add	r1, ip
10001208:	0089      	lsls	r1, r1, #2
1000120a:	6001      	str	r1, [r0, #0]
1000120c:	bd10      	pop	{r4, pc}
1000120e:	4b04      	ldr	r3, [pc, #16]	; (10001220 <lock_init+0x24>)
10001210:	4a04      	ldr	r2, [pc, #16]	; (10001224 <lock_init+0x28>)
10001212:	210a      	movs	r1, #10
10001214:	4804      	ldr	r0, [pc, #16]	; (10001228 <lock_init+0x2c>)
10001216:	f000 facf 	bl	100017b8 <__assert_func>
1000121a:	46c0      	nop			; (mov r8, r8)
1000121c:	34000040 	.word	0x34000040
10001220:	10007920 	.word	0x10007920
10001224:	10007980 	.word	0x10007980
10001228:	1000794c 	.word	0x1000794c

1000122c <mutex_init>:
1000122c:	b510      	push	{r4, lr}
1000122e:	0004      	movs	r4, r0
10001230:	f7ff f902 	bl	10000438 <next_striped_spin_lock_num>
10001234:	0001      	movs	r1, r0
10001236:	0020      	movs	r0, r4
10001238:	f7ff ffe0 	bl	100011fc <lock_init>
1000123c:	23ff      	movs	r3, #255	; 0xff
1000123e:	7123      	strb	r3, [r4, #4]
10001240:	f3bf 8f5f 	dmb	sy
10001244:	bd10      	pop	{r4, pc}

10001246 <critical_section_init_with_lock_num>:
10001246:	b510      	push	{r4, lr}
10001248:	f7ff ffd8 	bl	100011fc <lock_init>
1000124c:	f3bf 8f5f 	dmb	sy
10001250:	bd10      	pop	{r4, pc}

10001252 <critical_section_init>:
10001252:	b510      	push	{r4, lr}
10001254:	0004      	movs	r4, r0
10001256:	2001      	movs	r0, #1
10001258:	f7ff f8fc 	bl	10000454 <spin_lock_claim_unused>
1000125c:	0001      	movs	r1, r0
1000125e:	0020      	movs	r0, r4
10001260:	f7ff fff1 	bl	10001246 <critical_section_init_with_lock_num>
10001264:	bd10      	pop	{r4, pc}
	...

10001268 <ph_add_child_node>:
10001268:	b510      	push	{r4, lr}
1000126a:	2900      	cmp	r1, #0
1000126c:	d01e      	beq.n	100012ac <ph_add_child_node+0x44>
1000126e:	7b03      	ldrb	r3, [r0, #12]
10001270:	4299      	cmp	r1, r3
10001272:	d81b      	bhi.n	100012ac <ph_add_child_node+0x44>
10001274:	004b      	lsls	r3, r1, #1
10001276:	185b      	adds	r3, r3, r1
10001278:	3b03      	subs	r3, #3
1000127a:	6804      	ldr	r4, [r0, #0]
1000127c:	46a4      	mov	ip, r4
1000127e:	4463      	add	r3, ip
10001280:	2900      	cmp	r1, #0
10001282:	d019      	beq.n	100012b8 <ph_add_child_node+0x50>
10001284:	2a00      	cmp	r2, #0
10001286:	d01d      	beq.n	100012c4 <ph_add_child_node+0x5c>
10001288:	4291      	cmp	r1, r2
1000128a:	d021      	beq.n	100012d0 <ph_add_child_node+0x68>
1000128c:	2a00      	cmp	r2, #0
1000128e:	d025      	beq.n	100012dc <ph_add_child_node+0x74>
10001290:	7b04      	ldrb	r4, [r0, #12]
10001292:	42a2      	cmp	r2, r4
10001294:	d822      	bhi.n	100012dc <ph_add_child_node+0x74>
10001296:	6804      	ldr	r4, [r0, #0]
10001298:	0050      	lsls	r0, r2, #1
1000129a:	1880      	adds	r0, r0, r2
1000129c:	3803      	subs	r0, #3
1000129e:	1820      	adds	r0, r4, r0
100012a0:	7081      	strb	r1, [r0, #2]
100012a2:	7819      	ldrb	r1, [r3, #0]
100012a4:	2900      	cmp	r1, #0
100012a6:	d11f      	bne.n	100012e8 <ph_add_child_node+0x80>
100012a8:	701a      	strb	r2, [r3, #0]
100012aa:	bd10      	pop	{r4, pc}
100012ac:	4b10      	ldr	r3, [pc, #64]	; (100012f0 <ph_add_child_node+0x88>)
100012ae:	4a11      	ldr	r2, [pc, #68]	; (100012f4 <ph_add_child_node+0x8c>)
100012b0:	214d      	movs	r1, #77	; 0x4d
100012b2:	4811      	ldr	r0, [pc, #68]	; (100012f8 <ph_add_child_node+0x90>)
100012b4:	f000 fa80 	bl	100017b8 <__assert_func>
100012b8:	4b10      	ldr	r3, [pc, #64]	; (100012fc <ph_add_child_node+0x94>)
100012ba:	4a11      	ldr	r2, [pc, #68]	; (10001300 <ph_add_child_node+0x98>)
100012bc:	3153      	adds	r1, #83	; 0x53
100012be:	480e      	ldr	r0, [pc, #56]	; (100012f8 <ph_add_child_node+0x90>)
100012c0:	f000 fa7a 	bl	100017b8 <__assert_func>
100012c4:	4b0f      	ldr	r3, [pc, #60]	; (10001304 <ph_add_child_node+0x9c>)
100012c6:	4a0e      	ldr	r2, [pc, #56]	; (10001300 <ph_add_child_node+0x98>)
100012c8:	2154      	movs	r1, #84	; 0x54
100012ca:	480b      	ldr	r0, [pc, #44]	; (100012f8 <ph_add_child_node+0x90>)
100012cc:	f000 fa74 	bl	100017b8 <__assert_func>
100012d0:	4b0d      	ldr	r3, [pc, #52]	; (10001308 <ph_add_child_node+0xa0>)
100012d2:	4a0b      	ldr	r2, [pc, #44]	; (10001300 <ph_add_child_node+0x98>)
100012d4:	2155      	movs	r1, #85	; 0x55
100012d6:	4808      	ldr	r0, [pc, #32]	; (100012f8 <ph_add_child_node+0x90>)
100012d8:	f000 fa6e 	bl	100017b8 <__assert_func>
100012dc:	4b04      	ldr	r3, [pc, #16]	; (100012f0 <ph_add_child_node+0x88>)
100012de:	4a05      	ldr	r2, [pc, #20]	; (100012f4 <ph_add_child_node+0x8c>)
100012e0:	214d      	movs	r1, #77	; 0x4d
100012e2:	4805      	ldr	r0, [pc, #20]	; (100012f8 <ph_add_child_node+0x90>)
100012e4:	f000 fa68 	bl	100017b8 <__assert_func>
100012e8:	7041      	strb	r1, [r0, #1]
100012ea:	701a      	strb	r2, [r3, #0]
100012ec:	e7dd      	b.n	100012aa <ph_add_child_node+0x42>
100012ee:	46c0      	nop			; (mov r8, r8)
100012f0:	10007650 	.word	0x10007650
100012f4:	10007ac8 	.word	0x10007ac8
100012f8:	1000766c 	.word	0x1000766c
100012fc:	100076ac 	.word	0x100076ac
10001300:	10007ad4 	.word	0x10007ad4
10001304:	100076b8 	.word	0x100076b8
10001308:	100076c4 	.word	0x100076c4

1000130c <ph_merge_nodes>:
1000130c:	b570      	push	{r4, r5, r6, lr}
1000130e:	0006      	movs	r6, r0
10001310:	000d      	movs	r5, r1
10001312:	0014      	movs	r4, r2
10001314:	2900      	cmp	r1, #0
10001316:	d014      	beq.n	10001342 <ph_merge_nodes+0x36>
10001318:	2a00      	cmp	r2, #0
1000131a:	d014      	beq.n	10001346 <ph_merge_nodes+0x3a>
1000131c:	6880      	ldr	r0, [r0, #8]
1000131e:	6873      	ldr	r3, [r6, #4]
10001320:	4798      	blx	r3
10001322:	2800      	cmp	r0, #0
10001324:	d006      	beq.n	10001334 <ph_merge_nodes+0x28>
10001326:	0022      	movs	r2, r4
10001328:	0029      	movs	r1, r5
1000132a:	0030      	movs	r0, r6
1000132c:	f7ff ff9c 	bl	10001268 <ph_add_child_node>
10001330:	0028      	movs	r0, r5
10001332:	e007      	b.n	10001344 <ph_merge_nodes+0x38>
10001334:	002a      	movs	r2, r5
10001336:	0021      	movs	r1, r4
10001338:	0030      	movs	r0, r6
1000133a:	f7ff ff95 	bl	10001268 <ph_add_child_node>
1000133e:	0020      	movs	r0, r4
10001340:	e000      	b.n	10001344 <ph_merge_nodes+0x38>
10001342:	0010      	movs	r0, r2
10001344:	bd70      	pop	{r4, r5, r6, pc}
10001346:	0008      	movs	r0, r1
10001348:	e7fc      	b.n	10001344 <ph_merge_nodes+0x38>
	...

1000134c <ph_clear>:
1000134c:	b510      	push	{r4, lr}
1000134e:	2300      	movs	r3, #0
10001350:	7343      	strb	r3, [r0, #13]
10001352:	3301      	adds	r3, #1
10001354:	7383      	strb	r3, [r0, #14]
10001356:	7b03      	ldrb	r3, [r0, #12]
10001358:	73c3      	strb	r3, [r0, #15]
1000135a:	2101      	movs	r1, #1
1000135c:	7b03      	ldrb	r3, [r0, #12]
1000135e:	428b      	cmp	r3, r1
10001360:	d915      	bls.n	1000138e <ph_clear+0x42>
10001362:	b2cb      	uxtb	r3, r1
10001364:	2b00      	cmp	r3, #0
10001366:	d00c      	beq.n	10001382 <ph_clear+0x36>
10001368:	7b02      	ldrb	r2, [r0, #12]
1000136a:	4293      	cmp	r3, r2
1000136c:	d809      	bhi.n	10001382 <ph_clear+0x36>
1000136e:	005a      	lsls	r2, r3, #1
10001370:	18d2      	adds	r2, r2, r3
10001372:	3a03      	subs	r2, #3
10001374:	6804      	ldr	r4, [r0, #0]
10001376:	46a4      	mov	ip, r4
10001378:	4462      	add	r2, ip
1000137a:	3301      	adds	r3, #1
1000137c:	7053      	strb	r3, [r2, #1]
1000137e:	3101      	adds	r1, #1
10001380:	e7ec      	b.n	1000135c <ph_clear+0x10>
10001382:	4b0c      	ldr	r3, [pc, #48]	; (100013b4 <ph_clear+0x68>)
10001384:	4a0c      	ldr	r2, [pc, #48]	; (100013b8 <ph_clear+0x6c>)
10001386:	214d      	movs	r1, #77	; 0x4d
10001388:	480c      	ldr	r0, [pc, #48]	; (100013bc <ph_clear+0x70>)
1000138a:	f000 fa15 	bl	100017b8 <__assert_func>
1000138e:	2b00      	cmp	r3, #0
10001390:	d009      	beq.n	100013a6 <ph_clear+0x5a>
10001392:	429b      	cmp	r3, r3
10001394:	d807      	bhi.n	100013a6 <ph_clear+0x5a>
10001396:	6801      	ldr	r1, [r0, #0]
10001398:	005a      	lsls	r2, r3, #1
1000139a:	18d3      	adds	r3, r2, r3
1000139c:	3b03      	subs	r3, #3
1000139e:	18cb      	adds	r3, r1, r3
100013a0:	2200      	movs	r2, #0
100013a2:	705a      	strb	r2, [r3, #1]
100013a4:	bd10      	pop	{r4, pc}
100013a6:	4b03      	ldr	r3, [pc, #12]	; (100013b4 <ph_clear+0x68>)
100013a8:	4a03      	ldr	r2, [pc, #12]	; (100013b8 <ph_clear+0x6c>)
100013aa:	214d      	movs	r1, #77	; 0x4d
100013ac:	4803      	ldr	r0, [pc, #12]	; (100013bc <ph_clear+0x70>)
100013ae:	f000 fa03 	bl	100017b8 <__assert_func>
100013b2:	46c0      	nop			; (mov r8, r8)
100013b4:	10007650 	.word	0x10007650
100013b8:	10007ac8 	.word	0x10007ac8
100013bc:	1000766c 	.word	0x1000766c

100013c0 <ph_create>:
100013c0:	b5f8      	push	{r3, r4, r5, r6, r7, lr}
100013c2:	0005      	movs	r5, r0
100013c4:	000f      	movs	r7, r1
100013c6:	0016      	movs	r6, r2
100013c8:	2110      	movs	r1, #16
100013ca:	2001      	movs	r0, #1
100013cc:	f002 fde6 	bl	10003f9c <__wrap_calloc>
100013d0:	0004      	movs	r4, r0
100013d2:	7305      	strb	r5, [r0, #12]
100013d4:	6047      	str	r7, [r0, #4]
100013d6:	2103      	movs	r1, #3
100013d8:	0028      	movs	r0, r5
100013da:	f002 fddf 	bl	10003f9c <__wrap_calloc>
100013de:	6020      	str	r0, [r4, #0]
100013e0:	60a6      	str	r6, [r4, #8]
100013e2:	0020      	movs	r0, r4
100013e4:	f7ff ffb2 	bl	1000134c <ph_clear>
100013e8:	0020      	movs	r0, r4
100013ea:	bdf8      	pop	{r3, r4, r5, r6, r7, pc}

100013ec <ph_merge_two_pass>:
100013ec:	b570      	push	{r4, r5, r6, lr}
100013ee:	0004      	movs	r4, r0
100013f0:	1e08      	subs	r0, r1, #0
100013f2:	d100      	bne.n	100013f6 <ph_merge_two_pass+0xa>
100013f4:	bd70      	pop	{r4, r5, r6, pc}
100013f6:	2900      	cmp	r1, #0
100013f8:	d034      	beq.n	10001464 <ph_merge_two_pass+0x78>
100013fa:	7b23      	ldrb	r3, [r4, #12]
100013fc:	4299      	cmp	r1, r3
100013fe:	d831      	bhi.n	10001464 <ph_merge_two_pass+0x78>
10001400:	004b      	lsls	r3, r1, #1
10001402:	185b      	adds	r3, r3, r1
10001404:	3b03      	subs	r3, #3
10001406:	6822      	ldr	r2, [r4, #0]
10001408:	4694      	mov	ip, r2
1000140a:	4463      	add	r3, ip
1000140c:	785a      	ldrb	r2, [r3, #1]
1000140e:	2a00      	cmp	r2, #0
10001410:	d0f0      	beq.n	100013f4 <ph_merge_two_pass+0x8>
10001412:	d02d      	beq.n	10001470 <ph_merge_two_pass+0x84>
10001414:	7b23      	ldrb	r3, [r4, #12]
10001416:	429a      	cmp	r2, r3
10001418:	d82a      	bhi.n	10001470 <ph_merge_two_pass+0x84>
1000141a:	0053      	lsls	r3, r2, #1
1000141c:	189b      	adds	r3, r3, r2
1000141e:	3b03      	subs	r3, #3
10001420:	6821      	ldr	r1, [r4, #0]
10001422:	468c      	mov	ip, r1
10001424:	4463      	add	r3, ip
10001426:	785d      	ldrb	r5, [r3, #1]
10001428:	2100      	movs	r1, #0
1000142a:	7059      	strb	r1, [r3, #1]
1000142c:	2800      	cmp	r0, #0
1000142e:	d025      	beq.n	1000147c <ph_merge_two_pass+0x90>
10001430:	7b23      	ldrb	r3, [r4, #12]
10001432:	4298      	cmp	r0, r3
10001434:	d822      	bhi.n	1000147c <ph_merge_two_pass+0x90>
10001436:	0043      	lsls	r3, r0, #1
10001438:	181b      	adds	r3, r3, r0
1000143a:	3b03      	subs	r3, #3
1000143c:	6821      	ldr	r1, [r4, #0]
1000143e:	468c      	mov	ip, r1
10001440:	4463      	add	r3, ip
10001442:	2100      	movs	r1, #0
10001444:	7059      	strb	r1, [r3, #1]
10001446:	0001      	movs	r1, r0
10001448:	0020      	movs	r0, r4
1000144a:	f7ff ff5f 	bl	1000130c <ph_merge_nodes>
1000144e:	0006      	movs	r6, r0
10001450:	0029      	movs	r1, r5
10001452:	0020      	movs	r0, r4
10001454:	f7ff ffca 	bl	100013ec <ph_merge_two_pass>
10001458:	0002      	movs	r2, r0
1000145a:	0031      	movs	r1, r6
1000145c:	0020      	movs	r0, r4
1000145e:	f7ff ff55 	bl	1000130c <ph_merge_nodes>
10001462:	e7c7      	b.n	100013f4 <ph_merge_two_pass+0x8>
10001464:	4b08      	ldr	r3, [pc, #32]	; (10001488 <ph_merge_two_pass+0x9c>)
10001466:	4a09      	ldr	r2, [pc, #36]	; (1000148c <ph_merge_two_pass+0xa0>)
10001468:	214d      	movs	r1, #77	; 0x4d
1000146a:	4809      	ldr	r0, [pc, #36]	; (10001490 <ph_merge_two_pass+0xa4>)
1000146c:	f000 f9a4 	bl	100017b8 <__assert_func>
10001470:	4b05      	ldr	r3, [pc, #20]	; (10001488 <ph_merge_two_pass+0x9c>)
10001472:	4a06      	ldr	r2, [pc, #24]	; (1000148c <ph_merge_two_pass+0xa0>)
10001474:	214d      	movs	r1, #77	; 0x4d
10001476:	4806      	ldr	r0, [pc, #24]	; (10001490 <ph_merge_two_pass+0xa4>)
10001478:	f000 f99e 	bl	100017b8 <__assert_func>
1000147c:	4b02      	ldr	r3, [pc, #8]	; (10001488 <ph_merge_two_pass+0x9c>)
1000147e:	4a03      	ldr	r2, [pc, #12]	; (1000148c <ph_merge_two_pass+0xa0>)
10001480:	214d      	movs	r1, #77	; 0x4d
10001482:	4803      	ldr	r0, [pc, #12]	; (10001490 <ph_merge_two_pass+0xa4>)
10001484:	f000 f998 	bl	100017b8 <__assert_func>
10001488:	10007650 	.word	0x10007650
1000148c:	10007ac8 	.word	0x10007ac8
10001490:	1000766c 	.word	0x1000766c

10001494 <ph_remove_any_head>:
10001494:	b570      	push	{r4, r5, r6, lr}
10001496:	0005      	movs	r5, r0
10001498:	000c      	movs	r4, r1
1000149a:	0016      	movs	r6, r2
1000149c:	2900      	cmp	r1, #0
1000149e:	d028      	beq.n	100014f2 <ph_remove_any_head+0x5e>
100014a0:	d02d      	beq.n	100014fe <ph_remove_any_head+0x6a>
100014a2:	7b03      	ldrb	r3, [r0, #12]
100014a4:	4299      	cmp	r1, r3
100014a6:	d82a      	bhi.n	100014fe <ph_remove_any_head+0x6a>
100014a8:	004b      	lsls	r3, r1, #1
100014aa:	185b      	adds	r3, r3, r1
100014ac:	3b03      	subs	r3, #3
100014ae:	6802      	ldr	r2, [r0, #0]
100014b0:	4694      	mov	ip, r2
100014b2:	4463      	add	r3, ip
100014b4:	785a      	ldrb	r2, [r3, #1]
100014b6:	2a00      	cmp	r2, #0
100014b8:	d127      	bne.n	1000150a <ph_remove_any_head+0x76>
100014ba:	789a      	ldrb	r2, [r3, #2]
100014bc:	2a00      	cmp	r2, #0
100014be:	d12a      	bne.n	10001516 <ph_remove_any_head+0x82>
100014c0:	7819      	ldrb	r1, [r3, #0]
100014c2:	f7ff ff93 	bl	100013ec <ph_merge_two_pass>
100014c6:	0003      	movs	r3, r0
100014c8:	2e00      	cmp	r6, #0
100014ca:	d103      	bne.n	100014d4 <ph_remove_any_head+0x40>
100014cc:	7bea      	ldrb	r2, [r5, #15]
100014ce:	2a00      	cmp	r2, #0
100014d0:	d127      	bne.n	10001522 <ph_remove_any_head+0x8e>
100014d2:	73ec      	strb	r4, [r5, #15]
100014d4:	2b00      	cmp	r3, #0
100014d6:	d137      	bne.n	10001548 <ph_remove_any_head+0xb4>
100014d8:	2c00      	cmp	r4, #0
100014da:	d049      	beq.n	10001570 <ph_remove_any_head+0xdc>
100014dc:	7b2b      	ldrb	r3, [r5, #12]
100014de:	429c      	cmp	r4, r3
100014e0:	d846      	bhi.n	10001570 <ph_remove_any_head+0xdc>
100014e2:	682b      	ldr	r3, [r5, #0]
100014e4:	0061      	lsls	r1, r4, #1
100014e6:	190c      	adds	r4, r1, r4
100014e8:	3c03      	subs	r4, #3
100014ea:	191c      	adds	r4, r3, r4
100014ec:	2300      	movs	r3, #0
100014ee:	7063      	strb	r3, [r4, #1]
100014f0:	bd70      	pop	{r4, r5, r6, pc}
100014f2:	4b22      	ldr	r3, [pc, #136]	; (1000157c <ph_remove_any_head+0xe8>)
100014f4:	4a22      	ldr	r2, [pc, #136]	; (10001580 <ph_remove_any_head+0xec>)
100014f6:	2133      	movs	r1, #51	; 0x33
100014f8:	4822      	ldr	r0, [pc, #136]	; (10001584 <ph_remove_any_head+0xf0>)
100014fa:	f000 f95d 	bl	100017b8 <__assert_func>
100014fe:	4b22      	ldr	r3, [pc, #136]	; (10001588 <ph_remove_any_head+0xf4>)
10001500:	4a22      	ldr	r2, [pc, #136]	; (1000158c <ph_remove_any_head+0xf8>)
10001502:	214d      	movs	r1, #77	; 0x4d
10001504:	4822      	ldr	r0, [pc, #136]	; (10001590 <ph_remove_any_head+0xfc>)
10001506:	f000 f957 	bl	100017b8 <__assert_func>
1000150a:	4b22      	ldr	r3, [pc, #136]	; (10001594 <ph_remove_any_head+0x100>)
1000150c:	4a1c      	ldr	r2, [pc, #112]	; (10001580 <ph_remove_any_head+0xec>)
1000150e:	2135      	movs	r1, #53	; 0x35
10001510:	481c      	ldr	r0, [pc, #112]	; (10001584 <ph_remove_any_head+0xf0>)
10001512:	f000 f951 	bl	100017b8 <__assert_func>
10001516:	4b20      	ldr	r3, [pc, #128]	; (10001598 <ph_remove_any_head+0x104>)
10001518:	4a19      	ldr	r2, [pc, #100]	; (10001580 <ph_remove_any_head+0xec>)
1000151a:	2136      	movs	r1, #54	; 0x36
1000151c:	4819      	ldr	r0, [pc, #100]	; (10001584 <ph_remove_any_head+0xf0>)
1000151e:	f000 f94b 	bl	100017b8 <__assert_func>
10001522:	2a00      	cmp	r2, #0
10001524:	d00a      	beq.n	1000153c <ph_remove_any_head+0xa8>
10001526:	7b29      	ldrb	r1, [r5, #12]
10001528:	428a      	cmp	r2, r1
1000152a:	d807      	bhi.n	1000153c <ph_remove_any_head+0xa8>
1000152c:	0051      	lsls	r1, r2, #1
1000152e:	188a      	adds	r2, r1, r2
10001530:	3a03      	subs	r2, #3
10001532:	6829      	ldr	r1, [r5, #0]
10001534:	468c      	mov	ip, r1
10001536:	4462      	add	r2, ip
10001538:	7054      	strb	r4, [r2, #1]
1000153a:	e7ca      	b.n	100014d2 <ph_remove_any_head+0x3e>
1000153c:	4b12      	ldr	r3, [pc, #72]	; (10001588 <ph_remove_any_head+0xf4>)
1000153e:	4a13      	ldr	r2, [pc, #76]	; (1000158c <ph_remove_any_head+0xf8>)
10001540:	214d      	movs	r1, #77	; 0x4d
10001542:	4813      	ldr	r0, [pc, #76]	; (10001590 <ph_remove_any_head+0xfc>)
10001544:	f000 f938 	bl	100017b8 <__assert_func>
10001548:	2b00      	cmp	r3, #0
1000154a:	d00b      	beq.n	10001564 <ph_remove_any_head+0xd0>
1000154c:	7b2a      	ldrb	r2, [r5, #12]
1000154e:	4293      	cmp	r3, r2
10001550:	d808      	bhi.n	10001564 <ph_remove_any_head+0xd0>
10001552:	0043      	lsls	r3, r0, #1
10001554:	181b      	adds	r3, r3, r0
10001556:	3b03      	subs	r3, #3
10001558:	682a      	ldr	r2, [r5, #0]
1000155a:	4694      	mov	ip, r2
1000155c:	4463      	add	r3, ip
1000155e:	2200      	movs	r2, #0
10001560:	709a      	strb	r2, [r3, #2]
10001562:	e7b9      	b.n	100014d8 <ph_remove_any_head+0x44>
10001564:	4b08      	ldr	r3, [pc, #32]	; (10001588 <ph_remove_any_head+0xf4>)
10001566:	4a09      	ldr	r2, [pc, #36]	; (1000158c <ph_remove_any_head+0xf8>)
10001568:	214d      	movs	r1, #77	; 0x4d
1000156a:	4809      	ldr	r0, [pc, #36]	; (10001590 <ph_remove_any_head+0xfc>)
1000156c:	f000 f924 	bl	100017b8 <__assert_func>
10001570:	4b05      	ldr	r3, [pc, #20]	; (10001588 <ph_remove_any_head+0xf4>)
10001572:	4a06      	ldr	r2, [pc, #24]	; (1000158c <ph_remove_any_head+0xf8>)
10001574:	214d      	movs	r1, #77	; 0x4d
10001576:	4806      	ldr	r0, [pc, #24]	; (10001590 <ph_remove_any_head+0xfc>)
10001578:	f000 f91e 	bl	100017b8 <__assert_func>
1000157c:	10007a1c 	.word	0x10007a1c
10001580:	10007ae8 	.word	0x10007ae8
10001584:	10007a24 	.word	0x10007a24
10001588:	10007650 	.word	0x10007650
1000158c:	10007ac8 	.word	0x10007ac8
10001590:	1000766c 	.word	0x1000766c
10001594:	10007a54 	.word	0x10007a54
10001598:	10007a7c 	.word	0x10007a7c

1000159c <ph_remove_head_reserve>:
1000159c:	b570      	push	{r4, r5, r6, lr}
1000159e:	0004      	movs	r4, r0
100015a0:	000a      	movs	r2, r1
100015a2:	7b45      	ldrb	r5, [r0, #13]
100015a4:	0029      	movs	r1, r5
100015a6:	f7ff ff75 	bl	10001494 <ph_remove_any_head>
100015aa:	7360      	strb	r0, [r4, #13]
100015ac:	0028      	movs	r0, r5
100015ae:	bd70      	pop	{r4, r5, r6, pc}

100015b0 <ph_delete>:
100015b0:	b570      	push	{r4, r5, r6, lr}
100015b2:	0004      	movs	r4, r0
100015b4:	2900      	cmp	r1, #0
100015b6:	d066      	beq.n	10001686 <ph_delete+0xd6>
100015b8:	7b43      	ldrb	r3, [r0, #13]
100015ba:	428b      	cmp	r3, r1
100015bc:	d00e      	beq.n	100015dc <ph_delete+0x2c>
100015be:	2900      	cmp	r1, #0
100015c0:	d011      	beq.n	100015e6 <ph_delete+0x36>
100015c2:	7b03      	ldrb	r3, [r0, #12]
100015c4:	4299      	cmp	r1, r3
100015c6:	d80e      	bhi.n	100015e6 <ph_delete+0x36>
100015c8:	004b      	lsls	r3, r1, #1
100015ca:	185b      	adds	r3, r3, r1
100015cc:	3b03      	subs	r3, #3
100015ce:	6802      	ldr	r2, [r0, #0]
100015d0:	18d0      	adds	r0, r2, r3
100015d2:	7883      	ldrb	r3, [r0, #2]
100015d4:	2b00      	cmp	r3, #0
100015d6:	d10c      	bne.n	100015f2 <ph_delete+0x42>
100015d8:	2000      	movs	r0, #0
100015da:	e055      	b.n	10001688 <ph_delete+0xd8>
100015dc:	2100      	movs	r1, #0
100015de:	f7ff ffdd 	bl	1000159c <ph_remove_head_reserve>
100015e2:	2001      	movs	r0, #1
100015e4:	e050      	b.n	10001688 <ph_delete+0xd8>
100015e6:	4b29      	ldr	r3, [pc, #164]	; (1000168c <ph_delete+0xdc>)
100015e8:	4a29      	ldr	r2, [pc, #164]	; (10001690 <ph_delete+0xe0>)
100015ea:	214d      	movs	r1, #77	; 0x4d
100015ec:	4829      	ldr	r0, [pc, #164]	; (10001694 <ph_delete+0xe4>)
100015ee:	f000 f8e3 	bl	100017b8 <__assert_func>
100015f2:	2b00      	cmp	r3, #0
100015f4:	d01f      	beq.n	10001636 <ph_delete+0x86>
100015f6:	7b22      	ldrb	r2, [r4, #12]
100015f8:	4293      	cmp	r3, r2
100015fa:	d81c      	bhi.n	10001636 <ph_delete+0x86>
100015fc:	6825      	ldr	r5, [r4, #0]
100015fe:	005a      	lsls	r2, r3, #1
10001600:	18d3      	adds	r3, r2, r3
10001602:	3b03      	subs	r3, #3
10001604:	18ea      	adds	r2, r5, r3
10001606:	5ceb      	ldrb	r3, [r5, r3]
10001608:	428b      	cmp	r3, r1
1000160a:	d01a      	beq.n	10001642 <ph_delete+0x92>
1000160c:	2b00      	cmp	r3, #0
1000160e:	d01b      	beq.n	10001648 <ph_delete+0x98>
10001610:	7b22      	ldrb	r2, [r4, #12]
10001612:	4293      	cmp	r3, r2
10001614:	d818      	bhi.n	10001648 <ph_delete+0x98>
10001616:	005a      	lsls	r2, r3, #1
10001618:	18d3      	adds	r3, r2, r3
1000161a:	3b03      	subs	r3, #3
1000161c:	6822      	ldr	r2, [r4, #0]
1000161e:	18d2      	adds	r2, r2, r3
10001620:	7853      	ldrb	r3, [r2, #1]
10001622:	428b      	cmp	r3, r1
10001624:	d016      	beq.n	10001654 <ph_delete+0xa4>
10001626:	2b00      	cmp	r3, #0
10001628:	d1f0      	bne.n	1000160c <ph_delete+0x5c>
1000162a:	4b1b      	ldr	r3, [pc, #108]	; (10001698 <ph_delete+0xe8>)
1000162c:	4a1b      	ldr	r2, [pc, #108]	; (1000169c <ph_delete+0xec>)
1000162e:	2163      	movs	r1, #99	; 0x63
10001630:	481b      	ldr	r0, [pc, #108]	; (100016a0 <ph_delete+0xf0>)
10001632:	f000 f8c1 	bl	100017b8 <__assert_func>
10001636:	4b15      	ldr	r3, [pc, #84]	; (1000168c <ph_delete+0xdc>)
10001638:	4a15      	ldr	r2, [pc, #84]	; (10001690 <ph_delete+0xe0>)
1000163a:	214d      	movs	r1, #77	; 0x4d
1000163c:	4815      	ldr	r0, [pc, #84]	; (10001694 <ph_delete+0xe4>)
1000163e:	f000 f8bb 	bl	100017b8 <__assert_func>
10001642:	7843      	ldrb	r3, [r0, #1]
10001644:	7013      	strb	r3, [r2, #0]
10001646:	e007      	b.n	10001658 <ph_delete+0xa8>
10001648:	4b10      	ldr	r3, [pc, #64]	; (1000168c <ph_delete+0xdc>)
1000164a:	4a11      	ldr	r2, [pc, #68]	; (10001690 <ph_delete+0xe0>)
1000164c:	214d      	movs	r1, #77	; 0x4d
1000164e:	4811      	ldr	r0, [pc, #68]	; (10001694 <ph_delete+0xe4>)
10001650:	f000 f8b2 	bl	100017b8 <__assert_func>
10001654:	7843      	ldrb	r3, [r0, #1]
10001656:	7053      	strb	r3, [r2, #1]
10001658:	2300      	movs	r3, #0
1000165a:	7083      	strb	r3, [r0, #2]
1000165c:	7043      	strb	r3, [r0, #1]
1000165e:	2200      	movs	r2, #0
10001660:	0020      	movs	r0, r4
10001662:	f7ff ff17 	bl	10001494 <ph_remove_any_head>
10001666:	0002      	movs	r2, r0
10001668:	7b61      	ldrb	r1, [r4, #13]
1000166a:	4281      	cmp	r1, r0
1000166c:	d005      	beq.n	1000167a <ph_delete+0xca>
1000166e:	0020      	movs	r0, r4
10001670:	f7ff fe4c 	bl	1000130c <ph_merge_nodes>
10001674:	7360      	strb	r0, [r4, #13]
10001676:	2001      	movs	r0, #1
10001678:	e006      	b.n	10001688 <ph_delete+0xd8>
1000167a:	4b0a      	ldr	r3, [pc, #40]	; (100016a4 <ph_delete+0xf4>)
1000167c:	4a07      	ldr	r2, [pc, #28]	; (1000169c <ph_delete+0xec>)
1000167e:	2169      	movs	r1, #105	; 0x69
10001680:	4807      	ldr	r0, [pc, #28]	; (100016a0 <ph_delete+0xf0>)
10001682:	f000 f899 	bl	100017b8 <__assert_func>
10001686:	2000      	movs	r0, #0
10001688:	bd70      	pop	{r4, r5, r6, pc}
1000168a:	46c0      	nop			; (mov r8, r8)
1000168c:	10007650 	.word	0x10007650
10001690:	10007ac8 	.word	0x10007ac8
10001694:	1000766c 	.word	0x1000766c
10001698:	10007aa0 	.word	0x10007aa0
1000169c:	10007afc 	.word	0x10007afc
100016a0:	10007a24 	.word	0x10007a24
100016a4:	10007aa8 	.word	0x10007aa8

100016a8 <runtime_init>:
100016a8:	b570      	push	{r4, r5, r6, lr}
100016aa:	4b23      	ldr	r3, [pc, #140]	; (10001738 <runtime_init+0x90>)
100016ac:	4a23      	ldr	r2, [pc, #140]	; (1000173c <runtime_init+0x94>)
100016ae:	601a      	str	r2, [r3, #0]
100016b0:	4b23      	ldr	r3, [pc, #140]	; (10001740 <runtime_init+0x98>)
100016b2:	4a24      	ldr	r2, [pc, #144]	; (10001744 <runtime_init+0x9c>)
100016b4:	601a      	str	r2, [r3, #0]
100016b6:	4b24      	ldr	r3, [pc, #144]	; (10001748 <runtime_init+0xa0>)
100016b8:	689a      	ldr	r2, [r3, #8]
100016ba:	4b22      	ldr	r3, [pc, #136]	; (10001744 <runtime_init+0x9c>)
100016bc:	4393      	bics	r3, r2
100016be:	d1fa      	bne.n	100016b6 <runtime_init+0xe>
100016c0:	4c22      	ldr	r4, [pc, #136]	; (1000174c <runtime_init+0xa4>)
100016c2:	4b23      	ldr	r3, [pc, #140]	; (10001750 <runtime_init+0xa8>)
100016c4:	429c      	cmp	r4, r3
100016c6:	d202      	bcs.n	100016ce <runtime_init+0x26>
100016c8:	cc08      	ldmia	r4!, {r3}
100016ca:	4798      	blx	r3
100016cc:	e7f9      	b.n	100016c2 <runtime_init+0x1a>
100016ce:	f000 f91d 	bl	1000190c <clocks_init>
100016d2:	4b1b      	ldr	r3, [pc, #108]	; (10001740 <runtime_init+0x98>)
100016d4:	4a1f      	ldr	r2, [pc, #124]	; (10001754 <runtime_init+0xac>)
100016d6:	601a      	str	r2, [r3, #0]
100016d8:	4b1b      	ldr	r3, [pc, #108]	; (10001748 <runtime_init+0xa0>)
100016da:	689b      	ldr	r3, [r3, #8]
100016dc:	43db      	mvns	r3, r3
100016de:	01db      	lsls	r3, r3, #7
100016e0:	d1fa      	bne.n	100016d8 <runtime_init+0x30>
100016e2:	4b1d      	ldr	r3, [pc, #116]	; (10001758 <runtime_init+0xb0>)
100016e4:	2240      	movs	r2, #64	; 0x40
100016e6:	679a      	str	r2, [r3, #120]	; 0x78
100016e8:	675a      	str	r2, [r3, #116]	; 0x74
100016ea:	671a      	str	r2, [r3, #112]	; 0x70
100016ec:	66da      	str	r2, [r3, #108]	; 0x6c
100016ee:	4c1b      	ldr	r4, [pc, #108]	; (1000175c <runtime_init+0xb4>)
100016f0:	e003      	b.n	100016fa <runtime_init+0x52>
100016f2:	0020      	movs	r0, r4
100016f4:	f7ff fd9a 	bl	1000122c <mutex_init>
100016f8:	3408      	adds	r4, #8
100016fa:	4b19      	ldr	r3, [pc, #100]	; (10001760 <runtime_init+0xb8>)
100016fc:	429c      	cmp	r4, r3
100016fe:	d3f8      	bcc.n	100016f2 <runtime_init+0x4a>
10001700:	4c18      	ldr	r4, [pc, #96]	; (10001764 <runtime_init+0xbc>)
10001702:	68a1      	ldr	r1, [r4, #8]
10001704:	4d18      	ldr	r5, [pc, #96]	; (10001768 <runtime_init+0xc0>)
10001706:	22c0      	movs	r2, #192	; 0xc0
10001708:	0028      	movs	r0, r5
1000170a:	f002 fc59 	bl	10003fc0 <__wrap___aeabi_memcpy>
1000170e:	60a5      	str	r5, [r4, #8]
10001710:	f3ef 8303 	mrs	r3, PSR
10001714:	22ff      	movs	r2, #255	; 0xff
10001716:	421a      	tst	r2, r3
10001718:	d000      	beq.n	1000171c <runtime_init+0x74>
1000171a:	be00      	bkpt	0x0000
1000171c:	f7fe fe7c 	bl	10000418 <spin_locks_reset>
10001720:	f000 fc28 	bl	10001f74 <irq_init_priorities>
10001724:	f7ff fa64 	bl	10000bf0 <alarm_pool_init_default>
10001728:	4c10      	ldr	r4, [pc, #64]	; (1000176c <runtime_init+0xc4>)
1000172a:	e001      	b.n	10001730 <runtime_init+0x88>
1000172c:	cc08      	ldmia	r4!, {r3}
1000172e:	4798      	blx	r3
10001730:	4b0f      	ldr	r3, [pc, #60]	; (10001770 <runtime_init+0xc8>)
10001732:	429c      	cmp	r4, r3
10001734:	d3fa      	bcc.n	1000172c <runtime_init+0x84>
10001736:	bd70      	pop	{r4, r5, r6, pc}
10001738:	4000e000 	.word	0x4000e000
1000173c:	ffffcdbf 	.word	0xffffcdbf
10001740:	4000f000 	.word	0x4000f000
10001744:	003c7ffe 	.word	0x003c7ffe
10001748:	4000c000 	.word	0x4000c000
1000174c:	20000c08 	.word	0x20000c08
10001750:	20000c18 	.word	0x20000c18
10001754:	01ffffff 	.word	0x01ffffff
10001758:	4001f000 	.word	0x4001f000
1000175c:	20000c00 	.word	0x20000c00
10001760:	20000c08 	.word	0x20000c08
10001764:	e000ed00 	.word	0xe000ed00
10001768:	20000000 	.word	0x20000000
1000176c:	20000c18 	.word	0x20000c18
10001770:	20000c1c 	.word	0x20000c1c

10001774 <_exit>:
10001774:	be00      	bkpt	0x0000
10001776:	e7fd      	b.n	10001774 <_exit>

10001778 <_sbrk>:
10001778:	0003      	movs	r3, r0
1000177a:	4a0a      	ldr	r2, [pc, #40]	; (100017a4 <_sbrk+0x2c>)
1000177c:	6812      	ldr	r2, [r2, #0]
1000177e:	2a00      	cmp	r2, #0
10001780:	d008      	beq.n	10001794 <_sbrk+0x1c>
10001782:	4a08      	ldr	r2, [pc, #32]	; (100017a4 <_sbrk+0x2c>)
10001784:	6810      	ldr	r0, [r2, #0]
10001786:	18c3      	adds	r3, r0, r3
10001788:	4a07      	ldr	r2, [pc, #28]	; (100017a8 <_sbrk+0x30>)
1000178a:	4293      	cmp	r3, r2
1000178c:	d206      	bcs.n	1000179c <_sbrk+0x24>
1000178e:	4a05      	ldr	r2, [pc, #20]	; (100017a4 <_sbrk+0x2c>)
10001790:	6013      	str	r3, [r2, #0]
10001792:	4770      	bx	lr
10001794:	4a03      	ldr	r2, [pc, #12]	; (100017a4 <_sbrk+0x2c>)
10001796:	4905      	ldr	r1, [pc, #20]	; (100017ac <_sbrk+0x34>)
10001798:	6011      	str	r1, [r2, #0]
1000179a:	e7f2      	b.n	10001782 <_sbrk+0xa>
1000179c:	2001      	movs	r0, #1
1000179e:	4240      	negs	r0, r0
100017a0:	e7f7      	b.n	10001792 <_sbrk+0x1a>
100017a2:	46c0      	nop			; (mov r8, r8)
100017a4:	20001328 	.word	0x20001328
100017a8:	20040000 	.word	0x20040000
100017ac:	20001ce0 	.word	0x20001ce0

100017b0 <exit>:
100017b0:	b510      	push	{r4, lr}
100017b2:	f7ff ffdf 	bl	10001774 <_exit>
	...

100017b8 <__assert_func>:
100017b8:	b510      	push	{r4, lr}
100017ba:	b082      	sub	sp, #8
100017bc:	000c      	movs	r4, r1
100017be:	0019      	movs	r1, r3
100017c0:	2a00      	cmp	r2, #0
100017c2:	d00c      	beq.n	100017de <__assert_func+0x26>
100017c4:	4b08      	ldr	r3, [pc, #32]	; (100017e8 <__assert_func+0x30>)
100017c6:	2a00      	cmp	r2, #0
100017c8:	d00b      	beq.n	100017e2 <__assert_func+0x2a>
100017ca:	9201      	str	r2, [sp, #4]
100017cc:	9300      	str	r3, [sp, #0]
100017ce:	0023      	movs	r3, r4
100017d0:	0002      	movs	r2, r0
100017d2:	4806      	ldr	r0, [pc, #24]	; (100017ec <__assert_func+0x34>)
100017d4:	f002 fd28 	bl	10004228 <__wrap_printf>
100017d8:	2001      	movs	r0, #1
100017da:	f7ff ffcb 	bl	10001774 <_exit>
100017de:	4b04      	ldr	r3, [pc, #16]	; (100017f0 <__assert_func+0x38>)
100017e0:	e7f1      	b.n	100017c6 <__assert_func+0xe>
100017e2:	4a03      	ldr	r2, [pc, #12]	; (100017f0 <__assert_func+0x38>)
100017e4:	e7f1      	b.n	100017ca <__assert_func+0x12>
100017e6:	46c0      	nop			; (mov r8, r8)
100017e8:	10007b08 	.word	0x10007b08
100017ec:	10007b18 	.word	0x10007b18
100017f0:	100088e4 	.word	0x100088e4

100017f4 <panic>:
100017f4:	b40f      	push	{r0, r1, r2, r3}
100017f6:	b500      	push	{lr}
100017f8:	b083      	sub	sp, #12
100017fa:	4808      	ldr	r0, [pc, #32]	; (1000181c <panic+0x28>)
100017fc:	f002 fce4 	bl	100041c8 <__wrap_puts>
10001800:	9b04      	ldr	r3, [sp, #16]
10001802:	2b00      	cmp	r3, #0
10001804:	d007      	beq.n	10001816 <panic+0x22>
10001806:	a905      	add	r1, sp, #20
10001808:	9101      	str	r1, [sp, #4]
1000180a:	0018      	movs	r0, r3
1000180c:	f002 fcea 	bl	100041e4 <__wrap_vprintf>
10001810:	4803      	ldr	r0, [pc, #12]	; (10001820 <panic+0x2c>)
10001812:	f002 fcd9 	bl	100041c8 <__wrap_puts>
10001816:	2001      	movs	r0, #1
10001818:	f7ff ffac 	bl	10001774 <_exit>
1000181c:	10007b48 	.word	0x10007b48
10001820:	10007b58 	.word	0x10007b58

10001824 <clock_configure>:
10001824:	b5f8      	push	{r3, r4, r5, r6, r7, lr}
10001826:	46d6      	mov	lr, sl
10001828:	4647      	mov	r7, r8
1000182a:	b580      	push	{r7, lr}
1000182c:	0006      	movs	r6, r0
1000182e:	000d      	movs	r5, r1
10001830:	0017      	movs	r7, r2
10001832:	9a08      	ldr	r2, [sp, #32]
10001834:	4293      	cmp	r3, r2
10001836:	d343      	bcc.n	100018c0 <clock_configure+0x9c>
10001838:	0e19      	lsrs	r1, r3, #24
1000183a:	0218      	lsls	r0, r3, #8
1000183c:	9a08      	ldr	r2, [sp, #32]
1000183e:	2300      	movs	r3, #0
10001840:	f001 fcda 	bl	100031f8 <__wrap___aeabi_uldivmod>
10001844:	4680      	mov	r8, r0
10001846:	0074      	lsls	r4, r6, #1
10001848:	19a4      	adds	r4, r4, r6
1000184a:	00a4      	lsls	r4, r4, #2
1000184c:	4b2a      	ldr	r3, [pc, #168]	; (100018f8 <clock_configure+0xd4>)
1000184e:	469c      	mov	ip, r3
10001850:	4464      	add	r4, ip
10001852:	6863      	ldr	r3, [r4, #4]
10001854:	4283      	cmp	r3, r0
10001856:	d200      	bcs.n	1000185a <clock_configure+0x36>
10001858:	6060      	str	r0, [r4, #4]
1000185a:	1f33      	subs	r3, r6, #4
1000185c:	b2db      	uxtb	r3, r3
1000185e:	469a      	mov	sl, r3
10001860:	2b01      	cmp	r3, #1
10001862:	d933      	bls.n	100018cc <clock_configure+0xa8>
10001864:	23c0      	movs	r3, #192	; 0xc0
10001866:	019b      	lsls	r3, r3, #6
10001868:	4323      	orrs	r3, r4
1000186a:	2280      	movs	r2, #128	; 0x80
1000186c:	0112      	lsls	r2, r2, #4
1000186e:	601a      	str	r2, [r3, #0]
10001870:	00b3      	lsls	r3, r6, #2
10001872:	4a22      	ldr	r2, [pc, #136]	; (100018fc <clock_configure+0xd8>)
10001874:	5899      	ldr	r1, [r3, r2]
10001876:	2900      	cmp	r1, #0
10001878:	d005      	beq.n	10001886 <clock_configure+0x62>
1000187a:	6950      	ldr	r0, [r2, #20]
1000187c:	f001 fc76 	bl	1000316c <__wrap___aeabi_uidiv>
10001880:	3001      	adds	r0, #1
10001882:	3801      	subs	r0, #1
10001884:	d1fd      	bne.n	10001882 <clock_configure+0x5e>
10001886:	017f      	lsls	r7, r7, #5
10001888:	6822      	ldr	r2, [r4, #0]
1000188a:	4057      	eors	r7, r2
1000188c:	22e0      	movs	r2, #224	; 0xe0
1000188e:	4017      	ands	r7, r2
10001890:	2380      	movs	r3, #128	; 0x80
10001892:	015b      	lsls	r3, r3, #5
10001894:	4323      	orrs	r3, r4
10001896:	601f      	str	r7, [r3, #0]
10001898:	4652      	mov	r2, sl
1000189a:	2a01      	cmp	r2, #1
1000189c:	d921      	bls.n	100018e2 <clock_configure+0xbe>
1000189e:	2380      	movs	r3, #128	; 0x80
100018a0:	019b      	lsls	r3, r3, #6
100018a2:	4323      	orrs	r3, r4
100018a4:	2280      	movs	r2, #128	; 0x80
100018a6:	0112      	lsls	r2, r2, #4
100018a8:	601a      	str	r2, [r3, #0]
100018aa:	4643      	mov	r3, r8
100018ac:	6063      	str	r3, [r4, #4]
100018ae:	00b6      	lsls	r6, r6, #2
100018b0:	4b12      	ldr	r3, [pc, #72]	; (100018fc <clock_configure+0xd8>)
100018b2:	9a08      	ldr	r2, [sp, #32]
100018b4:	50f2      	str	r2, [r6, r3]
100018b6:	2001      	movs	r0, #1
100018b8:	bc0c      	pop	{r2, r3}
100018ba:	4690      	mov	r8, r2
100018bc:	469a      	mov	sl, r3
100018be:	bdf8      	pop	{r3, r4, r5, r6, r7, pc}
100018c0:	4b0f      	ldr	r3, [pc, #60]	; (10001900 <clock_configure+0xdc>)
100018c2:	4a10      	ldr	r2, [pc, #64]	; (10001904 <clock_configure+0xe0>)
100018c4:	212e      	movs	r1, #46	; 0x2e
100018c6:	4810      	ldr	r0, [pc, #64]	; (10001908 <clock_configure+0xe4>)
100018c8:	f7ff ff76 	bl	100017b8 <__assert_func>
100018cc:	2d01      	cmp	r5, #1
100018ce:	d1c9      	bne.n	10001864 <clock_configure+0x40>
100018d0:	23c0      	movs	r3, #192	; 0xc0
100018d2:	019b      	lsls	r3, r3, #6
100018d4:	4323      	orrs	r3, r4
100018d6:	2203      	movs	r2, #3
100018d8:	601a      	str	r2, [r3, #0]
100018da:	68a3      	ldr	r3, [r4, #8]
100018dc:	07db      	lsls	r3, r3, #31
100018de:	d5fc      	bpl.n	100018da <clock_configure+0xb6>
100018e0:	e7d1      	b.n	10001886 <clock_configure+0x62>
100018e2:	6821      	ldr	r1, [r4, #0]
100018e4:	4069      	eors	r1, r5
100018e6:	2203      	movs	r2, #3
100018e8:	400a      	ands	r2, r1
100018ea:	601a      	str	r2, [r3, #0]
100018ec:	68a2      	ldr	r2, [r4, #8]
100018ee:	2301      	movs	r3, #1
100018f0:	40ab      	lsls	r3, r5
100018f2:	4213      	tst	r3, r2
100018f4:	d0fa      	beq.n	100018ec <clock_configure+0xc8>
100018f6:	e7d2      	b.n	1000189e <clock_configure+0x7a>
100018f8:	40008000 	.word	0x40008000
100018fc:	200012cc 	.word	0x200012cc
10001900:	10007b5c 	.word	0x10007b5c
10001904:	10007bac 	.word	0x10007bac
10001908:	10007b70 	.word	0x10007b70

1000190c <clocks_init>:
1000190c:	b530      	push	{r4, r5, lr}
1000190e:	b083      	sub	sp, #12
10001910:	200c      	movs	r0, #12
10001912:	f000 f893 	bl	10001a3c <watchdog_start_tick>
10001916:	f7fe fdad 	bl	10000474 <running_on_fpga>
1000191a:	2800      	cmp	r0, #0
1000191c:	d00d      	beq.n	1000193a <clocks_init+0x2e>
1000191e:	2300      	movs	r3, #0
10001920:	2b09      	cmp	r3, #9
10001922:	d805      	bhi.n	10001930 <clocks_init+0x24>
10001924:	0099      	lsls	r1, r3, #2
10001926:	4a33      	ldr	r2, [pc, #204]	; (100019f4 <clocks_init+0xe8>)
10001928:	4833      	ldr	r0, [pc, #204]	; (100019f8 <clocks_init+0xec>)
1000192a:	5088      	str	r0, [r1, r2]
1000192c:	3301      	adds	r3, #1
1000192e:	e7f7      	b.n	10001920 <clocks_init+0x14>
10001930:	4b30      	ldr	r3, [pc, #192]	; (100019f4 <clocks_init+0xe8>)
10001932:	4a32      	ldr	r2, [pc, #200]	; (100019fc <clocks_init+0xf0>)
10001934:	625a      	str	r2, [r3, #36]	; 0x24
10001936:	b003      	add	sp, #12
10001938:	bd30      	pop	{r4, r5, pc}
1000193a:	4b31      	ldr	r3, [pc, #196]	; (10001a00 <clocks_init+0xf4>)
1000193c:	2200      	movs	r2, #0
1000193e:	679a      	str	r2, [r3, #120]	; 0x78
10001940:	f000 f884 	bl	10001a4c <xosc_init>
10001944:	4b2f      	ldr	r3, [pc, #188]	; (10001a04 <clocks_init+0xf8>)
10001946:	2201      	movs	r2, #1
10001948:	601a      	str	r2, [r3, #0]
1000194a:	4b2d      	ldr	r3, [pc, #180]	; (10001a00 <clocks_init+0xf4>)
1000194c:	6c5b      	ldr	r3, [r3, #68]	; 0x44
1000194e:	2b01      	cmp	r3, #1
10001950:	d1fb      	bne.n	1000194a <clocks_init+0x3e>
10001952:	4b2d      	ldr	r3, [pc, #180]	; (10001a08 <clocks_init+0xfc>)
10001954:	2203      	movs	r2, #3
10001956:	601a      	str	r2, [r3, #0]
10001958:	4b29      	ldr	r3, [pc, #164]	; (10001a00 <clocks_init+0xf4>)
1000195a:	6b9b      	ldr	r3, [r3, #56]	; 0x38
1000195c:	2b01      	cmp	r3, #1
1000195e:	d1fb      	bne.n	10001958 <clocks_init+0x4c>
10001960:	23c0      	movs	r3, #192	; 0xc0
10001962:	019b      	lsls	r3, r3, #6
10001964:	4a29      	ldr	r2, [pc, #164]	; (10001a0c <clocks_init+0x100>)
10001966:	6013      	str	r3, [r2, #0]
10001968:	4a29      	ldr	r2, [pc, #164]	; (10001a10 <clocks_init+0x104>)
1000196a:	6013      	str	r3, [r2, #0]
1000196c:	4b29      	ldr	r3, [pc, #164]	; (10001a14 <clocks_init+0x108>)
1000196e:	689a      	ldr	r2, [r3, #8]
10001970:	23c0      	movs	r3, #192	; 0xc0
10001972:	019b      	lsls	r3, r3, #6
10001974:	4393      	bics	r3, r2
10001976:	d1f9      	bne.n	1000196c <clocks_init+0x60>
10001978:	2402      	movs	r4, #2
1000197a:	9400      	str	r4, [sp, #0]
1000197c:	3306      	adds	r3, #6
1000197e:	4a26      	ldr	r2, [pc, #152]	; (10001a18 <clocks_init+0x10c>)
10001980:	2101      	movs	r1, #1
10001982:	4826      	ldr	r0, [pc, #152]	; (10001a1c <clocks_init+0x110>)
10001984:	f000 f876 	bl	10001a74 <pll_init>
10001988:	9400      	str	r4, [sp, #0]
1000198a:	2305      	movs	r3, #5
1000198c:	4a24      	ldr	r2, [pc, #144]	; (10001a20 <clocks_init+0x114>)
1000198e:	2101      	movs	r1, #1
10001990:	4824      	ldr	r0, [pc, #144]	; (10001a24 <clocks_init+0x118>)
10001992:	f000 f86f 	bl	10001a74 <pll_init>
10001996:	4b24      	ldr	r3, [pc, #144]	; (10001a28 <clocks_init+0x11c>)
10001998:	9300      	str	r3, [sp, #0]
1000199a:	2200      	movs	r2, #0
1000199c:	2102      	movs	r1, #2
1000199e:	2004      	movs	r0, #4
100019a0:	f7ff ff40 	bl	10001824 <clock_configure>
100019a4:	4d21      	ldr	r5, [pc, #132]	; (10001a2c <clocks_init+0x120>)
100019a6:	9500      	str	r5, [sp, #0]
100019a8:	002b      	movs	r3, r5
100019aa:	2200      	movs	r2, #0
100019ac:	2101      	movs	r1, #1
100019ae:	2005      	movs	r0, #5
100019b0:	f7ff ff38 	bl	10001824 <clock_configure>
100019b4:	4c10      	ldr	r4, [pc, #64]	; (100019f8 <clocks_init+0xec>)
100019b6:	9400      	str	r4, [sp, #0]
100019b8:	0023      	movs	r3, r4
100019ba:	2200      	movs	r2, #0
100019bc:	2100      	movs	r1, #0
100019be:	2007      	movs	r0, #7
100019c0:	f7ff ff30 	bl	10001824 <clock_configure>
100019c4:	9400      	str	r4, [sp, #0]
100019c6:	0023      	movs	r3, r4
100019c8:	2200      	movs	r2, #0
100019ca:	2100      	movs	r1, #0
100019cc:	2008      	movs	r0, #8
100019ce:	f7ff ff29 	bl	10001824 <clock_configure>
100019d2:	4b0a      	ldr	r3, [pc, #40]	; (100019fc <clocks_init+0xf0>)
100019d4:	9300      	str	r3, [sp, #0]
100019d6:	0023      	movs	r3, r4
100019d8:	2200      	movs	r2, #0
100019da:	2100      	movs	r1, #0
100019dc:	2009      	movs	r0, #9
100019de:	f7ff ff21 	bl	10001824 <clock_configure>
100019e2:	9500      	str	r5, [sp, #0]
100019e4:	002b      	movs	r3, r5
100019e6:	2200      	movs	r2, #0
100019e8:	2100      	movs	r1, #0
100019ea:	2006      	movs	r0, #6
100019ec:	f7ff ff1a 	bl	10001824 <clock_configure>
100019f0:	e7a1      	b.n	10001936 <clocks_init+0x2a>
100019f2:	46c0      	nop			; (mov r8, r8)
100019f4:	200012cc 	.word	0x200012cc
100019f8:	02dc6c00 	.word	0x02dc6c00
100019fc:	0000b71b 	.word	0x0000b71b
10001a00:	40008000 	.word	0x40008000
10001a04:	4000b03c 	.word	0x4000b03c
10001a08:	4000b030 	.word	0x4000b030
10001a0c:	4000e000 	.word	0x4000e000
10001a10:	4000f000 	.word	0x4000f000
10001a14:	4000c000 	.word	0x4000c000
10001a18:	59682f00 	.word	0x59682f00
10001a1c:	40028000 	.word	0x40028000
10001a20:	1c9c3800 	.word	0x1c9c3800
10001a24:	4002c000 	.word	0x4002c000
10001a28:	00b71b00 	.word	0x00b71b00
10001a2c:	07735940 	.word	0x07735940

10001a30 <clock_get_hz>:
10001a30:	0080      	lsls	r0, r0, #2
10001a32:	4b01      	ldr	r3, [pc, #4]	; (10001a38 <clock_get_hz+0x8>)
10001a34:	58c0      	ldr	r0, [r0, r3]
10001a36:	4770      	bx	lr
10001a38:	200012cc 	.word	0x200012cc

10001a3c <watchdog_start_tick>:
10001a3c:	2380      	movs	r3, #128	; 0x80
10001a3e:	009b      	lsls	r3, r3, #2
10001a40:	4303      	orrs	r3, r0
10001a42:	4a01      	ldr	r2, [pc, #4]	; (10001a48 <watchdog_start_tick+0xc>)
10001a44:	62d3      	str	r3, [r2, #44]	; 0x2c
10001a46:	4770      	bx	lr
10001a48:	40058000 	.word	0x40058000

10001a4c <xosc_init>:
10001a4c:	4b06      	ldr	r3, [pc, #24]	; (10001a68 <xosc_init+0x1c>)
10001a4e:	22aa      	movs	r2, #170	; 0xaa
10001a50:	0112      	lsls	r2, r2, #4
10001a52:	601a      	str	r2, [r3, #0]
10001a54:	222f      	movs	r2, #47	; 0x2f
10001a56:	60da      	str	r2, [r3, #12]
10001a58:	4b04      	ldr	r3, [pc, #16]	; (10001a6c <xosc_init+0x20>)
10001a5a:	4a05      	ldr	r2, [pc, #20]	; (10001a70 <xosc_init+0x24>)
10001a5c:	601a      	str	r2, [r3, #0]
10001a5e:	4b02      	ldr	r3, [pc, #8]	; (10001a68 <xosc_init+0x1c>)
10001a60:	685b      	ldr	r3, [r3, #4]
10001a62:	2b00      	cmp	r3, #0
10001a64:	dafb      	bge.n	10001a5e <xosc_init+0x12>
10001a66:	4770      	bx	lr
10001a68:	40024000 	.word	0x40024000
10001a6c:	40026000 	.word	0x40026000
10001a70:	00fab000 	.word	0x00fab000

10001a74 <pll_init>:
10001a74:	b5f8      	push	{r3, r4, r5, r6, r7, lr}
10001a76:	46ce      	mov	lr, r9
10001a78:	4647      	mov	r7, r8
10001a7a:	b580      	push	{r7, lr}
10001a7c:	0004      	movs	r4, r0
10001a7e:	4689      	mov	r9, r1
10001a80:	4690      	mov	r8, r2
10001a82:	001d      	movs	r5, r3
10001a84:	ab08      	add	r3, sp, #32
10001a86:	781f      	ldrb	r7, [r3, #0]
10001a88:	2301      	movs	r3, #1
10001a8a:	425b      	negs	r3, r3
10001a8c:	6043      	str	r3, [r0, #4]
10001a8e:	2300      	movs	r3, #0
10001a90:	6083      	str	r3, [r0, #8]
10001a92:	200c      	movs	r0, #12
10001a94:	f001 fb6a 	bl	1000316c <__wrap___aeabi_uidiv>
10001a98:	0006      	movs	r6, r0
10001a9a:	464b      	mov	r3, r9
10001a9c:	6023      	str	r3, [r4, #0]
10001a9e:	0143      	lsls	r3, r0, #5
10001aa0:	1a1b      	subs	r3, r3, r0
10001aa2:	0199      	lsls	r1, r3, #6
10001aa4:	1ac9      	subs	r1, r1, r3
10001aa6:	00c9      	lsls	r1, r1, #3
10001aa8:	1809      	adds	r1, r1, r0
10001aaa:	0189      	lsls	r1, r1, #6
10001aac:	4640      	mov	r0, r8
10001aae:	f001 fb5d 	bl	1000316c <__wrap___aeabi_uidiv>
10001ab2:	0002      	movs	r2, r0
10001ab4:	3a10      	subs	r2, #16
10001ab6:	2398      	movs	r3, #152	; 0x98
10001ab8:	005b      	lsls	r3, r3, #1
10001aba:	429a      	cmp	r2, r3
10001abc:	d820      	bhi.n	10001b00 <pll_init+0x8c>
10001abe:	1e6b      	subs	r3, r5, #1
10001ac0:	2b06      	cmp	r3, #6
10001ac2:	d823      	bhi.n	10001b0c <pll_init+0x98>
10001ac4:	1e7b      	subs	r3, r7, #1
10001ac6:	b2db      	uxtb	r3, r3
10001ac8:	2b06      	cmp	r3, #6
10001aca:	d81f      	bhi.n	10001b0c <pll_init+0x98>
10001acc:	42af      	cmp	r7, r5
10001ace:	d823      	bhi.n	10001b18 <pll_init+0xa4>
10001ad0:	4643      	mov	r3, r8
10001ad2:	091a      	lsrs	r2, r3, #4
10001ad4:	42b2      	cmp	r2, r6
10001ad6:	d325      	bcc.n	10001b24 <pll_init+0xb0>
10001ad8:	60a0      	str	r0, [r4, #8]
10001ada:	1d22      	adds	r2, r4, #4
10001adc:	23c0      	movs	r3, #192	; 0xc0
10001ade:	019b      	lsls	r3, r3, #6
10001ae0:	4313      	orrs	r3, r2
10001ae2:	2221      	movs	r2, #33	; 0x21
10001ae4:	601a      	str	r2, [r3, #0]
10001ae6:	6822      	ldr	r2, [r4, #0]
10001ae8:	2a00      	cmp	r2, #0
10001aea:	dafc      	bge.n	10001ae6 <pll_init+0x72>
10001aec:	042d      	lsls	r5, r5, #16
10001aee:	033f      	lsls	r7, r7, #12
10001af0:	432f      	orrs	r7, r5
10001af2:	60e7      	str	r7, [r4, #12]
10001af4:	2208      	movs	r2, #8
10001af6:	601a      	str	r2, [r3, #0]
10001af8:	bc0c      	pop	{r2, r3}
10001afa:	4690      	mov	r8, r2
10001afc:	4699      	mov	r9, r3
10001afe:	bdf8      	pop	{r3, r4, r5, r6, r7, pc}
10001b00:	4b0b      	ldr	r3, [pc, #44]	; (10001b30 <pll_init+0xbc>)
10001b02:	4a0c      	ldr	r2, [pc, #48]	; (10001b34 <pll_init+0xc0>)
10001b04:	211a      	movs	r1, #26
10001b06:	480c      	ldr	r0, [pc, #48]	; (10001b38 <pll_init+0xc4>)
10001b08:	f7ff fe56 	bl	100017b8 <__assert_func>
10001b0c:	4b0b      	ldr	r3, [pc, #44]	; (10001b3c <pll_init+0xc8>)
10001b0e:	4a09      	ldr	r2, [pc, #36]	; (10001b34 <pll_init+0xc0>)
10001b10:	211d      	movs	r1, #29
10001b12:	4809      	ldr	r0, [pc, #36]	; (10001b38 <pll_init+0xc4>)
10001b14:	f7ff fe50 	bl	100017b8 <__assert_func>
10001b18:	4b09      	ldr	r3, [pc, #36]	; (10001b40 <pll_init+0xcc>)
10001b1a:	4a06      	ldr	r2, [pc, #24]	; (10001b34 <pll_init+0xc0>)
10001b1c:	2123      	movs	r1, #35	; 0x23
10001b1e:	4806      	ldr	r0, [pc, #24]	; (10001b38 <pll_init+0xc4>)
10001b20:	f7ff fe4a 	bl	100017b8 <__assert_func>
10001b24:	4b07      	ldr	r3, [pc, #28]	; (10001b44 <pll_init+0xd0>)
10001b26:	4a03      	ldr	r2, [pc, #12]	; (10001b34 <pll_init+0xc0>)
10001b28:	2127      	movs	r1, #39	; 0x27
10001b2a:	4803      	ldr	r0, [pc, #12]	; (10001b38 <pll_init+0xc4>)
10001b2c:	f7ff fe44 	bl	100017b8 <__assert_func>
10001b30:	10007bbc 	.word	0x10007bbc
10001b34:	10007c8c 	.word	0x10007c8c
10001b38:	10007bd8 	.word	0x10007bd8
10001b3c:	10007c0c 	.word	0x10007c0c
10001b40:	10007c58 	.word	0x10007c58
10001b44:	10007c70 	.word	0x10007c70

10001b48 <set_raw_irq_handler_and_unlock>:
10001b48:	4b07      	ldr	r3, [pc, #28]	; (10001b68 <set_raw_irq_handler_and_unlock+0x20>)
10001b4a:	689b      	ldr	r3, [r3, #8]
10001b4c:	3010      	adds	r0, #16
10001b4e:	0080      	lsls	r0, r0, #2
10001b50:	5019      	str	r1, [r3, r0]
10001b52:	f3bf 8f5f 	dmb	sy
10001b56:	f3bf 8f5f 	dmb	sy
10001b5a:	4b04      	ldr	r3, [pc, #16]	; (10001b6c <set_raw_irq_handler_and_unlock+0x24>)
10001b5c:	2100      	movs	r1, #0
10001b5e:	6019      	str	r1, [r3, #0]
10001b60:	f382 8810 	msr	PRIMASK, r2
10001b64:	4770      	bx	lr
10001b66:	46c0      	nop			; (mov r8, r8)
10001b68:	e000ed00 	.word	0xe000ed00
10001b6c:	d0000124 	.word	0xd0000124

10001b70 <make_branch>:
10001b70:	b510      	push	{r4, lr}
10001b72:	1a09      	subs	r1, r1, r0
10001b74:	3904      	subs	r1, #4
10001b76:	0848      	lsrs	r0, r1, #1
10001b78:	0b09      	lsrs	r1, r1, #12
10001b7a:	d105      	bne.n	10001b88 <make_branch+0x18>
10001b7c:	0540      	lsls	r0, r0, #21
10001b7e:	0d40      	lsrs	r0, r0, #21
10001b80:	4b04      	ldr	r3, [pc, #16]	; (10001b94 <make_branch+0x24>)
10001b82:	4318      	orrs	r0, r3
10001b84:	b280      	uxth	r0, r0
10001b86:	bd10      	pop	{r4, pc}
10001b88:	4b03      	ldr	r3, [pc, #12]	; (10001b98 <make_branch+0x28>)
10001b8a:	4a04      	ldr	r2, [pc, #16]	; (10001b9c <make_branch+0x2c>)
10001b8c:	218d      	movs	r1, #141	; 0x8d
10001b8e:	4804      	ldr	r0, [pc, #16]	; (10001ba0 <make_branch+0x30>)
10001b90:	f7ff fe12 	bl	100017b8 <__assert_func>
10001b94:	ffffe000 	.word	0xffffe000
10001b98:	10007c98 	.word	0x10007c98
10001b9c:	10007e6c 	.word	0x10007e6c
10001ba0:	10007ca8 	.word	0x10007ca8

10001ba4 <insert_branch_and_link>:
10001ba4:	b510      	push	{r4, lr}
10001ba6:	1a09      	subs	r1, r1, r0
10001ba8:	3904      	subs	r1, #4
10001baa:	084c      	lsrs	r4, r1, #1
10001bac:	0b09      	lsrs	r1, r1, #12
10001bae:	d108      	bne.n	10001bc2 <insert_branch_and_link+0x1e>
10001bb0:	0549      	lsls	r1, r1, #21
10001bb2:	0d49      	lsrs	r1, r1, #21
10001bb4:	4a06      	ldr	r2, [pc, #24]	; (10001bd0 <insert_branch_and_link+0x2c>)
10001bb6:	4311      	orrs	r1, r2
10001bb8:	8001      	strh	r1, [r0, #0]
10001bba:	4b06      	ldr	r3, [pc, #24]	; (10001bd4 <insert_branch_and_link+0x30>)
10001bbc:	4323      	orrs	r3, r4
10001bbe:	8043      	strh	r3, [r0, #2]
10001bc0:	bd10      	pop	{r4, pc}
10001bc2:	4b05      	ldr	r3, [pc, #20]	; (10001bd8 <insert_branch_and_link+0x34>)
10001bc4:	4a05      	ldr	r2, [pc, #20]	; (10001bdc <insert_branch_and_link+0x38>)
10001bc6:	2195      	movs	r1, #149	; 0x95
10001bc8:	4805      	ldr	r0, [pc, #20]	; (10001be0 <insert_branch_and_link+0x3c>)
10001bca:	f7ff fdf5 	bl	100017b8 <__assert_func>
10001bce:	46c0      	nop			; (mov r8, r8)
10001bd0:	fffff000 	.word	0xfffff000
10001bd4:	fffff800 	.word	0xfffff800
10001bd8:	10007c98 	.word	0x10007c98
10001bdc:	10007e78 	.word	0x10007e78
10001be0:	10007ca8 	.word	0x10007ca8

10001be4 <irq_is_enabled>:
10001be4:	2301      	movs	r3, #1
10001be6:	4083      	lsls	r3, r0
10001be8:	4a03      	ldr	r2, [pc, #12]	; (10001bf8 <irq_is_enabled+0x14>)
10001bea:	6810      	ldr	r0, [r2, #0]
10001bec:	4018      	ands	r0, r3
10001bee:	1e43      	subs	r3, r0, #1
10001bf0:	4198      	sbcs	r0, r3
10001bf2:	b2c0      	uxtb	r0, r0
10001bf4:	4770      	bx	lr
10001bf6:	46c0      	nop			; (mov r8, r8)
10001bf8:	e000e100 	.word	0xe000e100

10001bfc <irq_set_mask_enabled>:
10001bfc:	2900      	cmp	r1, #0
10001bfe:	d004      	beq.n	10001c0a <irq_set_mask_enabled+0xe>
10001c00:	4b03      	ldr	r3, [pc, #12]	; (10001c10 <irq_set_mask_enabled+0x14>)
10001c02:	6018      	str	r0, [r3, #0]
10001c04:	4b03      	ldr	r3, [pc, #12]	; (10001c14 <irq_set_mask_enabled+0x18>)
10001c06:	6018      	str	r0, [r3, #0]
10001c08:	4770      	bx	lr
10001c0a:	4b03      	ldr	r3, [pc, #12]	; (10001c18 <irq_set_mask_enabled+0x1c>)
10001c0c:	6018      	str	r0, [r3, #0]
10001c0e:	e7fb      	b.n	10001c08 <irq_set_mask_enabled+0xc>
10001c10:	e000e280 	.word	0xe000e280
10001c14:	e000e100 	.word	0xe000e100
10001c18:	e000e180 	.word	0xe000e180

10001c1c <irq_set_enabled>:
10001c1c:	b510      	push	{r4, lr}
10001c1e:	2301      	movs	r3, #1
10001c20:	4083      	lsls	r3, r0
10001c22:	0018      	movs	r0, r3
10001c24:	f7ff ffea 	bl	10001bfc <irq_set_mask_enabled>
10001c28:	bd10      	pop	{r4, pc}
	...

10001c2c <irq_set_pending>:
10001c2c:	2301      	movs	r3, #1
10001c2e:	4083      	lsls	r3, r0
10001c30:	4a01      	ldr	r2, [pc, #4]	; (10001c38 <irq_set_pending+0xc>)
10001c32:	6013      	str	r3, [r2, #0]
10001c34:	4770      	bx	lr
10001c36:	46c0      	nop			; (mov r8, r8)
10001c38:	e000e200 	.word	0xe000e200

10001c3c <irq_get_vtable_handler>:
10001c3c:	4b02      	ldr	r3, [pc, #8]	; (10001c48 <irq_get_vtable_handler+0xc>)
10001c3e:	689b      	ldr	r3, [r3, #8]
10001c40:	3010      	adds	r0, #16
10001c42:	0080      	lsls	r0, r0, #2
10001c44:	58c0      	ldr	r0, [r0, r3]
10001c46:	4770      	bx	lr
10001c48:	e000ed00 	.word	0xe000ed00

10001c4c <irq_set_exclusive_handler>:
10001c4c:	b570      	push	{r4, r5, r6, lr}
10001c4e:	0004      	movs	r4, r0
10001c50:	000d      	movs	r5, r1
10001c52:	f3ef 8610 	mrs	r6, PRIMASK
10001c56:	b672      	cpsid	i
10001c58:	4b0c      	ldr	r3, [pc, #48]	; (10001c8c <irq_set_exclusive_handler+0x40>)
10001c5a:	681b      	ldr	r3, [r3, #0]
10001c5c:	2b00      	cmp	r3, #0
10001c5e:	d0fb      	beq.n	10001c58 <irq_set_exclusive_handler+0xc>
10001c60:	f3bf 8f5f 	dmb	sy
10001c64:	0020      	movs	r0, r4
10001c66:	f7ff ffe9 	bl	10001c3c <irq_get_vtable_handler>
10001c6a:	4b09      	ldr	r3, [pc, #36]	; (10001c90 <irq_set_exclusive_handler+0x44>)
10001c6c:	4298      	cmp	r0, r3
10001c6e:	d001      	beq.n	10001c74 <irq_set_exclusive_handler+0x28>
10001c70:	42a8      	cmp	r0, r5
10001c72:	d105      	bne.n	10001c80 <irq_set_exclusive_handler+0x34>
10001c74:	0032      	movs	r2, r6
10001c76:	0029      	movs	r1, r5
10001c78:	0020      	movs	r0, r4
10001c7a:	f7ff ff65 	bl	10001b48 <set_raw_irq_handler_and_unlock>
10001c7e:	bd70      	pop	{r4, r5, r6, pc}
10001c80:	4b04      	ldr	r3, [pc, #16]	; (10001c94 <irq_set_exclusive_handler+0x48>)
10001c82:	4a05      	ldr	r2, [pc, #20]	; (10001c98 <irq_set_exclusive_handler+0x4c>)
10001c84:	2171      	movs	r1, #113	; 0x71
10001c86:	4805      	ldr	r0, [pc, #20]	; (10001c9c <irq_set_exclusive_handler+0x50>)
10001c88:	f7ff fd96 	bl	100017b8 <__assert_func>
10001c8c:	d0000124 	.word	0xd0000124
10001c90:	100001cd 	.word	0x100001cd
10001c94:	10007cdc 	.word	0x10007cdc
10001c98:	10007e50 	.word	0x10007e50
10001c9c:	10007ca8 	.word	0x10007ca8

10001ca0 <irq_remove_handler>:
10001ca0:	b5f0      	push	{r4, r5, r6, r7, lr}
10001ca2:	46ce      	mov	lr, r9
10001ca4:	4647      	mov	r7, r8
10001ca6:	b580      	push	{r7, lr}
10001ca8:	b083      	sub	sp, #12
10001caa:	0006      	movs	r6, r0
10001cac:	000d      	movs	r5, r1
10001cae:	f3ef 8810 	mrs	r8, PRIMASK
10001cb2:	b672      	cpsid	i
10001cb4:	4b5a      	ldr	r3, [pc, #360]	; (10001e20 <irq_remove_handler+0x180>)
10001cb6:	681b      	ldr	r3, [r3, #0]
10001cb8:	2b00      	cmp	r3, #0
10001cba:	d0fb      	beq.n	10001cb4 <irq_remove_handler+0x14>
10001cbc:	f3bf 8f5f 	dmb	sy
10001cc0:	4b58      	ldr	r3, [pc, #352]	; (10001e24 <irq_remove_handler+0x184>)
10001cc2:	689a      	ldr	r2, [r3, #8]
10001cc4:	0034      	movs	r4, r6
10001cc6:	3410      	adds	r4, #16
10001cc8:	00a3      	lsls	r3, r4, #2
10001cca:	58d7      	ldr	r7, [r2, r3]
10001ccc:	4b56      	ldr	r3, [pc, #344]	; (10001e28 <irq_remove_handler+0x188>)
10001cce:	429f      	cmp	r7, r3
10001cd0:	d007      	beq.n	10001ce2 <irq_remove_handler+0x42>
10001cd2:	42af      	cmp	r7, r5
10001cd4:	d100      	bne.n	10001cd8 <irq_remove_handler+0x38>
10001cd6:	e0a0      	b.n	10001e1a <irq_remove_handler+0x17a>
10001cd8:	9701      	str	r7, [sp, #4]
10001cda:	4b54      	ldr	r3, [pc, #336]	; (10001e2c <irq_remove_handler+0x18c>)
10001cdc:	1afb      	subs	r3, r7, r3
10001cde:	2b2f      	cmp	r3, #47	; 0x2f
10001ce0:	d909      	bls.n	10001cf6 <irq_remove_handler+0x56>
10001ce2:	4642      	mov	r2, r8
10001ce4:	0039      	movs	r1, r7
10001ce6:	0030      	movs	r0, r6
10001ce8:	f7ff ff2e 	bl	10001b48 <set_raw_irq_handler_and_unlock>
10001cec:	b003      	add	sp, #12
10001cee:	bc0c      	pop	{r2, r3}
10001cf0:	4690      	mov	r8, r2
10001cf2:	4699      	mov	r9, r3
10001cf4:	bdf0      	pop	{r4, r5, r6, r7, pc}
10001cf6:	0030      	movs	r0, r6
10001cf8:	f7ff ff74 	bl	10001be4 <irq_is_enabled>
10001cfc:	4681      	mov	r9, r0
10001cfe:	2100      	movs	r1, #0
10001d00:	0030      	movs	r0, r6
10001d02:	f7ff ff8b 	bl	10001c1c <irq_set_enabled>
10001d06:	f3bf 8f5f 	dmb	sy
10001d0a:	f7fe faac 	bl	10000266 <__get_current_exception>
10001d0e:	2800      	cmp	r0, #0
10001d10:	d001      	beq.n	10001d16 <irq_remove_handler+0x76>
10001d12:	4284      	cmp	r4, r0
10001d14:	d11e      	bne.n	10001d54 <irq_remove_handler+0xb4>
10001d16:	2301      	movs	r3, #1
10001d18:	9c01      	ldr	r4, [sp, #4]
10001d1a:	439c      	bics	r4, r3
10001d1c:	4a43      	ldr	r2, [pc, #268]	; (10001e2c <irq_remove_handler+0x18c>)
10001d1e:	1aa2      	subs	r2, r4, r2
10001d20:	1092      	asrs	r2, r2, #2
10001d22:	0093      	lsls	r3, r2, #2
10001d24:	189b      	adds	r3, r3, r2
10001d26:	0119      	lsls	r1, r3, #4
10001d28:	185b      	adds	r3, r3, r1
10001d2a:	0219      	lsls	r1, r3, #8
10001d2c:	185b      	adds	r3, r3, r1
10001d2e:	0419      	lsls	r1, r3, #16
10001d30:	1859      	adds	r1, r3, r1
10001d32:	0049      	lsls	r1, r1, #1
10001d34:	1889      	adds	r1, r1, r2
10001d36:	2200      	movs	r2, #0
10001d38:	68a3      	ldr	r3, [r4, #8]
10001d3a:	42ab      	cmp	r3, r5
10001d3c:	d012      	beq.n	10001d64 <irq_remove_handler+0xc4>
10001d3e:	2206      	movs	r2, #6
10001d40:	56a2      	ldrsb	r2, [r4, r2]
10001d42:	2a00      	cmp	r2, #0
10001d44:	db0d      	blt.n	10001d62 <irq_remove_handler+0xc2>
10001d46:	0053      	lsls	r3, r2, #1
10001d48:	189b      	adds	r3, r3, r2
10001d4a:	009b      	lsls	r3, r3, #2
10001d4c:	0022      	movs	r2, r4
10001d4e:	4c37      	ldr	r4, [pc, #220]	; (10001e2c <irq_remove_handler+0x18c>)
10001d50:	18e4      	adds	r4, r4, r3
10001d52:	e7f1      	b.n	10001d38 <irq_remove_handler+0x98>
10001d54:	218e      	movs	r1, #142	; 0x8e
10001d56:	4b36      	ldr	r3, [pc, #216]	; (10001e30 <irq_remove_handler+0x190>)
10001d58:	4a36      	ldr	r2, [pc, #216]	; (10001e34 <irq_remove_handler+0x194>)
10001d5a:	0049      	lsls	r1, r1, #1
10001d5c:	4836      	ldr	r0, [pc, #216]	; (10001e38 <irq_remove_handler+0x198>)
10001d5e:	f7ff fd2b 	bl	100017b8 <__assert_func>
10001d62:	0022      	movs	r2, r4
10001d64:	42ab      	cmp	r3, r5
10001d66:	d151      	bne.n	10001e0c <irq_remove_handler+0x16c>
10001d68:	2506      	movs	r5, #6
10001d6a:	5765      	ldrsb	r5, [r4, r5]
10001d6c:	2d00      	cmp	r5, #0
10001d6e:	db39      	blt.n	10001de4 <irq_remove_handler+0x144>
10001d70:	006b      	lsls	r3, r5, #1
10001d72:	195b      	adds	r3, r3, r5
10001d74:	009a      	lsls	r2, r3, #2
10001d76:	4b2d      	ldr	r3, [pc, #180]	; (10001e2c <irq_remove_handler+0x18c>)
10001d78:	189b      	adds	r3, r3, r2
10001d7a:	689a      	ldr	r2, [r3, #8]
10001d7c:	60a2      	str	r2, [r4, #8]
10001d7e:	79da      	ldrb	r2, [r3, #7]
10001d80:	71e2      	strb	r2, [r4, #7]
10001d82:	2206      	movs	r2, #6
10001d84:	569a      	ldrsb	r2, [r3, r2]
10001d86:	71a2      	strb	r2, [r4, #6]
10001d88:	799b      	ldrb	r3, [r3, #6]
10001d8a:	b25b      	sxtb	r3, r3
10001d8c:	2b00      	cmp	r3, #0
10001d8e:	da10      	bge.n	10001db2 <irq_remove_handler+0x112>
10001d90:	20bd      	movs	r0, #189	; 0xbd
10001d92:	0200      	lsls	r0, r0, #8
10001d94:	80a0      	strh	r0, [r4, #4]
10001d96:	006b      	lsls	r3, r5, #1
10001d98:	195b      	adds	r3, r3, r5
10001d9a:	009b      	lsls	r3, r3, #2
10001d9c:	4a23      	ldr	r2, [pc, #140]	; (10001e2c <irq_remove_handler+0x18c>)
10001d9e:	18d3      	adds	r3, r2, r3
10001da0:	4a26      	ldr	r2, [pc, #152]	; (10001e3c <irq_remove_handler+0x19c>)
10001da2:	7811      	ldrb	r1, [r2, #0]
10001da4:	7199      	strb	r1, [r3, #6]
10001da6:	7015      	strb	r5, [r2, #0]
10001da8:	4649      	mov	r1, r9
10001daa:	0030      	movs	r0, r6
10001dac:	f7ff ff36 	bl	10001c1c <irq_set_enabled>
10001db0:	e797      	b.n	10001ce2 <irq_remove_handler+0x42>
10001db2:	1d20      	adds	r0, r4, #4
10001db4:	006b      	lsls	r3, r5, #1
10001db6:	195b      	adds	r3, r3, r5
10001db8:	009b      	lsls	r3, r3, #2
10001dba:	4a1c      	ldr	r2, [pc, #112]	; (10001e2c <irq_remove_handler+0x18c>)
10001dbc:	189b      	adds	r3, r3, r2
10001dbe:	1d1a      	adds	r2, r3, #4
10001dc0:	889b      	ldrh	r3, [r3, #4]
10001dc2:	0ad9      	lsrs	r1, r3, #11
10001dc4:	291c      	cmp	r1, #28
10001dc6:	d107      	bne.n	10001dd8 <irq_remove_handler+0x138>
10001dc8:	0559      	lsls	r1, r3, #21
10001dca:	1549      	asrs	r1, r1, #21
10001dcc:	3102      	adds	r1, #2
10001dce:	0049      	lsls	r1, r1, #1
10001dd0:	1851      	adds	r1, r2, r1
10001dd2:	f7ff fecd 	bl	10001b70 <make_branch>
10001dd6:	e7dd      	b.n	10001d94 <irq_remove_handler+0xf4>
10001dd8:	4b19      	ldr	r3, [pc, #100]	; (10001e40 <irq_remove_handler+0x1a0>)
10001dda:	4a1a      	ldr	r2, [pc, #104]	; (10001e44 <irq_remove_handler+0x1a4>)
10001ddc:	219b      	movs	r1, #155	; 0x9b
10001dde:	4816      	ldr	r0, [pc, #88]	; (10001e38 <irq_remove_handler+0x198>)
10001de0:	f7ff fcea 	bl	100017b8 <__assert_func>
10001de4:	2800      	cmp	r0, #0
10001de6:	d10c      	bne.n	10001e02 <irq_remove_handler+0x162>
10001de8:	2a00      	cmp	r2, #0
10001dea:	d008      	beq.n	10001dfe <irq_remove_handler+0x15e>
10001dec:	23ff      	movs	r3, #255	; 0xff
10001dee:	7193      	strb	r3, [r2, #6]
10001df0:	4b15      	ldr	r3, [pc, #84]	; (10001e48 <irq_remove_handler+0x1a8>)
10001df2:	8093      	strh	r3, [r2, #4]
10001df4:	4b11      	ldr	r3, [pc, #68]	; (10001e3c <irq_remove_handler+0x19c>)
10001df6:	781a      	ldrb	r2, [r3, #0]
10001df8:	71a2      	strb	r2, [r4, #6]
10001dfa:	7019      	strb	r1, [r3, #0]
10001dfc:	e7d4      	b.n	10001da8 <irq_remove_handler+0x108>
10001dfe:	4f0a      	ldr	r7, [pc, #40]	; (10001e28 <irq_remove_handler+0x188>)
10001e00:	e7f8      	b.n	10001df4 <irq_remove_handler+0x154>
10001e02:	1d20      	adds	r0, r4, #4
10001e04:	4911      	ldr	r1, [pc, #68]	; (10001e4c <irq_remove_handler+0x1ac>)
10001e06:	f7ff fecd 	bl	10001ba4 <insert_branch_and_link>
10001e0a:	e7cd      	b.n	10001da8 <irq_remove_handler+0x108>
10001e0c:	2152      	movs	r1, #82	; 0x52
10001e0e:	4b10      	ldr	r3, [pc, #64]	; (10001e50 <irq_remove_handler+0x1b0>)
10001e10:	4a08      	ldr	r2, [pc, #32]	; (10001e34 <irq_remove_handler+0x194>)
10001e12:	31ff      	adds	r1, #255	; 0xff
10001e14:	4808      	ldr	r0, [pc, #32]	; (10001e38 <irq_remove_handler+0x198>)
10001e16:	f7ff fccf 	bl	100017b8 <__assert_func>
10001e1a:	4f03      	ldr	r7, [pc, #12]	; (10001e28 <irq_remove_handler+0x188>)
10001e1c:	e761      	b.n	10001ce2 <irq_remove_handler+0x42>
10001e1e:	46c0      	nop			; (mov r8, r8)
10001e20:	d0000124 	.word	0xd0000124
10001e24:	e000ed00 	.word	0xe000ed00
10001e28:	100001cd 	.word	0x100001cd
10001e2c:	200002f4 	.word	0x200002f4
10001e30:	10007df0 	.word	0x10007df0
10001e34:	10007ea0 	.word	0x10007ea0
10001e38:	10007ca8 	.word	0x10007ca8
10001e3c:	200019dc 	.word	0x200019dc
10001e40:	10007dd8 	.word	0x10007dd8
10001e44:	10007e90 	.word	0x10007e90
10001e48:	ffffbd00 	.word	0xffffbd00
10001e4c:	2000032e 	.word	0x2000032e
10001e50:	10007e14 	.word	0x10007e14

10001e54 <irq_set_priority>:
10001e54:	b510      	push	{r4, lr}
10001e56:	2303      	movs	r3, #3
10001e58:	0004      	movs	r4, r0
10001e5a:	439c      	bics	r4, r3
10001e5c:	4a06      	ldr	r2, [pc, #24]	; (10001e78 <irq_set_priority+0x24>)
10001e5e:	4694      	mov	ip, r2
10001e60:	4464      	add	r4, ip
10001e62:	6822      	ldr	r2, [r4, #0]
10001e64:	4018      	ands	r0, r3
10001e66:	00c0      	lsls	r0, r0, #3
10001e68:	33fc      	adds	r3, #252	; 0xfc
10001e6a:	4083      	lsls	r3, r0
10001e6c:	439a      	bics	r2, r3
10001e6e:	0013      	movs	r3, r2
10001e70:	4081      	lsls	r1, r0
10001e72:	430b      	orrs	r3, r1
10001e74:	6023      	str	r3, [r4, #0]
10001e76:	bd10      	pop	{r4, pc}
10001e78:	e000e400 	.word	0xe000e400

10001e7c <irq_add_tail_to_free_list>:
10001e7c:	b5f8      	push	{r3, r4, r5, r6, r7, lr}
10001e7e:	0004      	movs	r4, r0
10001e80:	2501      	movs	r5, #1
10001e82:	4305      	orrs	r5, r0
10001e84:	4b30      	ldr	r3, [pc, #192]	; (10001f48 <irq_add_tail_to_free_list+0xcc>)
10001e86:	1aeb      	subs	r3, r5, r3
10001e88:	2b2f      	cmp	r3, #47	; 0x2f
10001e8a:	d82d      	bhi.n	10001ee8 <irq_add_tail_to_free_list+0x6c>
10001e8c:	f7fe f9eb 	bl	10000266 <__get_current_exception>
10001e90:	2800      	cmp	r0, #0
10001e92:	d030      	beq.n	10001ef6 <irq_add_tail_to_free_list+0x7a>
10001e94:	f3ef 8110 	mrs	r1, PRIMASK
10001e98:	b672      	cpsid	i
10001e9a:	4b2c      	ldr	r3, [pc, #176]	; (10001f4c <irq_add_tail_to_free_list+0xd0>)
10001e9c:	681b      	ldr	r3, [r3, #0]
10001e9e:	2b00      	cmp	r3, #0
10001ea0:	d0fb      	beq.n	10001e9a <irq_add_tail_to_free_list+0x1e>
10001ea2:	f3bf 8f5f 	dmb	sy
10001ea6:	4e28      	ldr	r6, [pc, #160]	; (10001f48 <irq_add_tail_to_free_list+0xcc>)
10001ea8:	1ba6      	subs	r6, r4, r6
10001eaa:	10b6      	asrs	r6, r6, #2
10001eac:	00b2      	lsls	r2, r6, #2
10001eae:	1992      	adds	r2, r2, r6
10001eb0:	0113      	lsls	r3, r2, #4
10001eb2:	18d2      	adds	r2, r2, r3
10001eb4:	0213      	lsls	r3, r2, #8
10001eb6:	18d2      	adds	r2, r2, r3
10001eb8:	0413      	lsls	r3, r2, #16
10001eba:	18d3      	adds	r3, r2, r3
10001ebc:	005b      	lsls	r3, r3, #1
10001ebe:	199b      	adds	r3, r3, r6
10001ec0:	4a23      	ldr	r2, [pc, #140]	; (10001f50 <irq_add_tail_to_free_list+0xd4>)
10001ec2:	6892      	ldr	r2, [r2, #8]
10001ec4:	0080      	lsls	r0, r0, #2
10001ec6:	5812      	ldr	r2, [r2, r0]
10001ec8:	42aa      	cmp	r2, r5
10001eca:	d01b      	beq.n	10001f04 <irq_add_tail_to_free_list+0x88>
10001ecc:	2000      	movs	r0, #0
10001ece:	2803      	cmp	r0, #3
10001ed0:	d832      	bhi.n	10001f38 <irq_add_tail_to_free_list+0xbc>
10001ed2:	0042      	lsls	r2, r0, #1
10001ed4:	1812      	adds	r2, r2, r0
10001ed6:	0092      	lsls	r2, r2, #2
10001ed8:	4d1b      	ldr	r5, [pc, #108]	; (10001f48 <irq_add_tail_to_free_list+0xcc>)
10001eda:	18aa      	adds	r2, r5, r2
10001edc:	7992      	ldrb	r2, [r2, #6]
10001ede:	b252      	sxtb	r2, r2
10001ee0:	429a      	cmp	r2, r3
10001ee2:	d01f      	beq.n	10001f24 <irq_add_tail_to_free_list+0xa8>
10001ee4:	3001      	adds	r0, #1
10001ee6:	e7f2      	b.n	10001ece <irq_add_tail_to_free_list+0x52>
10001ee8:	21b7      	movs	r1, #183	; 0xb7
10001eea:	4b1a      	ldr	r3, [pc, #104]	; (10001f54 <irq_add_tail_to_free_list+0xd8>)
10001eec:	4a1a      	ldr	r2, [pc, #104]	; (10001f58 <irq_add_tail_to_free_list+0xdc>)
10001eee:	0049      	lsls	r1, r1, #1
10001ef0:	481a      	ldr	r0, [pc, #104]	; (10001f5c <irq_add_tail_to_free_list+0xe0>)
10001ef2:	f7ff fc61 	bl	100017b8 <__assert_func>
10001ef6:	2172      	movs	r1, #114	; 0x72
10001ef8:	4b19      	ldr	r3, [pc, #100]	; (10001f60 <irq_add_tail_to_free_list+0xe4>)
10001efa:	4a17      	ldr	r2, [pc, #92]	; (10001f58 <irq_add_tail_to_free_list+0xdc>)
10001efc:	31ff      	adds	r1, #255	; 0xff
10001efe:	4817      	ldr	r0, [pc, #92]	; (10001f5c <irq_add_tail_to_free_list+0xe0>)
10001f00:	f7ff fc5a 	bl	100017b8 <__assert_func>
10001f04:	4a12      	ldr	r2, [pc, #72]	; (10001f50 <irq_add_tail_to_free_list+0xd4>)
10001f06:	6892      	ldr	r2, [r2, #8]
10001f08:	4d16      	ldr	r5, [pc, #88]	; (10001f64 <irq_add_tail_to_free_list+0xe8>)
10001f0a:	5015      	str	r5, [r2, r0]
10001f0c:	4a16      	ldr	r2, [pc, #88]	; (10001f68 <irq_add_tail_to_free_list+0xec>)
10001f0e:	7810      	ldrb	r0, [r2, #0]
10001f10:	71a0      	strb	r0, [r4, #6]
10001f12:	7013      	strb	r3, [r2, #0]
10001f14:	f3bf 8f5f 	dmb	sy
10001f18:	4b0c      	ldr	r3, [pc, #48]	; (10001f4c <irq_add_tail_to_free_list+0xd0>)
10001f1a:	2200      	movs	r2, #0
10001f1c:	601a      	str	r2, [r3, #0]
10001f1e:	f381 8810 	msr	PRIMASK, r1
10001f22:	bdf8      	pop	{r3, r4, r5, r6, r7, pc}
10001f24:	002e      	movs	r6, r5
10001f26:	0042      	lsls	r2, r0, #1
10001f28:	1815      	adds	r5, r2, r0
10001f2a:	00ad      	lsls	r5, r5, #2
10001f2c:	1975      	adds	r5, r6, r5
10001f2e:	27ff      	movs	r7, #255	; 0xff
10001f30:	71af      	strb	r7, [r5, #6]
10001f32:	480e      	ldr	r0, [pc, #56]	; (10001f6c <irq_add_tail_to_free_list+0xf0>)
10001f34:	80a8      	strh	r0, [r5, #4]
10001f36:	e7e9      	b.n	10001f0c <irq_add_tail_to_free_list+0x90>
10001f38:	21c1      	movs	r1, #193	; 0xc1
10001f3a:	4b0d      	ldr	r3, [pc, #52]	; (10001f70 <irq_add_tail_to_free_list+0xf4>)
10001f3c:	4a06      	ldr	r2, [pc, #24]	; (10001f58 <irq_add_tail_to_free_list+0xdc>)
10001f3e:	0049      	lsls	r1, r1, #1
10001f40:	4806      	ldr	r0, [pc, #24]	; (10001f5c <irq_add_tail_to_free_list+0xe0>)
10001f42:	f7ff fc39 	bl	100017b8 <__assert_func>
10001f46:	46c0      	nop			; (mov r8, r8)
10001f48:	200002f4 	.word	0x200002f4
10001f4c:	d0000124 	.word	0xd0000124
10001f50:	e000ed00 	.word	0xe000ed00
10001f54:	10007e1c 	.word	0x10007e1c
10001f58:	10007eb4 	.word	0x10007eb4
10001f5c:	10007ca8 	.word	0x10007ca8
10001f60:	10007e44 	.word	0x10007e44
10001f64:	100001cd 	.word	0x100001cd
10001f68:	200019dc 	.word	0x200019dc
10001f6c:	ffffbd00 	.word	0xffffbd00
10001f70:	10007aa0 	.word	0x10007aa0

10001f74 <irq_init_priorities>:
10001f74:	b510      	push	{r4, lr}
10001f76:	2400      	movs	r4, #0
10001f78:	2c1f      	cmp	r4, #31
10001f7a:	d805      	bhi.n	10001f88 <irq_init_priorities+0x14>
10001f7c:	2180      	movs	r1, #128	; 0x80
10001f7e:	0020      	movs	r0, r4
10001f80:	f7ff ff68 	bl	10001e54 <irq_set_priority>
10001f84:	3401      	adds	r4, #1
10001f86:	e7f7      	b.n	10001f78 <irq_init_priorities+0x4>
10001f88:	bd10      	pop	{r4, pc}

10001f8a <_out_null>:
10001f8a:	4770      	bx	lr

10001f8c <_out_fct>:
10001f8c:	b510      	push	{r4, lr}
10001f8e:	2800      	cmp	r0, #0
10001f90:	d002      	beq.n	10001f98 <_out_fct+0xc>
10001f92:	680b      	ldr	r3, [r1, #0]
10001f94:	6849      	ldr	r1, [r1, #4]
10001f96:	4798      	blx	r3
10001f98:	bd10      	pop	{r4, pc}

10001f9a <_atoi>:
10001f9a:	0001      	movs	r1, r0
10001f9c:	2000      	movs	r0, #0
10001f9e:	680a      	ldr	r2, [r1, #0]
10001fa0:	7813      	ldrb	r3, [r2, #0]
10001fa2:	3b30      	subs	r3, #48	; 0x30
10001fa4:	b2db      	uxtb	r3, r3
10001fa6:	2b09      	cmp	r3, #9
10001fa8:	d808      	bhi.n	10001fbc <_atoi+0x22>
10001faa:	0083      	lsls	r3, r0, #2
10001fac:	181b      	adds	r3, r3, r0
10001fae:	005b      	lsls	r3, r3, #1
10001fb0:	1c50      	adds	r0, r2, #1
10001fb2:	6008      	str	r0, [r1, #0]
10001fb4:	7810      	ldrb	r0, [r2, #0]
10001fb6:	18c0      	adds	r0, r0, r3
10001fb8:	3830      	subs	r0, #48	; 0x30
10001fba:	e7f0      	b.n	10001f9e <_atoi+0x4>
10001fbc:	4770      	bx	lr

10001fbe <_out_rev>:
10001fbe:	b5f0      	push	{r4, r5, r6, r7, lr}
10001fc0:	46de      	mov	lr, fp
10001fc2:	4657      	mov	r7, sl
10001fc4:	464e      	mov	r6, r9
10001fc6:	4645      	mov	r5, r8
10001fc8:	b5e0      	push	{r5, r6, r7, lr}
10001fca:	b083      	sub	sp, #12
10001fcc:	4693      	mov	fp, r2
10001fce:	001f      	movs	r7, r3
10001fd0:	9b0c      	ldr	r3, [sp, #48]	; 0x30
10001fd2:	469a      	mov	sl, r3
10001fd4:	9c0d      	ldr	r4, [sp, #52]	; 0x34
10001fd6:	9b0e      	ldr	r3, [sp, #56]	; 0x38
10001fd8:	4699      	mov	r9, r3
10001fda:	9b0f      	ldr	r3, [sp, #60]	; 0x3c
10001fdc:	079b      	lsls	r3, r3, #30
10001fde:	d003      	beq.n	10001fe8 <_out_rev+0x2a>
10001fe0:	46b8      	mov	r8, r7
10001fe2:	000f      	movs	r7, r1
10001fe4:	0006      	movs	r6, r0
10001fe6:	e022      	b.n	1000202e <_out_rev+0x70>
10001fe8:	9201      	str	r2, [sp, #4]
10001fea:	46a3      	mov	fp, r4
10001fec:	4688      	mov	r8, r1
10001fee:	464e      	mov	r6, r9
10001ff0:	46b9      	mov	r9, r7
10001ff2:	0007      	movs	r7, r0
10001ff4:	42b4      	cmp	r4, r6
10001ff6:	d207      	bcs.n	10002008 <_out_rev+0x4a>
10001ff8:	1c55      	adds	r5, r2, #1
10001ffa:	464b      	mov	r3, r9
10001ffc:	4641      	mov	r1, r8
10001ffe:	2020      	movs	r0, #32
10002000:	47b8      	blx	r7
10002002:	3401      	adds	r4, #1
10002004:	002a      	movs	r2, r5
10002006:	e7f5      	b.n	10001ff4 <_out_rev+0x36>
10002008:	003d      	movs	r5, r7
1000200a:	464f      	mov	r7, r9
1000200c:	465c      	mov	r4, fp
1000200e:	9b01      	ldr	r3, [sp, #4]
10002010:	469b      	mov	fp, r3
10002012:	46b1      	mov	r9, r6
10002014:	4646      	mov	r6, r8
10002016:	46b8      	mov	r8, r7
10002018:	0037      	movs	r7, r6
1000201a:	002e      	movs	r6, r5
1000201c:	e007      	b.n	1000202e <_out_rev+0x70>
1000201e:	3c01      	subs	r4, #1
10002020:	1c55      	adds	r5, r2, #1
10002022:	4653      	mov	r3, sl
10002024:	5d18      	ldrb	r0, [r3, r4]
10002026:	4643      	mov	r3, r8
10002028:	0039      	movs	r1, r7
1000202a:	47b0      	blx	r6
1000202c:	002a      	movs	r2, r5
1000202e:	2c00      	cmp	r4, #0
10002030:	d1f5      	bne.n	1000201e <_out_rev+0x60>
10002032:	0035      	movs	r5, r6
10002034:	003e      	movs	r6, r7
10002036:	4647      	mov	r7, r8
10002038:	9b0f      	ldr	r3, [sp, #60]	; 0x3c
1000203a:	079b      	lsls	r3, r3, #30
1000203c:	d407      	bmi.n	1000204e <_out_rev+0x90>
1000203e:	0010      	movs	r0, r2
10002040:	b003      	add	sp, #12
10002042:	bc3c      	pop	{r2, r3, r4, r5}
10002044:	4690      	mov	r8, r2
10002046:	4699      	mov	r9, r3
10002048:	46a2      	mov	sl, r4
1000204a:	46ab      	mov	fp, r5
1000204c:	bdf0      	pop	{r4, r5, r6, r7, pc}
1000204e:	46b0      	mov	r8, r6
10002050:	464e      	mov	r6, r9
10002052:	46b9      	mov	r9, r7
10002054:	002f      	movs	r7, r5
10002056:	465d      	mov	r5, fp
10002058:	1b53      	subs	r3, r2, r5
1000205a:	42b3      	cmp	r3, r6
1000205c:	d2ef      	bcs.n	1000203e <_out_rev+0x80>
1000205e:	1c54      	adds	r4, r2, #1
10002060:	464b      	mov	r3, r9
10002062:	4641      	mov	r1, r8
10002064:	2020      	movs	r0, #32
10002066:	47b8      	blx	r7
10002068:	0022      	movs	r2, r4
1000206a:	e7f5      	b.n	10002058 <_out_rev+0x9a>

1000206c <_ntoa_format>:
1000206c:	b5f0      	push	{r4, r5, r6, r7, lr}
1000206e:	46ce      	mov	lr, r9
10002070:	4647      	mov	r7, r8
10002072:	b580      	push	{r7, lr}
10002074:	b085      	sub	sp, #20
10002076:	4694      	mov	ip, r2
10002078:	4698      	mov	r8, r3
1000207a:	9d0c      	ldr	r5, [sp, #48]	; 0x30
1000207c:	9c0d      	ldr	r4, [sp, #52]	; 0x34
1000207e:	ab0e      	add	r3, sp, #56	; 0x38
10002080:	781b      	ldrb	r3, [r3, #0]
10002082:	4699      	mov	r9, r3
10002084:	9a10      	ldr	r2, [sp, #64]	; 0x40
10002086:	9b11      	ldr	r3, [sp, #68]	; 0x44
10002088:	9e12      	ldr	r6, [sp, #72]	; 0x48
1000208a:	07b7      	lsls	r7, r6, #30
1000208c:	d41b      	bmi.n	100020c6 <_ntoa_format+0x5a>
1000208e:	2b00      	cmp	r3, #0
10002090:	d008      	beq.n	100020a4 <_ntoa_format+0x38>
10002092:	07f7      	lsls	r7, r6, #31
10002094:	d506      	bpl.n	100020a4 <_ntoa_format+0x38>
10002096:	464f      	mov	r7, r9
10002098:	2f00      	cmp	r7, #0
1000209a:	d102      	bne.n	100020a2 <_ntoa_format+0x36>
1000209c:	370c      	adds	r7, #12
1000209e:	4237      	tst	r7, r6
100020a0:	d000      	beq.n	100020a4 <_ntoa_format+0x38>
100020a2:	3b01      	subs	r3, #1
100020a4:	4294      	cmp	r4, r2
100020a6:	d208      	bcs.n	100020ba <_ntoa_format+0x4e>
100020a8:	2c1f      	cmp	r4, #31
100020aa:	d806      	bhi.n	100020ba <_ntoa_format+0x4e>
100020ac:	2730      	movs	r7, #48	; 0x30
100020ae:	552f      	strb	r7, [r5, r4]
100020b0:	3401      	adds	r4, #1
100020b2:	e7f7      	b.n	100020a4 <_ntoa_format+0x38>
100020b4:	2730      	movs	r7, #48	; 0x30
100020b6:	552f      	strb	r7, [r5, r4]
100020b8:	3401      	adds	r4, #1
100020ba:	07f7      	lsls	r7, r6, #31
100020bc:	d503      	bpl.n	100020c6 <_ntoa_format+0x5a>
100020be:	429c      	cmp	r4, r3
100020c0:	d201      	bcs.n	100020c6 <_ntoa_format+0x5a>
100020c2:	2c1f      	cmp	r4, #31
100020c4:	d9f6      	bls.n	100020b4 <_ntoa_format+0x48>
100020c6:	06f7      	lsls	r7, r6, #27
100020c8:	d515      	bpl.n	100020f6 <_ntoa_format+0x8a>
100020ca:	0577      	lsls	r7, r6, #21
100020cc:	d405      	bmi.n	100020da <_ntoa_format+0x6e>
100020ce:	2c00      	cmp	r4, #0
100020d0:	d003      	beq.n	100020da <_ntoa_format+0x6e>
100020d2:	4294      	cmp	r4, r2
100020d4:	d024      	beq.n	10002120 <_ntoa_format+0xb4>
100020d6:	429c      	cmp	r4, r3
100020d8:	d022      	beq.n	10002120 <_ntoa_format+0xb4>
100020da:	9a0f      	ldr	r2, [sp, #60]	; 0x3c
100020dc:	2a10      	cmp	r2, #16
100020de:	d02b      	beq.n	10002138 <_ntoa_format+0xcc>
100020e0:	9a0f      	ldr	r2, [sp, #60]	; 0x3c
100020e2:	2a10      	cmp	r2, #16
100020e4:	d030      	beq.n	10002148 <_ntoa_format+0xdc>
100020e6:	9a0f      	ldr	r2, [sp, #60]	; 0x3c
100020e8:	2a02      	cmp	r2, #2
100020ea:	d035      	beq.n	10002158 <_ntoa_format+0xec>
100020ec:	2c1f      	cmp	r4, #31
100020ee:	d802      	bhi.n	100020f6 <_ntoa_format+0x8a>
100020f0:	2230      	movs	r2, #48	; 0x30
100020f2:	552a      	strb	r2, [r5, r4]
100020f4:	3401      	adds	r4, #1
100020f6:	2c1f      	cmp	r4, #31
100020f8:	d805      	bhi.n	10002106 <_ntoa_format+0x9a>
100020fa:	464a      	mov	r2, r9
100020fc:	2a00      	cmp	r2, #0
100020fe:	d031      	beq.n	10002164 <_ntoa_format+0xf8>
10002100:	222d      	movs	r2, #45	; 0x2d
10002102:	552a      	strb	r2, [r5, r4]
10002104:	3401      	adds	r4, #1
10002106:	9603      	str	r6, [sp, #12]
10002108:	9302      	str	r3, [sp, #8]
1000210a:	9401      	str	r4, [sp, #4]
1000210c:	9500      	str	r5, [sp, #0]
1000210e:	4643      	mov	r3, r8
10002110:	4662      	mov	r2, ip
10002112:	f7ff ff54 	bl	10001fbe <_out_rev>
10002116:	b005      	add	sp, #20
10002118:	bc0c      	pop	{r2, r3}
1000211a:	4690      	mov	r8, r2
1000211c:	4699      	mov	r9, r3
1000211e:	bdf0      	pop	{r4, r5, r6, r7, pc}
10002120:	1e62      	subs	r2, r4, #1
10002122:	2c01      	cmp	r4, #1
10002124:	d006      	beq.n	10002134 <_ntoa_format+0xc8>
10002126:	9f0f      	ldr	r7, [sp, #60]	; 0x3c
10002128:	2f10      	cmp	r7, #16
1000212a:	d001      	beq.n	10002130 <_ntoa_format+0xc4>
1000212c:	0014      	movs	r4, r2
1000212e:	e7d4      	b.n	100020da <_ntoa_format+0x6e>
10002130:	3c02      	subs	r4, #2
10002132:	e7d2      	b.n	100020da <_ntoa_format+0x6e>
10002134:	0014      	movs	r4, r2
10002136:	e7d0      	b.n	100020da <_ntoa_format+0x6e>
10002138:	06b2      	lsls	r2, r6, #26
1000213a:	d4d1      	bmi.n	100020e0 <_ntoa_format+0x74>
1000213c:	2c1f      	cmp	r4, #31
1000213e:	d8cf      	bhi.n	100020e0 <_ntoa_format+0x74>
10002140:	2278      	movs	r2, #120	; 0x78
10002142:	552a      	strb	r2, [r5, r4]
10002144:	3401      	adds	r4, #1
10002146:	e7d1      	b.n	100020ec <_ntoa_format+0x80>
10002148:	06b2      	lsls	r2, r6, #26
1000214a:	d5cc      	bpl.n	100020e6 <_ntoa_format+0x7a>
1000214c:	2c1f      	cmp	r4, #31
1000214e:	d8ca      	bhi.n	100020e6 <_ntoa_format+0x7a>
10002150:	2258      	movs	r2, #88	; 0x58
10002152:	552a      	strb	r2, [r5, r4]
10002154:	3401      	adds	r4, #1
10002156:	e7c9      	b.n	100020ec <_ntoa_format+0x80>
10002158:	2c1f      	cmp	r4, #31
1000215a:	d8c7      	bhi.n	100020ec <_ntoa_format+0x80>
1000215c:	3260      	adds	r2, #96	; 0x60
1000215e:	552a      	strb	r2, [r5, r4]
10002160:	3401      	adds	r4, #1
10002162:	e7c3      	b.n	100020ec <_ntoa_format+0x80>
10002164:	0772      	lsls	r2, r6, #29
10002166:	d503      	bpl.n	10002170 <_ntoa_format+0x104>
10002168:	222b      	movs	r2, #43	; 0x2b
1000216a:	552a      	strb	r2, [r5, r4]
1000216c:	3401      	adds	r4, #1
1000216e:	e7ca      	b.n	10002106 <_ntoa_format+0x9a>
10002170:	0732      	lsls	r2, r6, #28
10002172:	d5c8      	bpl.n	10002106 <_ntoa_format+0x9a>
10002174:	2220      	movs	r2, #32
10002176:	552a      	strb	r2, [r5, r4]
10002178:	3401      	adds	r4, #1
1000217a:	e7c4      	b.n	10002106 <_ntoa_format+0x9a>

1000217c <_ntoa_long>:
1000217c:	b5f0      	push	{r4, r5, r6, r7, lr}
1000217e:	46de      	mov	lr, fp
10002180:	4657      	mov	r7, sl
10002182:	464e      	mov	r6, r9
10002184:	4645      	mov	r5, r8
10002186:	b5e0      	push	{r5, r6, r7, lr}
10002188:	b093      	sub	sp, #76	; 0x4c
1000218a:	4681      	mov	r9, r0
1000218c:	468a      	mov	sl, r1
1000218e:	9208      	str	r2, [sp, #32]
10002190:	9309      	str	r3, [sp, #36]	; 0x24
10002192:	ab1c      	add	r3, sp, #112	; 0x70
10002194:	cb10      	ldmia	r3!, {r4}
10002196:	781b      	ldrb	r3, [r3, #0]
10002198:	469b      	mov	fp, r3
1000219a:	9d1e      	ldr	r5, [sp, #120]	; 0x78
1000219c:	9b21      	ldr	r3, [sp, #132]	; 0x84
1000219e:	4698      	mov	r8, r3
100021a0:	2c00      	cmp	r4, #0
100021a2:	d103      	bne.n	100021ac <_ntoa_long+0x30>
100021a4:	2310      	movs	r3, #16
100021a6:	4642      	mov	r2, r8
100021a8:	439a      	bics	r2, r3
100021aa:	4690      	mov	r8, r2
100021ac:	2380      	movs	r3, #128	; 0x80
100021ae:	00db      	lsls	r3, r3, #3
100021b0:	4646      	mov	r6, r8
100021b2:	401e      	ands	r6, r3
100021b4:	4642      	mov	r2, r8
100021b6:	421a      	tst	r2, r3
100021b8:	d012      	beq.n	100021e0 <_ntoa_long+0x64>
100021ba:	2c00      	cmp	r4, #0
100021bc:	d022      	beq.n	10002204 <_ntoa_long+0x88>
100021be:	2600      	movs	r6, #0
100021c0:	e00e      	b.n	100021e0 <_ntoa_long+0x64>
100021c2:	3330      	adds	r3, #48	; 0x30
100021c4:	b2d9      	uxtb	r1, r3
100021c6:	1c77      	adds	r7, r6, #1
100021c8:	ab0a      	add	r3, sp, #40	; 0x28
100021ca:	5599      	strb	r1, [r3, r6]
100021cc:	0029      	movs	r1, r5
100021ce:	0020      	movs	r0, r4
100021d0:	f000 ffcc 	bl	1000316c <__wrap___aeabi_uidiv>
100021d4:	42ac      	cmp	r4, r5
100021d6:	d316      	bcc.n	10002206 <_ntoa_long+0x8a>
100021d8:	2f1f      	cmp	r7, #31
100021da:	d814      	bhi.n	10002206 <_ntoa_long+0x8a>
100021dc:	003e      	movs	r6, r7
100021de:	0004      	movs	r4, r0
100021e0:	0029      	movs	r1, r5
100021e2:	0020      	movs	r0, r4
100021e4:	f000 ffc2 	bl	1000316c <__wrap___aeabi_uidiv>
100021e8:	b2cb      	uxtb	r3, r1
100021ea:	2b09      	cmp	r3, #9
100021ec:	d9e9      	bls.n	100021c2 <_ntoa_long+0x46>
100021ee:	4642      	mov	r2, r8
100021f0:	0692      	lsls	r2, r2, #26
100021f2:	d505      	bpl.n	10002200 <_ntoa_long+0x84>
100021f4:	2141      	movs	r1, #65	; 0x41
100021f6:	18c9      	adds	r1, r1, r3
100021f8:	b2c9      	uxtb	r1, r1
100021fa:	390a      	subs	r1, #10
100021fc:	b2c9      	uxtb	r1, r1
100021fe:	e7e2      	b.n	100021c6 <_ntoa_long+0x4a>
10002200:	2161      	movs	r1, #97	; 0x61
10002202:	e7f8      	b.n	100021f6 <_ntoa_long+0x7a>
10002204:	0027      	movs	r7, r4
10002206:	4643      	mov	r3, r8
10002208:	9306      	str	r3, [sp, #24]
1000220a:	9b20      	ldr	r3, [sp, #128]	; 0x80
1000220c:	9305      	str	r3, [sp, #20]
1000220e:	9b1f      	ldr	r3, [sp, #124]	; 0x7c
10002210:	9304      	str	r3, [sp, #16]
10002212:	9503      	str	r5, [sp, #12]
10002214:	465b      	mov	r3, fp
10002216:	9302      	str	r3, [sp, #8]
10002218:	9701      	str	r7, [sp, #4]
1000221a:	ab0a      	add	r3, sp, #40	; 0x28
1000221c:	9300      	str	r3, [sp, #0]
1000221e:	9b09      	ldr	r3, [sp, #36]	; 0x24
10002220:	9a08      	ldr	r2, [sp, #32]
10002222:	4651      	mov	r1, sl
10002224:	4648      	mov	r0, r9
10002226:	f7ff ff21 	bl	1000206c <_ntoa_format>
1000222a:	b013      	add	sp, #76	; 0x4c
1000222c:	bc3c      	pop	{r2, r3, r4, r5}
1000222e:	4690      	mov	r8, r2
10002230:	4699      	mov	r9, r3
10002232:	46a2      	mov	sl, r4
10002234:	46ab      	mov	fp, r5
10002236:	bdf0      	pop	{r4, r5, r6, r7, pc}

10002238 <_ntoa_long_long>:
10002238:	b5f0      	push	{r4, r5, r6, r7, lr}
1000223a:	46de      	mov	lr, fp
1000223c:	4657      	mov	r7, sl
1000223e:	464e      	mov	r6, r9
10002240:	4645      	mov	r5, r8
10002242:	b5e0      	push	{r5, r6, r7, lr}
10002244:	b095      	sub	sp, #84	; 0x54
10002246:	9008      	str	r0, [sp, #32]
10002248:	9109      	str	r1, [sp, #36]	; 0x24
1000224a:	920a      	str	r2, [sp, #40]	; 0x28
1000224c:	930b      	str	r3, [sp, #44]	; 0x2c
1000224e:	9e1e      	ldr	r6, [sp, #120]	; 0x78
10002250:	9c1f      	ldr	r4, [sp, #124]	; 0x7c
10002252:	ab20      	add	r3, sp, #128	; 0x80
10002254:	781b      	ldrb	r3, [r3, #0]
10002256:	469b      	mov	fp, r3
10002258:	9b22      	ldr	r3, [sp, #136]	; 0x88
1000225a:	4699      	mov	r9, r3
1000225c:	9d23      	ldr	r5, [sp, #140]	; 0x8c
1000225e:	9b26      	ldr	r3, [sp, #152]	; 0x98
10002260:	469a      	mov	sl, r3
10002262:	0033      	movs	r3, r6
10002264:	4323      	orrs	r3, r4
10002266:	d103      	bne.n	10002270 <_ntoa_long_long+0x38>
10002268:	3310      	adds	r3, #16
1000226a:	4652      	mov	r2, sl
1000226c:	439a      	bics	r2, r3
1000226e:	4692      	mov	sl, r2
10002270:	2380      	movs	r3, #128	; 0x80
10002272:	00db      	lsls	r3, r3, #3
10002274:	4657      	mov	r7, sl
10002276:	401f      	ands	r7, r3
10002278:	4652      	mov	r2, sl
1000227a:	421a      	tst	r2, r3
1000227c:	d019      	beq.n	100022b2 <_ntoa_long_long+0x7a>
1000227e:	0033      	movs	r3, r6
10002280:	4323      	orrs	r3, r4
10002282:	d02d      	beq.n	100022e0 <_ntoa_long_long+0xa8>
10002284:	2700      	movs	r7, #0
10002286:	e014      	b.n	100022b2 <_ntoa_long_long+0x7a>
10002288:	3330      	adds	r3, #48	; 0x30
1000228a:	b2da      	uxtb	r2, r3
1000228c:	1c7b      	adds	r3, r7, #1
1000228e:	4698      	mov	r8, r3
10002290:	ab0c      	add	r3, sp, #48	; 0x30
10002292:	55da      	strb	r2, [r3, r7]
10002294:	464a      	mov	r2, r9
10002296:	002b      	movs	r3, r5
10002298:	0030      	movs	r0, r6
1000229a:	0021      	movs	r1, r4
1000229c:	f000 ffac 	bl	100031f8 <__wrap___aeabi_uldivmod>
100022a0:	42a5      	cmp	r5, r4
100022a2:	d81f      	bhi.n	100022e4 <_ntoa_long_long+0xac>
100022a4:	d019      	beq.n	100022da <_ntoa_long_long+0xa2>
100022a6:	4643      	mov	r3, r8
100022a8:	2b1f      	cmp	r3, #31
100022aa:	d81b      	bhi.n	100022e4 <_ntoa_long_long+0xac>
100022ac:	4647      	mov	r7, r8
100022ae:	0006      	movs	r6, r0
100022b0:	000c      	movs	r4, r1
100022b2:	464a      	mov	r2, r9
100022b4:	002b      	movs	r3, r5
100022b6:	0030      	movs	r0, r6
100022b8:	0021      	movs	r1, r4
100022ba:	f000 ff9d 	bl	100031f8 <__wrap___aeabi_uldivmod>
100022be:	b2d3      	uxtb	r3, r2
100022c0:	2b09      	cmp	r3, #9
100022c2:	d9e1      	bls.n	10002288 <_ntoa_long_long+0x50>
100022c4:	4652      	mov	r2, sl
100022c6:	0692      	lsls	r2, r2, #26
100022c8:	d505      	bpl.n	100022d6 <_ntoa_long_long+0x9e>
100022ca:	2241      	movs	r2, #65	; 0x41
100022cc:	18d2      	adds	r2, r2, r3
100022ce:	b2d2      	uxtb	r2, r2
100022d0:	3a0a      	subs	r2, #10
100022d2:	b2d2      	uxtb	r2, r2
100022d4:	e7da      	b.n	1000228c <_ntoa_long_long+0x54>
100022d6:	2261      	movs	r2, #97	; 0x61
100022d8:	e7f8      	b.n	100022cc <_ntoa_long_long+0x94>
100022da:	45b1      	cmp	r9, r6
100022dc:	d9e3      	bls.n	100022a6 <_ntoa_long_long+0x6e>
100022de:	e001      	b.n	100022e4 <_ntoa_long_long+0xac>
100022e0:	2300      	movs	r3, #0
100022e2:	4698      	mov	r8, r3
100022e4:	4653      	mov	r3, sl
100022e6:	9306      	str	r3, [sp, #24]
100022e8:	9b25      	ldr	r3, [sp, #148]	; 0x94
100022ea:	9305      	str	r3, [sp, #20]
100022ec:	9b24      	ldr	r3, [sp, #144]	; 0x90
100022ee:	9304      	str	r3, [sp, #16]
100022f0:	464b      	mov	r3, r9
100022f2:	9303      	str	r3, [sp, #12]
100022f4:	465b      	mov	r3, fp
100022f6:	9302      	str	r3, [sp, #8]
100022f8:	4643      	mov	r3, r8
100022fa:	9301      	str	r3, [sp, #4]
100022fc:	ab0c      	add	r3, sp, #48	; 0x30
100022fe:	9300      	str	r3, [sp, #0]
10002300:	9b0b      	ldr	r3, [sp, #44]	; 0x2c
10002302:	9a0a      	ldr	r2, [sp, #40]	; 0x28
10002304:	9909      	ldr	r1, [sp, #36]	; 0x24
10002306:	9808      	ldr	r0, [sp, #32]
10002308:	f7ff feb0 	bl	1000206c <_ntoa_format>
1000230c:	b015      	add	sp, #84	; 0x54
1000230e:	bc3c      	pop	{r2, r3, r4, r5}
10002310:	4690      	mov	r8, r2
10002312:	4699      	mov	r9, r3
10002314:	46a2      	mov	sl, r4
10002316:	46ab      	mov	fp, r5
10002318:	bdf0      	pop	{r4, r5, r6, r7, pc}
	...

1000231c <_etoa>:
1000231c:	b5f0      	push	{r4, r5, r6, r7, lr}
1000231e:	46de      	mov	lr, fp
10002320:	4657      	mov	r7, sl
10002322:	464e      	mov	r6, r9
10002324:	4645      	mov	r5, r8
10002326:	b5e0      	push	{r5, r6, r7, lr}
10002328:	b091      	sub	sp, #68	; 0x44
1000232a:	4682      	mov	sl, r0
1000232c:	4689      	mov	r9, r1
1000232e:	920e      	str	r2, [sp, #56]	; 0x38
10002330:	4698      	mov	r8, r3
10002332:	9c1a      	ldr	r4, [sp, #104]	; 0x68
10002334:	9407      	str	r4, [sp, #28]
10002336:	9d1b      	ldr	r5, [sp, #108]	; 0x6c
10002338:	9508      	str	r5, [sp, #32]
1000233a:	0022      	movs	r2, r4
1000233c:	002b      	movs	r3, r5
1000233e:	0020      	movs	r0, r4
10002340:	0029      	movs	r1, r5
10002342:	f001 f9d0 	bl	100036e6 <__wrap___aeabi_dcmpun>
10002346:	2800      	cmp	r0, #0
10002348:	d000      	beq.n	1000234c <_etoa+0x30>
1000234a:	e107      	b.n	1000255c <_etoa+0x240>
1000234c:	2201      	movs	r2, #1
1000234e:	4252      	negs	r2, r2
10002350:	4bd5      	ldr	r3, [pc, #852]	; (100026a8 <_etoa+0x38c>)
10002352:	0020      	movs	r0, r4
10002354:	0029      	movs	r1, r5
10002356:	f001 f9c1 	bl	100036dc <__wrap___aeabi_dcmpgt>
1000235a:	2800      	cmp	r0, #0
1000235c:	d000      	beq.n	10002360 <_etoa+0x44>
1000235e:	e0fd      	b.n	1000255c <_etoa+0x240>
10002360:	2201      	movs	r2, #1
10002362:	4252      	negs	r2, r2
10002364:	4bd1      	ldr	r3, [pc, #836]	; (100026ac <_etoa+0x390>)
10002366:	0020      	movs	r0, r4
10002368:	0029      	movs	r1, r5
1000236a:	f001 f9a1 	bl	100036b0 <__wrap___aeabi_dcmplt>
1000236e:	2800      	cmp	r0, #0
10002370:	d000      	beq.n	10002374 <_etoa+0x58>
10002372:	e0f3      	b.n	1000255c <_etoa+0x240>
10002374:	2200      	movs	r2, #0
10002376:	2300      	movs	r3, #0
10002378:	9c07      	ldr	r4, [sp, #28]
1000237a:	0020      	movs	r0, r4
1000237c:	9d08      	ldr	r5, [sp, #32]
1000237e:	0029      	movs	r1, r5
10002380:	f001 f996 	bl	100036b0 <__wrap___aeabi_dcmplt>
10002384:	2800      	cmp	r0, #0
10002386:	d000      	beq.n	1000238a <_etoa+0x6e>
10002388:	e0ff      	b.n	1000258a <_etoa+0x26e>
1000238a:	9a07      	ldr	r2, [sp, #28]
1000238c:	9b08      	ldr	r3, [sp, #32]
1000238e:	9209      	str	r2, [sp, #36]	; 0x24
10002390:	9306      	str	r3, [sp, #24]
10002392:	2380      	movs	r3, #128	; 0x80
10002394:	00db      	lsls	r3, r3, #3
10002396:	9a1e      	ldr	r2, [sp, #120]	; 0x78
10002398:	401a      	ands	r2, r3
1000239a:	920f      	str	r2, [sp, #60]	; 0x3c
1000239c:	9a1e      	ldr	r2, [sp, #120]	; 0x78
1000239e:	421a      	tst	r2, r3
100023a0:	d101      	bne.n	100023a6 <_etoa+0x8a>
100023a2:	2306      	movs	r3, #6
100023a4:	931c      	str	r3, [sp, #112]	; 0x70
100023a6:	9b09      	ldr	r3, [sp, #36]	; 0x24
100023a8:	9a06      	ldr	r2, [sp, #24]
100023aa:	0d10      	lsrs	r0, r2, #20
100023ac:	0540      	lsls	r0, r0, #21
100023ae:	0d40      	lsrs	r0, r0, #21
100023b0:	49bf      	ldr	r1, [pc, #764]	; (100026b0 <_etoa+0x394>)
100023b2:	468c      	mov	ip, r1
100023b4:	4460      	add	r0, ip
100023b6:	0312      	lsls	r2, r2, #12
100023b8:	0b12      	lsrs	r2, r2, #12
100023ba:	001e      	movs	r6, r3
100023bc:	4bbd      	ldr	r3, [pc, #756]	; (100026b4 <_etoa+0x398>)
100023be:	4313      	orrs	r3, r2
100023c0:	001f      	movs	r7, r3
100023c2:	f001 f9a3 	bl	1000370c <__wrap___aeabi_i2d>
100023c6:	4abc      	ldr	r2, [pc, #752]	; (100026b8 <_etoa+0x39c>)
100023c8:	4bbc      	ldr	r3, [pc, #752]	; (100026bc <_etoa+0x3a0>)
100023ca:	f001 f92f 	bl	1000362c <__wrap___aeabi_dmul>
100023ce:	4abc      	ldr	r2, [pc, #752]	; (100026c0 <_etoa+0x3a4>)
100023d0:	4bbc      	ldr	r3, [pc, #752]	; (100026c4 <_etoa+0x3a8>)
100023d2:	f001 f919 	bl	10003608 <__wrap___aeabi_dadd>
100023d6:	0004      	movs	r4, r0
100023d8:	000d      	movs	r5, r1
100023da:	2200      	movs	r2, #0
100023dc:	4bba      	ldr	r3, [pc, #744]	; (100026c8 <_etoa+0x3ac>)
100023de:	0030      	movs	r0, r6
100023e0:	0039      	movs	r1, r7
100023e2:	f001 f908 	bl	100035f6 <__wrap___aeabi_dsub>
100023e6:	4ab9      	ldr	r2, [pc, #740]	; (100026cc <_etoa+0x3b0>)
100023e8:	4bb9      	ldr	r3, [pc, #740]	; (100026d0 <_etoa+0x3b4>)
100023ea:	f001 f91f 	bl	1000362c <__wrap___aeabi_dmul>
100023ee:	0002      	movs	r2, r0
100023f0:	000b      	movs	r3, r1
100023f2:	0020      	movs	r0, r4
100023f4:	0029      	movs	r1, r5
100023f6:	f001 f907 	bl	10003608 <__wrap___aeabi_dadd>
100023fa:	f001 f99f 	bl	1000373c <__wrap___aeabi_d2iz>
100023fe:	4683      	mov	fp, r0
10002400:	f001 f984 	bl	1000370c <__wrap___aeabi_i2d>
10002404:	0004      	movs	r4, r0
10002406:	000d      	movs	r5, r1
10002408:	4ab2      	ldr	r2, [pc, #712]	; (100026d4 <_etoa+0x3b8>)
1000240a:	4bb3      	ldr	r3, [pc, #716]	; (100026d8 <_etoa+0x3bc>)
1000240c:	f001 f90e 	bl	1000362c <__wrap___aeabi_dmul>
10002410:	2200      	movs	r2, #0
10002412:	4bb2      	ldr	r3, [pc, #712]	; (100026dc <_etoa+0x3c0>)
10002414:	f001 f8f8 	bl	10003608 <__wrap___aeabi_dadd>
10002418:	f001 f990 	bl	1000373c <__wrap___aeabi_d2iz>
1000241c:	0006      	movs	r6, r0
1000241e:	4ab0      	ldr	r2, [pc, #704]	; (100026e0 <_etoa+0x3c4>)
10002420:	4bb0      	ldr	r3, [pc, #704]	; (100026e4 <_etoa+0x3c8>)
10002422:	0020      	movs	r0, r4
10002424:	0029      	movs	r1, r5
10002426:	f001 f901 	bl	1000362c <__wrap___aeabi_dmul>
1000242a:	0004      	movs	r4, r0
1000242c:	000d      	movs	r5, r1
1000242e:	960a      	str	r6, [sp, #40]	; 0x28
10002430:	0030      	movs	r0, r6
10002432:	f001 f96b 	bl	1000370c <__wrap___aeabi_i2d>
10002436:	4aac      	ldr	r2, [pc, #688]	; (100026e8 <_etoa+0x3cc>)
10002438:	4bac      	ldr	r3, [pc, #688]	; (100026ec <_etoa+0x3d0>)
1000243a:	f001 f8f7 	bl	1000362c <__wrap___aeabi_dmul>
1000243e:	0002      	movs	r2, r0
10002440:	000b      	movs	r3, r1
10002442:	0020      	movs	r0, r4
10002444:	0029      	movs	r1, r5
10002446:	f001 f8d6 	bl	100035f6 <__wrap___aeabi_dsub>
1000244a:	0004      	movs	r4, r0
1000244c:	000d      	movs	r5, r1
1000244e:	0002      	movs	r2, r0
10002450:	000b      	movs	r3, r1
10002452:	f001 f8eb 	bl	1000362c <__wrap___aeabi_dmul>
10002456:	0006      	movs	r6, r0
10002458:	000f      	movs	r7, r1
1000245a:	990a      	ldr	r1, [sp, #40]	; 0x28
1000245c:	4ba4      	ldr	r3, [pc, #656]	; (100026f0 <_etoa+0x3d4>)
1000245e:	469c      	mov	ip, r3
10002460:	4461      	add	r1, ip
10002462:	0509      	lsls	r1, r1, #20
10002464:	910b      	str	r1, [sp, #44]	; 0x2c
10002466:	2100      	movs	r1, #0
10002468:	910a      	str	r1, [sp, #40]	; 0x28
1000246a:	0022      	movs	r2, r4
1000246c:	002b      	movs	r3, r5
1000246e:	0020      	movs	r0, r4
10002470:	0029      	movs	r1, r5
10002472:	f001 f8c9 	bl	10003608 <__wrap___aeabi_dadd>
10002476:	900c      	str	r0, [sp, #48]	; 0x30
10002478:	910d      	str	r1, [sp, #52]	; 0x34
1000247a:	0022      	movs	r2, r4
1000247c:	002b      	movs	r3, r5
1000247e:	2000      	movs	r0, #0
10002480:	2180      	movs	r1, #128	; 0x80
10002482:	05c9      	lsls	r1, r1, #23
10002484:	f001 f8b7 	bl	100035f6 <__wrap___aeabi_dsub>
10002488:	0004      	movs	r4, r0
1000248a:	000d      	movs	r5, r1
1000248c:	2200      	movs	r2, #0
1000248e:	4b99      	ldr	r3, [pc, #612]	; (100026f4 <_etoa+0x3d8>)
10002490:	0030      	movs	r0, r6
10002492:	0039      	movs	r1, r7
10002494:	f001 f8c1 	bl	1000361a <__wrap___aeabi_ddiv>
10002498:	2200      	movs	r2, #0
1000249a:	4b97      	ldr	r3, [pc, #604]	; (100026f8 <_etoa+0x3dc>)
1000249c:	f001 f8b4 	bl	10003608 <__wrap___aeabi_dadd>
100024a0:	0002      	movs	r2, r0
100024a2:	000b      	movs	r3, r1
100024a4:	0030      	movs	r0, r6
100024a6:	0039      	movs	r1, r7
100024a8:	f001 f8b7 	bl	1000361a <__wrap___aeabi_ddiv>
100024ac:	2200      	movs	r2, #0
100024ae:	4b93      	ldr	r3, [pc, #588]	; (100026fc <_etoa+0x3e0>)
100024b0:	f001 f8aa 	bl	10003608 <__wrap___aeabi_dadd>
100024b4:	0002      	movs	r2, r0
100024b6:	000b      	movs	r3, r1
100024b8:	0030      	movs	r0, r6
100024ba:	0039      	movs	r1, r7
100024bc:	f001 f8ad 	bl	1000361a <__wrap___aeabi_ddiv>
100024c0:	0002      	movs	r2, r0
100024c2:	000b      	movs	r3, r1
100024c4:	0020      	movs	r0, r4
100024c6:	0029      	movs	r1, r5
100024c8:	f001 f89e 	bl	10003608 <__wrap___aeabi_dadd>
100024cc:	0002      	movs	r2, r0
100024ce:	000b      	movs	r3, r1
100024d0:	980c      	ldr	r0, [sp, #48]	; 0x30
100024d2:	990d      	ldr	r1, [sp, #52]	; 0x34
100024d4:	f001 f8a1 	bl	1000361a <__wrap___aeabi_ddiv>
100024d8:	2200      	movs	r2, #0
100024da:	4b76      	ldr	r3, [pc, #472]	; (100026b4 <_etoa+0x398>)
100024dc:	f001 f894 	bl	10003608 <__wrap___aeabi_dadd>
100024e0:	9a0a      	ldr	r2, [sp, #40]	; 0x28
100024e2:	9b0b      	ldr	r3, [sp, #44]	; 0x2c
100024e4:	f001 f8a2 	bl	1000362c <__wrap___aeabi_dmul>
100024e8:	0004      	movs	r4, r0
100024ea:	000d      	movs	r5, r1
100024ec:	940a      	str	r4, [sp, #40]	; 0x28
100024ee:	950b      	str	r5, [sp, #44]	; 0x2c
100024f0:	9a09      	ldr	r2, [sp, #36]	; 0x24
100024f2:	9b06      	ldr	r3, [sp, #24]
100024f4:	f001 f8f2 	bl	100036dc <__wrap___aeabi_dcmpgt>
100024f8:	2800      	cmp	r0, #0
100024fa:	d00b      	beq.n	10002514 <_etoa+0x1f8>
100024fc:	2301      	movs	r3, #1
100024fe:	425b      	negs	r3, r3
10002500:	469c      	mov	ip, r3
10002502:	44e3      	add	fp, ip
10002504:	2200      	movs	r2, #0
10002506:	4b7c      	ldr	r3, [pc, #496]	; (100026f8 <_etoa+0x3dc>)
10002508:	0020      	movs	r0, r4
1000250a:	0029      	movs	r1, r5
1000250c:	f001 f885 	bl	1000361a <__wrap___aeabi_ddiv>
10002510:	900a      	str	r0, [sp, #40]	; 0x28
10002512:	910b      	str	r1, [sp, #44]	; 0x2c
10002514:	465b      	mov	r3, fp
10002516:	3363      	adds	r3, #99	; 0x63
10002518:	2bc6      	cmp	r3, #198	; 0xc6
1000251a:	d83d      	bhi.n	10002598 <_etoa+0x27c>
1000251c:	2404      	movs	r4, #4
1000251e:	9b1e      	ldr	r3, [sp, #120]	; 0x78
10002520:	051b      	lsls	r3, r3, #20
10002522:	d545      	bpl.n	100025b0 <_etoa+0x294>
10002524:	4a76      	ldr	r2, [pc, #472]	; (10002700 <_etoa+0x3e4>)
10002526:	4b77      	ldr	r3, [pc, #476]	; (10002704 <_etoa+0x3e8>)
10002528:	9e09      	ldr	r6, [sp, #36]	; 0x24
1000252a:	0030      	movs	r0, r6
1000252c:	9d06      	ldr	r5, [sp, #24]
1000252e:	0029      	movs	r1, r5
10002530:	f001 f8cc 	bl	100036cc <__wrap___aeabi_dcmpge>
10002534:	2800      	cmp	r0, #0
10002536:	d100      	bne.n	1000253a <_etoa+0x21e>
10002538:	e09e      	b.n	10002678 <_etoa+0x35c>
1000253a:	2200      	movs	r2, #0
1000253c:	4b72      	ldr	r3, [pc, #456]	; (10002708 <_etoa+0x3ec>)
1000253e:	0030      	movs	r0, r6
10002540:	0029      	movs	r1, r5
10002542:	f001 f8b5 	bl	100036b0 <__wrap___aeabi_dcmplt>
10002546:	2800      	cmp	r0, #0
10002548:	d100      	bne.n	1000254c <_etoa+0x230>
1000254a:	e095      	b.n	10002678 <_etoa+0x35c>
1000254c:	9b1c      	ldr	r3, [sp, #112]	; 0x70
1000254e:	455b      	cmp	r3, fp
10002550:	dd24      	ble.n	1000259c <_etoa+0x280>
10002552:	465a      	mov	r2, fp
10002554:	1a98      	subs	r0, r3, r2
10002556:	1e43      	subs	r3, r0, #1
10002558:	931c      	str	r3, [sp, #112]	; 0x70
1000255a:	e021      	b.n	100025a0 <_etoa+0x284>
1000255c:	9b1e      	ldr	r3, [sp, #120]	; 0x78
1000255e:	9304      	str	r3, [sp, #16]
10002560:	9b1d      	ldr	r3, [sp, #116]	; 0x74
10002562:	9303      	str	r3, [sp, #12]
10002564:	9b1c      	ldr	r3, [sp, #112]	; 0x70
10002566:	9302      	str	r3, [sp, #8]
10002568:	9a07      	ldr	r2, [sp, #28]
1000256a:	9b08      	ldr	r3, [sp, #32]
1000256c:	9200      	str	r2, [sp, #0]
1000256e:	9301      	str	r3, [sp, #4]
10002570:	4643      	mov	r3, r8
10002572:	9a0e      	ldr	r2, [sp, #56]	; 0x38
10002574:	4649      	mov	r1, r9
10002576:	4650      	mov	r0, sl
10002578:	f000 f8ca 	bl	10002710 <_ftoa>
1000257c:	b011      	add	sp, #68	; 0x44
1000257e:	bc3c      	pop	{r2, r3, r4, r5}
10002580:	4690      	mov	r8, r2
10002582:	4699      	mov	r9, r3
10002584:	46a2      	mov	sl, r4
10002586:	46ab      	mov	fp, r5
10002588:	bdf0      	pop	{r4, r5, r6, r7, pc}
1000258a:	9409      	str	r4, [sp, #36]	; 0x24
1000258c:	2380      	movs	r3, #128	; 0x80
1000258e:	061b      	lsls	r3, r3, #24
10002590:	469c      	mov	ip, r3
10002592:	4465      	add	r5, ip
10002594:	9506      	str	r5, [sp, #24]
10002596:	e6fc      	b.n	10002392 <_etoa+0x76>
10002598:	2405      	movs	r4, #5
1000259a:	e7c0      	b.n	1000251e <_etoa+0x202>
1000259c:	2300      	movs	r3, #0
1000259e:	931c      	str	r3, [sp, #112]	; 0x70
100025a0:	2380      	movs	r3, #128	; 0x80
100025a2:	00db      	lsls	r3, r3, #3
100025a4:	9a1e      	ldr	r2, [sp, #120]	; 0x78
100025a6:	431a      	orrs	r2, r3
100025a8:	921e      	str	r2, [sp, #120]	; 0x78
100025aa:	2400      	movs	r4, #0
100025ac:	2300      	movs	r3, #0
100025ae:	469b      	mov	fp, r3
100025b0:	9b1d      	ldr	r3, [sp, #116]	; 0x74
100025b2:	429c      	cmp	r4, r3
100025b4:	d26a      	bcs.n	1000268c <_etoa+0x370>
100025b6:	1b1d      	subs	r5, r3, r4
100025b8:	2302      	movs	r3, #2
100025ba:	9e1e      	ldr	r6, [sp, #120]	; 0x78
100025bc:	401e      	ands	r6, r3
100025be:	9a1e      	ldr	r2, [sp, #120]	; 0x78
100025c0:	4213      	tst	r3, r2
100025c2:	d002      	beq.n	100025ca <_etoa+0x2ae>
100025c4:	2c00      	cmp	r4, #0
100025c6:	d000      	beq.n	100025ca <_etoa+0x2ae>
100025c8:	2500      	movs	r5, #0
100025ca:	465b      	mov	r3, fp
100025cc:	2b00      	cmp	r3, #0
100025ce:	d007      	beq.n	100025e0 <_etoa+0x2c4>
100025d0:	9a0a      	ldr	r2, [sp, #40]	; 0x28
100025d2:	9b0b      	ldr	r3, [sp, #44]	; 0x2c
100025d4:	9809      	ldr	r0, [sp, #36]	; 0x24
100025d6:	9906      	ldr	r1, [sp, #24]
100025d8:	f001 f81f 	bl	1000361a <__wrap___aeabi_ddiv>
100025dc:	9009      	str	r0, [sp, #36]	; 0x24
100025de:	9106      	str	r1, [sp, #24]
100025e0:	2200      	movs	r2, #0
100025e2:	2300      	movs	r3, #0
100025e4:	9807      	ldr	r0, [sp, #28]
100025e6:	9908      	ldr	r1, [sp, #32]
100025e8:	f001 f862 	bl	100036b0 <__wrap___aeabi_dcmplt>
100025ec:	2800      	cmp	r0, #0
100025ee:	d14f      	bne.n	10002690 <_etoa+0x374>
100025f0:	4b46      	ldr	r3, [pc, #280]	; (1000270c <_etoa+0x3f0>)
100025f2:	9a1e      	ldr	r2, [sp, #120]	; 0x78
100025f4:	4013      	ands	r3, r2
100025f6:	9304      	str	r3, [sp, #16]
100025f8:	9503      	str	r5, [sp, #12]
100025fa:	9b1c      	ldr	r3, [sp, #112]	; 0x70
100025fc:	9302      	str	r3, [sp, #8]
100025fe:	9a09      	ldr	r2, [sp, #36]	; 0x24
10002600:	9b06      	ldr	r3, [sp, #24]
10002602:	9200      	str	r2, [sp, #0]
10002604:	9301      	str	r3, [sp, #4]
10002606:	4643      	mov	r3, r8
10002608:	9a0e      	ldr	r2, [sp, #56]	; 0x38
1000260a:	4649      	mov	r1, r9
1000260c:	4650      	mov	r0, sl
1000260e:	f000 f87f 	bl	10002710 <_ftoa>
10002612:	2c00      	cmp	r4, #0
10002614:	d0b2      	beq.n	1000257c <_etoa+0x260>
10002616:	9b1e      	ldr	r3, [sp, #120]	; 0x78
10002618:	069b      	lsls	r3, r3, #26
1000261a:	d540      	bpl.n	1000269e <_etoa+0x382>
1000261c:	2745      	movs	r7, #69	; 0x45
1000261e:	1c45      	adds	r5, r0, #1
10002620:	4643      	mov	r3, r8
10002622:	0002      	movs	r2, r0
10002624:	4649      	mov	r1, r9
10002626:	0038      	movs	r0, r7
10002628:	47d0      	blx	sl
1000262a:	465b      	mov	r3, fp
1000262c:	17da      	asrs	r2, r3, #31
1000262e:	189b      	adds	r3, r3, r2
10002630:	4053      	eors	r3, r2
10002632:	2205      	movs	r2, #5
10002634:	9205      	str	r2, [sp, #20]
10002636:	3c01      	subs	r4, #1
10002638:	9404      	str	r4, [sp, #16]
1000263a:	2200      	movs	r2, #0
1000263c:	9203      	str	r2, [sp, #12]
1000263e:	320a      	adds	r2, #10
10002640:	9202      	str	r2, [sp, #8]
10002642:	465a      	mov	r2, fp
10002644:	0fd0      	lsrs	r0, r2, #31
10002646:	9001      	str	r0, [sp, #4]
10002648:	9300      	str	r3, [sp, #0]
1000264a:	4643      	mov	r3, r8
1000264c:	002a      	movs	r2, r5
1000264e:	4649      	mov	r1, r9
10002650:	4650      	mov	r0, sl
10002652:	f7ff fd93 	bl	1000217c <_ntoa_long>
10002656:	2e00      	cmp	r6, #0
10002658:	d100      	bne.n	1000265c <_etoa+0x340>
1000265a:	e78f      	b.n	1000257c <_etoa+0x260>
1000265c:	0002      	movs	r2, r0
1000265e:	4657      	mov	r7, sl
10002660:	9e0e      	ldr	r6, [sp, #56]	; 0x38
10002662:	9d1d      	ldr	r5, [sp, #116]	; 0x74
10002664:	1b93      	subs	r3, r2, r6
10002666:	42ab      	cmp	r3, r5
10002668:	d21b      	bcs.n	100026a2 <_etoa+0x386>
1000266a:	1c54      	adds	r4, r2, #1
1000266c:	4643      	mov	r3, r8
1000266e:	4649      	mov	r1, r9
10002670:	2020      	movs	r0, #32
10002672:	47b8      	blx	r7
10002674:	0022      	movs	r2, r4
10002676:	e7f5      	b.n	10002664 <_etoa+0x348>
10002678:	9b1c      	ldr	r3, [sp, #112]	; 0x70
1000267a:	2b00      	cmp	r3, #0
1000267c:	d098      	beq.n	100025b0 <_etoa+0x294>
1000267e:	9b0f      	ldr	r3, [sp, #60]	; 0x3c
10002680:	2b00      	cmp	r3, #0
10002682:	d095      	beq.n	100025b0 <_etoa+0x294>
10002684:	9b1c      	ldr	r3, [sp, #112]	; 0x70
10002686:	3b01      	subs	r3, #1
10002688:	931c      	str	r3, [sp, #112]	; 0x70
1000268a:	e791      	b.n	100025b0 <_etoa+0x294>
1000268c:	2500      	movs	r5, #0
1000268e:	e793      	b.n	100025b8 <_etoa+0x29c>
10002690:	9906      	ldr	r1, [sp, #24]
10002692:	2080      	movs	r0, #128	; 0x80
10002694:	0600      	lsls	r0, r0, #24
10002696:	4684      	mov	ip, r0
10002698:	4461      	add	r1, ip
1000269a:	9106      	str	r1, [sp, #24]
1000269c:	e7a8      	b.n	100025f0 <_etoa+0x2d4>
1000269e:	2765      	movs	r7, #101	; 0x65
100026a0:	e7bd      	b.n	1000261e <_etoa+0x302>
100026a2:	0010      	movs	r0, r2
100026a4:	e76a      	b.n	1000257c <_etoa+0x260>
100026a6:	46c0      	nop			; (mov r8, r8)
100026a8:	7fefffff 	.word	0x7fefffff
100026ac:	ffefffff 	.word	0xffefffff
100026b0:	fffffc01 	.word	0xfffffc01
100026b4:	3ff00000 	.word	0x3ff00000
100026b8:	509f79fb 	.word	0x509f79fb
100026bc:	3fd34413 	.word	0x3fd34413
100026c0:	8b60c8b3 	.word	0x8b60c8b3
100026c4:	3fc68a28 	.word	0x3fc68a28
100026c8:	3ff80000 	.word	0x3ff80000
100026cc:	636f4361 	.word	0x636f4361
100026d0:	3fd287a7 	.word	0x3fd287a7
100026d4:	0979a371 	.word	0x0979a371
100026d8:	400a934f 	.word	0x400a934f
100026dc:	3fe00000 	.word	0x3fe00000
100026e0:	bbb55516 	.word	0xbbb55516
100026e4:	40026bb1 	.word	0x40026bb1
100026e8:	fefa39ef 	.word	0xfefa39ef
100026ec:	3fe62e42 	.word	0x3fe62e42
100026f0:	000003ff 	.word	0x000003ff
100026f4:	402c0000 	.word	0x402c0000
100026f8:	40240000 	.word	0x40240000
100026fc:	40180000 	.word	0x40180000
10002700:	eb1c432d 	.word	0xeb1c432d
10002704:	3f1a36e2 	.word	0x3f1a36e2
10002708:	412e8480 	.word	0x412e8480
1000270c:	fffff7ff 	.word	0xfffff7ff

10002710 <_ftoa>:
10002710:	b5f0      	push	{r4, r5, r6, r7, lr}
10002712:	46de      	mov	lr, fp
10002714:	4657      	mov	r7, sl
10002716:	464e      	mov	r6, r9
10002718:	4645      	mov	r5, r8
1000271a:	b5e0      	push	{r5, r6, r7, lr}
1000271c:	b095      	sub	sp, #84	; 0x54
1000271e:	9006      	str	r0, [sp, #24]
10002720:	9107      	str	r1, [sp, #28]
10002722:	4693      	mov	fp, r2
10002724:	4699      	mov	r9, r3
10002726:	9f20      	ldr	r7, [sp, #128]	; 0x80
10002728:	9a1e      	ldr	r2, [sp, #120]	; 0x78
1000272a:	9b1f      	ldr	r3, [sp, #124]	; 0x7c
1000272c:	0010      	movs	r0, r2
1000272e:	0019      	movs	r1, r3
10002730:	f000 ffd9 	bl	100036e6 <__wrap___aeabi_dcmpun>
10002734:	2800      	cmp	r0, #0
10002736:	d131      	bne.n	1000279c <_ftoa+0x8c>
10002738:	2201      	movs	r2, #1
1000273a:	4252      	negs	r2, r2
1000273c:	4bbf      	ldr	r3, [pc, #764]	; (10002a3c <_ftoa+0x32c>)
1000273e:	981e      	ldr	r0, [sp, #120]	; 0x78
10002740:	991f      	ldr	r1, [sp, #124]	; 0x7c
10002742:	f000 ffb5 	bl	100036b0 <__wrap___aeabi_dcmplt>
10002746:	2800      	cmp	r0, #0
10002748:	d137      	bne.n	100027ba <_ftoa+0xaa>
1000274a:	2201      	movs	r2, #1
1000274c:	4252      	negs	r2, r2
1000274e:	4bbc      	ldr	r3, [pc, #752]	; (10002a40 <_ftoa+0x330>)
10002750:	981e      	ldr	r0, [sp, #120]	; 0x78
10002752:	991f      	ldr	r1, [sp, #124]	; 0x7c
10002754:	f000 ffc2 	bl	100036dc <__wrap___aeabi_dcmpgt>
10002758:	2800      	cmp	r0, #0
1000275a:	d13d      	bne.n	100027d8 <_ftoa+0xc8>
1000275c:	2200      	movs	r2, #0
1000275e:	4bb9      	ldr	r3, [pc, #740]	; (10002a44 <_ftoa+0x334>)
10002760:	981e      	ldr	r0, [sp, #120]	; 0x78
10002762:	991f      	ldr	r1, [sp, #124]	; 0x7c
10002764:	f000 ffba 	bl	100036dc <__wrap___aeabi_dcmpgt>
10002768:	2800      	cmp	r0, #0
1000276a:	d150      	bne.n	1000280e <_ftoa+0xfe>
1000276c:	2200      	movs	r2, #0
1000276e:	4bb6      	ldr	r3, [pc, #728]	; (10002a48 <_ftoa+0x338>)
10002770:	981e      	ldr	r0, [sp, #120]	; 0x78
10002772:	991f      	ldr	r1, [sp, #124]	; 0x7c
10002774:	f000 ff9c 	bl	100036b0 <__wrap___aeabi_dcmplt>
10002778:	2800      	cmp	r0, #0
1000277a:	d148      	bne.n	1000280e <_ftoa+0xfe>
1000277c:	2200      	movs	r2, #0
1000277e:	2300      	movs	r3, #0
10002780:	981e      	ldr	r0, [sp, #120]	; 0x78
10002782:	991f      	ldr	r1, [sp, #124]	; 0x7c
10002784:	f000 ff94 	bl	100036b0 <__wrap___aeabi_dcmplt>
10002788:	2800      	cmp	r0, #0
1000278a:	d150      	bne.n	1000282e <_ftoa+0x11e>
1000278c:	2300      	movs	r3, #0
1000278e:	4698      	mov	r8, r3
10002790:	9b22      	ldr	r3, [sp, #136]	; 0x88
10002792:	055b      	lsls	r3, r3, #21
10002794:	d400      	bmi.n	10002798 <_ftoa+0x88>
10002796:	e0b6      	b.n	10002906 <_ftoa+0x1f6>
10002798:	2400      	movs	r4, #0
1000279a:	e058      	b.n	1000284e <_ftoa+0x13e>
1000279c:	9b22      	ldr	r3, [sp, #136]	; 0x88
1000279e:	9303      	str	r3, [sp, #12]
100027a0:	9b21      	ldr	r3, [sp, #132]	; 0x84
100027a2:	9302      	str	r3, [sp, #8]
100027a4:	2303      	movs	r3, #3
100027a6:	9301      	str	r3, [sp, #4]
100027a8:	4ba8      	ldr	r3, [pc, #672]	; (10002a4c <_ftoa+0x33c>)
100027aa:	9300      	str	r3, [sp, #0]
100027ac:	464b      	mov	r3, r9
100027ae:	465a      	mov	r2, fp
100027b0:	9907      	ldr	r1, [sp, #28]
100027b2:	9806      	ldr	r0, [sp, #24]
100027b4:	f7ff fc03 	bl	10001fbe <_out_rev>
100027b8:	e10e      	b.n	100029d8 <_ftoa+0x2c8>
100027ba:	9b22      	ldr	r3, [sp, #136]	; 0x88
100027bc:	9303      	str	r3, [sp, #12]
100027be:	9b21      	ldr	r3, [sp, #132]	; 0x84
100027c0:	9302      	str	r3, [sp, #8]
100027c2:	2304      	movs	r3, #4
100027c4:	9301      	str	r3, [sp, #4]
100027c6:	4ba2      	ldr	r3, [pc, #648]	; (10002a50 <_ftoa+0x340>)
100027c8:	9300      	str	r3, [sp, #0]
100027ca:	464b      	mov	r3, r9
100027cc:	465a      	mov	r2, fp
100027ce:	9907      	ldr	r1, [sp, #28]
100027d0:	9806      	ldr	r0, [sp, #24]
100027d2:	f7ff fbf4 	bl	10001fbe <_out_rev>
100027d6:	e0ff      	b.n	100029d8 <_ftoa+0x2c8>
100027d8:	2304      	movs	r3, #4
100027da:	9a22      	ldr	r2, [sp, #136]	; 0x88
100027dc:	401a      	ands	r2, r3
100027de:	9922      	ldr	r1, [sp, #136]	; 0x88
100027e0:	420b      	tst	r3, r1
100027e2:	d010      	beq.n	10002806 <_ftoa+0xf6>
100027e4:	4b9b      	ldr	r3, [pc, #620]	; (10002a54 <_ftoa+0x344>)
100027e6:	2a00      	cmp	r2, #0
100027e8:	d00f      	beq.n	1000280a <_ftoa+0xfa>
100027ea:	2204      	movs	r2, #4
100027ec:	9922      	ldr	r1, [sp, #136]	; 0x88
100027ee:	9103      	str	r1, [sp, #12]
100027f0:	9921      	ldr	r1, [sp, #132]	; 0x84
100027f2:	9102      	str	r1, [sp, #8]
100027f4:	9201      	str	r2, [sp, #4]
100027f6:	9300      	str	r3, [sp, #0]
100027f8:	464b      	mov	r3, r9
100027fa:	465a      	mov	r2, fp
100027fc:	9907      	ldr	r1, [sp, #28]
100027fe:	9806      	ldr	r0, [sp, #24]
10002800:	f7ff fbdd 	bl	10001fbe <_out_rev>
10002804:	e0e8      	b.n	100029d8 <_ftoa+0x2c8>
10002806:	4b94      	ldr	r3, [pc, #592]	; (10002a58 <_ftoa+0x348>)
10002808:	e7ed      	b.n	100027e6 <_ftoa+0xd6>
1000280a:	2203      	movs	r2, #3
1000280c:	e7ee      	b.n	100027ec <_ftoa+0xdc>
1000280e:	9b22      	ldr	r3, [sp, #136]	; 0x88
10002810:	9304      	str	r3, [sp, #16]
10002812:	9b21      	ldr	r3, [sp, #132]	; 0x84
10002814:	9303      	str	r3, [sp, #12]
10002816:	9702      	str	r7, [sp, #8]
10002818:	9b1e      	ldr	r3, [sp, #120]	; 0x78
1000281a:	9c1f      	ldr	r4, [sp, #124]	; 0x7c
1000281c:	9300      	str	r3, [sp, #0]
1000281e:	9401      	str	r4, [sp, #4]
10002820:	464b      	mov	r3, r9
10002822:	465a      	mov	r2, fp
10002824:	9907      	ldr	r1, [sp, #28]
10002826:	9806      	ldr	r0, [sp, #24]
10002828:	f7ff fd78 	bl	1000231c <_etoa>
1000282c:	e0d4      	b.n	100029d8 <_ftoa+0x2c8>
1000282e:	9a1e      	ldr	r2, [sp, #120]	; 0x78
10002830:	9b1f      	ldr	r3, [sp, #124]	; 0x7c
10002832:	2000      	movs	r0, #0
10002834:	2100      	movs	r1, #0
10002836:	f000 fede 	bl	100035f6 <__wrap___aeabi_dsub>
1000283a:	901e      	str	r0, [sp, #120]	; 0x78
1000283c:	911f      	str	r1, [sp, #124]	; 0x7c
1000283e:	2301      	movs	r3, #1
10002840:	4698      	mov	r8, r3
10002842:	e7a5      	b.n	10002790 <_ftoa+0x80>
10002844:	ab0c      	add	r3, sp, #48	; 0x30
10002846:	2230      	movs	r2, #48	; 0x30
10002848:	551a      	strb	r2, [r3, r4]
1000284a:	3f01      	subs	r7, #1
1000284c:	3401      	adds	r4, #1
1000284e:	2c1f      	cmp	r4, #31
10002850:	d801      	bhi.n	10002856 <_ftoa+0x146>
10002852:	2f09      	cmp	r7, #9
10002854:	d8f6      	bhi.n	10002844 <_ftoa+0x134>
10002856:	981e      	ldr	r0, [sp, #120]	; 0x78
10002858:	991f      	ldr	r1, [sp, #124]	; 0x7c
1000285a:	f000 ff6f 	bl	1000373c <__wrap___aeabi_d2iz>
1000285e:	0005      	movs	r5, r0
10002860:	f000 ff54 	bl	1000370c <__wrap___aeabi_i2d>
10002864:	0002      	movs	r2, r0
10002866:	000b      	movs	r3, r1
10002868:	981e      	ldr	r0, [sp, #120]	; 0x78
1000286a:	991f      	ldr	r1, [sp, #124]	; 0x7c
1000286c:	f000 fec3 	bl	100035f6 <__wrap___aeabi_dsub>
10002870:	00fa      	lsls	r2, r7, #3
10002872:	4b7a      	ldr	r3, [pc, #488]	; (10002a5c <_ftoa+0x34c>)
10002874:	189b      	adds	r3, r3, r2
10002876:	681a      	ldr	r2, [r3, #0]
10002878:	685b      	ldr	r3, [r3, #4]
1000287a:	920a      	str	r2, [sp, #40]	; 0x28
1000287c:	930b      	str	r3, [sp, #44]	; 0x2c
1000287e:	f000 fed5 	bl	1000362c <__wrap___aeabi_dmul>
10002882:	9008      	str	r0, [sp, #32]
10002884:	9109      	str	r1, [sp, #36]	; 0x24
10002886:	f000 ff7d 	bl	10003784 <__wrap___aeabi_d2uiz>
1000288a:	0006      	movs	r6, r0
1000288c:	f000 ff3a 	bl	10003704 <__wrap___aeabi_ui2d>
10002890:	0002      	movs	r2, r0
10002892:	000b      	movs	r3, r1
10002894:	9808      	ldr	r0, [sp, #32]
10002896:	9909      	ldr	r1, [sp, #36]	; 0x24
10002898:	f000 fead 	bl	100035f6 <__wrap___aeabi_dsub>
1000289c:	9008      	str	r0, [sp, #32]
1000289e:	9109      	str	r1, [sp, #36]	; 0x24
100028a0:	2200      	movs	r2, #0
100028a2:	4b6f      	ldr	r3, [pc, #444]	; (10002a60 <_ftoa+0x350>)
100028a4:	f000 ff1a 	bl	100036dc <__wrap___aeabi_dcmpgt>
100028a8:	2800      	cmp	r0, #0
100028aa:	d02e      	beq.n	1000290a <_ftoa+0x1fa>
100028ac:	3601      	adds	r6, #1
100028ae:	0030      	movs	r0, r6
100028b0:	f000 ff28 	bl	10003704 <__wrap___aeabi_ui2d>
100028b4:	0002      	movs	r2, r0
100028b6:	000b      	movs	r3, r1
100028b8:	980a      	ldr	r0, [sp, #40]	; 0x28
100028ba:	990b      	ldr	r1, [sp, #44]	; 0x2c
100028bc:	f000 fefe 	bl	100036bc <__wrap___aeabi_dcmple>
100028c0:	2800      	cmp	r0, #0
100028c2:	d001      	beq.n	100028c8 <_ftoa+0x1b8>
100028c4:	3501      	adds	r5, #1
100028c6:	2600      	movs	r6, #0
100028c8:	2f00      	cmp	r7, #0
100028ca:	d12c      	bne.n	10002926 <_ftoa+0x216>
100028cc:	0028      	movs	r0, r5
100028ce:	f000 ff1d 	bl	1000370c <__wrap___aeabi_i2d>
100028d2:	0002      	movs	r2, r0
100028d4:	000b      	movs	r3, r1
100028d6:	981e      	ldr	r0, [sp, #120]	; 0x78
100028d8:	991f      	ldr	r1, [sp, #124]	; 0x7c
100028da:	f000 fe8c 	bl	100035f6 <__wrap___aeabi_dsub>
100028de:	0006      	movs	r6, r0
100028e0:	000f      	movs	r7, r1
100028e2:	2200      	movs	r2, #0
100028e4:	4b5e      	ldr	r3, [pc, #376]	; (10002a60 <_ftoa+0x350>)
100028e6:	f000 fee3 	bl	100036b0 <__wrap___aeabi_dcmplt>
100028ea:	2800      	cmp	r0, #0
100028ec:	d142      	bne.n	10002974 <_ftoa+0x264>
100028ee:	2200      	movs	r2, #0
100028f0:	4b5b      	ldr	r3, [pc, #364]	; (10002a60 <_ftoa+0x350>)
100028f2:	0030      	movs	r0, r6
100028f4:	0039      	movs	r1, r7
100028f6:	f000 fef1 	bl	100036dc <__wrap___aeabi_dcmpgt>
100028fa:	2800      	cmp	r0, #0
100028fc:	d13a      	bne.n	10002974 <_ftoa+0x264>
100028fe:	07eb      	lsls	r3, r5, #31
10002900:	d538      	bpl.n	10002974 <_ftoa+0x264>
10002902:	3501      	adds	r5, #1
10002904:	e036      	b.n	10002974 <_ftoa+0x264>
10002906:	2706      	movs	r7, #6
10002908:	e746      	b.n	10002798 <_ftoa+0x88>
1000290a:	2200      	movs	r2, #0
1000290c:	4b54      	ldr	r3, [pc, #336]	; (10002a60 <_ftoa+0x350>)
1000290e:	9808      	ldr	r0, [sp, #32]
10002910:	9909      	ldr	r1, [sp, #36]	; 0x24
10002912:	f000 fecd 	bl	100036b0 <__wrap___aeabi_dcmplt>
10002916:	2800      	cmp	r0, #0
10002918:	d1d6      	bne.n	100028c8 <_ftoa+0x1b8>
1000291a:	2e00      	cmp	r6, #0
1000291c:	d001      	beq.n	10002922 <_ftoa+0x212>
1000291e:	07f3      	lsls	r3, r6, #31
10002920:	d5d2      	bpl.n	100028c8 <_ftoa+0x1b8>
10002922:	3601      	adds	r6, #1
10002924:	e7d0      	b.n	100028c8 <_ftoa+0x1b8>
10002926:	46aa      	mov	sl, r5
10002928:	2c1f      	cmp	r4, #31
1000292a:	d811      	bhi.n	10002950 <_ftoa+0x240>
1000292c:	3f01      	subs	r7, #1
1000292e:	210a      	movs	r1, #10
10002930:	0030      	movs	r0, r6
10002932:	f000 fc1b 	bl	1000316c <__wrap___aeabi_uidiv>
10002936:	1c65      	adds	r5, r4, #1
10002938:	3130      	adds	r1, #48	; 0x30
1000293a:	ab0c      	add	r3, sp, #48	; 0x30
1000293c:	5519      	strb	r1, [r3, r4]
1000293e:	210a      	movs	r1, #10
10002940:	0030      	movs	r0, r6
10002942:	f000 fc13 	bl	1000316c <__wrap___aeabi_uidiv>
10002946:	2e09      	cmp	r6, #9
10002948:	d926      	bls.n	10002998 <_ftoa+0x288>
1000294a:	0006      	movs	r6, r0
1000294c:	002c      	movs	r4, r5
1000294e:	e7eb      	b.n	10002928 <_ftoa+0x218>
10002950:	4655      	mov	r5, sl
10002952:	e004      	b.n	1000295e <_ftoa+0x24e>
10002954:	aa0c      	add	r2, sp, #48	; 0x30
10002956:	2130      	movs	r1, #48	; 0x30
10002958:	5511      	strb	r1, [r2, r4]
1000295a:	001f      	movs	r7, r3
1000295c:	3401      	adds	r4, #1
1000295e:	2c1f      	cmp	r4, #31
10002960:	d802      	bhi.n	10002968 <_ftoa+0x258>
10002962:	1e7b      	subs	r3, r7, #1
10002964:	2f00      	cmp	r7, #0
10002966:	d1f5      	bne.n	10002954 <_ftoa+0x244>
10002968:	2c1f      	cmp	r4, #31
1000296a:	d803      	bhi.n	10002974 <_ftoa+0x264>
1000296c:	ab0c      	add	r3, sp, #48	; 0x30
1000296e:	222e      	movs	r2, #46	; 0x2e
10002970:	551a      	strb	r2, [r3, r4]
10002972:	3401      	adds	r4, #1
10002974:	2c1f      	cmp	r4, #31
10002976:	d814      	bhi.n	100029a2 <_ftoa+0x292>
10002978:	210a      	movs	r1, #10
1000297a:	0028      	movs	r0, r5
1000297c:	f000 fbca 	bl	10003114 <__wrap___aeabi_idiv>
10002980:	1c66      	adds	r6, r4, #1
10002982:	3130      	adds	r1, #48	; 0x30
10002984:	ab0c      	add	r3, sp, #48	; 0x30
10002986:	5519      	strb	r1, [r3, r4]
10002988:	210a      	movs	r1, #10
1000298a:	0028      	movs	r0, r5
1000298c:	f000 fbc2 	bl	10003114 <__wrap___aeabi_idiv>
10002990:	1e05      	subs	r5, r0, #0
10002992:	d005      	beq.n	100029a0 <_ftoa+0x290>
10002994:	0034      	movs	r4, r6
10002996:	e7ed      	b.n	10002974 <_ftoa+0x264>
10002998:	002b      	movs	r3, r5
1000299a:	4655      	mov	r5, sl
1000299c:	001c      	movs	r4, r3
1000299e:	e7de      	b.n	1000295e <_ftoa+0x24e>
100029a0:	0034      	movs	r4, r6
100029a2:	2303      	movs	r3, #3
100029a4:	9a22      	ldr	r2, [sp, #136]	; 0x88
100029a6:	4013      	ands	r3, r2
100029a8:	2b01      	cmp	r3, #1
100029aa:	d01c      	beq.n	100029e6 <_ftoa+0x2d6>
100029ac:	2c1f      	cmp	r4, #31
100029ae:	d806      	bhi.n	100029be <_ftoa+0x2ae>
100029b0:	4643      	mov	r3, r8
100029b2:	2b00      	cmp	r3, #0
100029b4:	d032      	beq.n	10002a1c <_ftoa+0x30c>
100029b6:	ab0c      	add	r3, sp, #48	; 0x30
100029b8:	222d      	movs	r2, #45	; 0x2d
100029ba:	551a      	strb	r2, [r3, r4]
100029bc:	3401      	adds	r4, #1
100029be:	9b22      	ldr	r3, [sp, #136]	; 0x88
100029c0:	9303      	str	r3, [sp, #12]
100029c2:	9b21      	ldr	r3, [sp, #132]	; 0x84
100029c4:	9302      	str	r3, [sp, #8]
100029c6:	9401      	str	r4, [sp, #4]
100029c8:	ab0c      	add	r3, sp, #48	; 0x30
100029ca:	9300      	str	r3, [sp, #0]
100029cc:	464b      	mov	r3, r9
100029ce:	465a      	mov	r2, fp
100029d0:	9907      	ldr	r1, [sp, #28]
100029d2:	9806      	ldr	r0, [sp, #24]
100029d4:	f7ff faf3 	bl	10001fbe <_out_rev>
100029d8:	b015      	add	sp, #84	; 0x54
100029da:	bc3c      	pop	{r2, r3, r4, r5}
100029dc:	4690      	mov	r8, r2
100029de:	4699      	mov	r9, r3
100029e0:	46a2      	mov	sl, r4
100029e2:	46ab      	mov	fp, r5
100029e4:	bdf0      	pop	{r4, r5, r6, r7, pc}
100029e6:	9b21      	ldr	r3, [sp, #132]	; 0x84
100029e8:	2b00      	cmp	r3, #0
100029ea:	d013      	beq.n	10002a14 <_ftoa+0x304>
100029ec:	4643      	mov	r3, r8
100029ee:	2b00      	cmp	r3, #0
100029f0:	d102      	bne.n	100029f8 <_ftoa+0x2e8>
100029f2:	330c      	adds	r3, #12
100029f4:	4213      	tst	r3, r2
100029f6:	d00f      	beq.n	10002a18 <_ftoa+0x308>
100029f8:	9b21      	ldr	r3, [sp, #132]	; 0x84
100029fa:	3b01      	subs	r3, #1
100029fc:	9321      	str	r3, [sp, #132]	; 0x84
100029fe:	0019      	movs	r1, r3
10002a00:	e003      	b.n	10002a0a <_ftoa+0x2fa>
10002a02:	ab0c      	add	r3, sp, #48	; 0x30
10002a04:	2230      	movs	r2, #48	; 0x30
10002a06:	551a      	strb	r2, [r3, r4]
10002a08:	3401      	adds	r4, #1
10002a0a:	428c      	cmp	r4, r1
10002a0c:	d2ce      	bcs.n	100029ac <_ftoa+0x29c>
10002a0e:	2c1f      	cmp	r4, #31
10002a10:	d9f7      	bls.n	10002a02 <_ftoa+0x2f2>
10002a12:	e7cb      	b.n	100029ac <_ftoa+0x29c>
10002a14:	9921      	ldr	r1, [sp, #132]	; 0x84
10002a16:	e7f8      	b.n	10002a0a <_ftoa+0x2fa>
10002a18:	9921      	ldr	r1, [sp, #132]	; 0x84
10002a1a:	e7f6      	b.n	10002a0a <_ftoa+0x2fa>
10002a1c:	9b22      	ldr	r3, [sp, #136]	; 0x88
10002a1e:	075b      	lsls	r3, r3, #29
10002a20:	d504      	bpl.n	10002a2c <_ftoa+0x31c>
10002a22:	ab0c      	add	r3, sp, #48	; 0x30
10002a24:	222b      	movs	r2, #43	; 0x2b
10002a26:	551a      	strb	r2, [r3, r4]
10002a28:	3401      	adds	r4, #1
10002a2a:	e7c8      	b.n	100029be <_ftoa+0x2ae>
10002a2c:	9b22      	ldr	r3, [sp, #136]	; 0x88
10002a2e:	071b      	lsls	r3, r3, #28
10002a30:	d5c5      	bpl.n	100029be <_ftoa+0x2ae>
10002a32:	ab0c      	add	r3, sp, #48	; 0x30
10002a34:	2220      	movs	r2, #32
10002a36:	551a      	strb	r2, [r3, r4]
10002a38:	3401      	adds	r4, #1
10002a3a:	e7c0      	b.n	100029be <_ftoa+0x2ae>
10002a3c:	ffefffff 	.word	0xffefffff
10002a40:	7fefffff 	.word	0x7fefffff
10002a44:	41cdcd65 	.word	0x41cdcd65
10002a48:	c1cdcd65 	.word	0xc1cdcd65
10002a4c:	10007edc 	.word	0x10007edc
10002a50:	10007ee0 	.word	0x10007ee0
10002a54:	10007ed4 	.word	0x10007ed4
10002a58:	10007ed0 	.word	0x10007ed0
10002a5c:	100080c8 	.word	0x100080c8
10002a60:	3fe00000 	.word	0x3fe00000

10002a64 <_vsnprintf>:
10002a64:	b5f0      	push	{r4, r5, r6, r7, lr}
10002a66:	46de      	mov	lr, fp
10002a68:	4657      	mov	r7, sl
10002a6a:	464e      	mov	r6, r9
10002a6c:	4645      	mov	r5, r8
10002a6e:	b5e0      	push	{r5, r6, r7, lr}
10002a70:	b093      	sub	sp, #76	; 0x4c
10002a72:	4682      	mov	sl, r0
10002a74:	468b      	mov	fp, r1
10002a76:	4690      	mov	r8, r2
10002a78:	9311      	str	r3, [sp, #68]	; 0x44
10002a7a:	2900      	cmp	r1, #0
10002a7c:	d100      	bne.n	10002a80 <_vsnprintf+0x1c>
10002a7e:	e2ec      	b.n	1000305a <_vsnprintf+0x5f6>
10002a80:	2700      	movs	r7, #0
10002a82:	4655      	mov	r5, sl
10002a84:	9b11      	ldr	r3, [sp, #68]	; 0x44
10002a86:	7818      	ldrb	r0, [r3, #0]
10002a88:	2800      	cmp	r0, #0
10002a8a:	d100      	bne.n	10002a8e <_vsnprintf+0x2a>
10002a8c:	e2e8      	b.n	10003060 <_vsnprintf+0x5fc>
10002a8e:	2825      	cmp	r0, #37	; 0x25
10002a90:	d009      	beq.n	10002aa6 <_vsnprintf+0x42>
10002a92:	1c7c      	adds	r4, r7, #1
10002a94:	4643      	mov	r3, r8
10002a96:	003a      	movs	r2, r7
10002a98:	4659      	mov	r1, fp
10002a9a:	47a8      	blx	r5
10002a9c:	9b11      	ldr	r3, [sp, #68]	; 0x44
10002a9e:	3301      	adds	r3, #1
10002aa0:	9311      	str	r3, [sp, #68]	; 0x44
10002aa2:	0027      	movs	r7, r4
10002aa4:	e7ee      	b.n	10002a84 <_vsnprintf+0x20>
10002aa6:	3301      	adds	r3, #1
10002aa8:	9311      	str	r3, [sp, #68]	; 0x44
10002aaa:	2400      	movs	r4, #0
10002aac:	e01d      	b.n	10002aea <_vsnprintf+0x86>
10002aae:	000b      	movs	r3, r1
10002ab0:	3b30      	subs	r3, #48	; 0x30
10002ab2:	b2db      	uxtb	r3, r3
10002ab4:	2b09      	cmp	r3, #9
10002ab6:	d937      	bls.n	10002b28 <_vsnprintf+0xc4>
10002ab8:	292a      	cmp	r1, #42	; 0x2a
10002aba:	d03a      	beq.n	10002b32 <_vsnprintf+0xce>
10002abc:	2300      	movs	r3, #0
10002abe:	930a      	str	r3, [sp, #40]	; 0x28
10002ac0:	9b11      	ldr	r3, [sp, #68]	; 0x44
10002ac2:	781a      	ldrb	r2, [r3, #0]
10002ac4:	2a2e      	cmp	r2, #46	; 0x2e
10002ac6:	d044      	beq.n	10002b52 <_vsnprintf+0xee>
10002ac8:	2300      	movs	r3, #0
10002aca:	469a      	mov	sl, r3
10002acc:	9a11      	ldr	r2, [sp, #68]	; 0x44
10002ace:	7813      	ldrb	r3, [r2, #0]
10002ad0:	3b68      	subs	r3, #104	; 0x68
10002ad2:	b2d9      	uxtb	r1, r3
10002ad4:	2912      	cmp	r1, #18
10002ad6:	d900      	bls.n	10002ada <_vsnprintf+0x76>
10002ad8:	e080      	b.n	10002bdc <_vsnprintf+0x178>
10002ada:	008b      	lsls	r3, r1, #2
10002adc:	49cb      	ldr	r1, [pc, #812]	; (10002e0c <_vsnprintf+0x3a8>)
10002ade:	58cb      	ldr	r3, [r1, r3]
10002ae0:	469f      	mov	pc, r3
10002ae2:	2301      	movs	r3, #1
10002ae4:	431c      	orrs	r4, r3
10002ae6:	3201      	adds	r2, #1
10002ae8:	9211      	str	r2, [sp, #68]	; 0x44
10002aea:	9a11      	ldr	r2, [sp, #68]	; 0x44
10002aec:	7811      	ldrb	r1, [r2, #0]
10002aee:	000b      	movs	r3, r1
10002af0:	3b20      	subs	r3, #32
10002af2:	b2d8      	uxtb	r0, r3
10002af4:	2810      	cmp	r0, #16
10002af6:	d8da      	bhi.n	10002aae <_vsnprintf+0x4a>
10002af8:	0083      	lsls	r3, r0, #2
10002afa:	48c5      	ldr	r0, [pc, #788]	; (10002e10 <_vsnprintf+0x3ac>)
10002afc:	58c3      	ldr	r3, [r0, r3]
10002afe:	469f      	mov	pc, r3
10002b00:	2302      	movs	r3, #2
10002b02:	431c      	orrs	r4, r3
10002b04:	3201      	adds	r2, #1
10002b06:	9211      	str	r2, [sp, #68]	; 0x44
10002b08:	e7ef      	b.n	10002aea <_vsnprintf+0x86>
10002b0a:	2304      	movs	r3, #4
10002b0c:	431c      	orrs	r4, r3
10002b0e:	3201      	adds	r2, #1
10002b10:	9211      	str	r2, [sp, #68]	; 0x44
10002b12:	e7ea      	b.n	10002aea <_vsnprintf+0x86>
10002b14:	2308      	movs	r3, #8
10002b16:	431c      	orrs	r4, r3
10002b18:	3201      	adds	r2, #1
10002b1a:	9211      	str	r2, [sp, #68]	; 0x44
10002b1c:	e7e5      	b.n	10002aea <_vsnprintf+0x86>
10002b1e:	2310      	movs	r3, #16
10002b20:	431c      	orrs	r4, r3
10002b22:	3201      	adds	r2, #1
10002b24:	9211      	str	r2, [sp, #68]	; 0x44
10002b26:	e7e0      	b.n	10002aea <_vsnprintf+0x86>
10002b28:	a811      	add	r0, sp, #68	; 0x44
10002b2a:	f7ff fa36 	bl	10001f9a <_atoi>
10002b2e:	900a      	str	r0, [sp, #40]	; 0x28
10002b30:	e7c6      	b.n	10002ac0 <_vsnprintf+0x5c>
10002b32:	9b1c      	ldr	r3, [sp, #112]	; 0x70
10002b34:	1d1a      	adds	r2, r3, #4
10002b36:	921c      	str	r2, [sp, #112]	; 0x70
10002b38:	6818      	ldr	r0, [r3, #0]
10002b3a:	2800      	cmp	r0, #0
10002b3c:	db04      	blt.n	10002b48 <_vsnprintf+0xe4>
10002b3e:	900a      	str	r0, [sp, #40]	; 0x28
10002b40:	9b11      	ldr	r3, [sp, #68]	; 0x44
10002b42:	3301      	adds	r3, #1
10002b44:	9311      	str	r3, [sp, #68]	; 0x44
10002b46:	e7bb      	b.n	10002ac0 <_vsnprintf+0x5c>
10002b48:	2302      	movs	r3, #2
10002b4a:	431c      	orrs	r4, r3
10002b4c:	4243      	negs	r3, r0
10002b4e:	930a      	str	r3, [sp, #40]	; 0x28
10002b50:	e7f6      	b.n	10002b40 <_vsnprintf+0xdc>
10002b52:	2280      	movs	r2, #128	; 0x80
10002b54:	00d2      	lsls	r2, r2, #3
10002b56:	4314      	orrs	r4, r2
10002b58:	1c5a      	adds	r2, r3, #1
10002b5a:	9211      	str	r2, [sp, #68]	; 0x44
10002b5c:	785a      	ldrb	r2, [r3, #1]
10002b5e:	0013      	movs	r3, r2
10002b60:	3b30      	subs	r3, #48	; 0x30
10002b62:	b2db      	uxtb	r3, r3
10002b64:	2b09      	cmp	r3, #9
10002b66:	d904      	bls.n	10002b72 <_vsnprintf+0x10e>
10002b68:	2a2a      	cmp	r2, #42	; 0x2a
10002b6a:	d007      	beq.n	10002b7c <_vsnprintf+0x118>
10002b6c:	2300      	movs	r3, #0
10002b6e:	469a      	mov	sl, r3
10002b70:	e7ac      	b.n	10002acc <_vsnprintf+0x68>
10002b72:	a811      	add	r0, sp, #68	; 0x44
10002b74:	f7ff fa11 	bl	10001f9a <_atoi>
10002b78:	4682      	mov	sl, r0
10002b7a:	e7a7      	b.n	10002acc <_vsnprintf+0x68>
10002b7c:	9b1c      	ldr	r3, [sp, #112]	; 0x70
10002b7e:	1d1a      	adds	r2, r3, #4
10002b80:	921c      	str	r2, [sp, #112]	; 0x70
10002b82:	6818      	ldr	r0, [r3, #0]
10002b84:	2800      	cmp	r0, #0
10002b86:	db04      	blt.n	10002b92 <_vsnprintf+0x12e>
10002b88:	4682      	mov	sl, r0
10002b8a:	9b11      	ldr	r3, [sp, #68]	; 0x44
10002b8c:	3301      	adds	r3, #1
10002b8e:	9311      	str	r3, [sp, #68]	; 0x44
10002b90:	e79c      	b.n	10002acc <_vsnprintf+0x68>
10002b92:	2000      	movs	r0, #0
10002b94:	e7f8      	b.n	10002b88 <_vsnprintf+0x124>
10002b96:	2380      	movs	r3, #128	; 0x80
10002b98:	005b      	lsls	r3, r3, #1
10002b9a:	4323      	orrs	r3, r4
10002b9c:	1c51      	adds	r1, r2, #1
10002b9e:	9111      	str	r1, [sp, #68]	; 0x44
10002ba0:	7852      	ldrb	r2, [r2, #1]
10002ba2:	2a6c      	cmp	r2, #108	; 0x6c
10002ba4:	d001      	beq.n	10002baa <_vsnprintf+0x146>
10002ba6:	001c      	movs	r4, r3
10002ba8:	e018      	b.n	10002bdc <_vsnprintf+0x178>
10002baa:	23c0      	movs	r3, #192	; 0xc0
10002bac:	009b      	lsls	r3, r3, #2
10002bae:	431c      	orrs	r4, r3
10002bb0:	3101      	adds	r1, #1
10002bb2:	9111      	str	r1, [sp, #68]	; 0x44
10002bb4:	e012      	b.n	10002bdc <_vsnprintf+0x178>
10002bb6:	2380      	movs	r3, #128	; 0x80
10002bb8:	4323      	orrs	r3, r4
10002bba:	1c51      	adds	r1, r2, #1
10002bbc:	9111      	str	r1, [sp, #68]	; 0x44
10002bbe:	7852      	ldrb	r2, [r2, #1]
10002bc0:	2a68      	cmp	r2, #104	; 0x68
10002bc2:	d001      	beq.n	10002bc8 <_vsnprintf+0x164>
10002bc4:	001c      	movs	r4, r3
10002bc6:	e009      	b.n	10002bdc <_vsnprintf+0x178>
10002bc8:	23c0      	movs	r3, #192	; 0xc0
10002bca:	431c      	orrs	r4, r3
10002bcc:	3101      	adds	r1, #1
10002bce:	9111      	str	r1, [sp, #68]	; 0x44
10002bd0:	e004      	b.n	10002bdc <_vsnprintf+0x178>
10002bd2:	2380      	movs	r3, #128	; 0x80
10002bd4:	005b      	lsls	r3, r3, #1
10002bd6:	431c      	orrs	r4, r3
10002bd8:	3201      	adds	r2, #1
10002bda:	9211      	str	r2, [sp, #68]	; 0x44
10002bdc:	9b11      	ldr	r3, [sp, #68]	; 0x44
10002bde:	7818      	ldrb	r0, [r3, #0]
10002be0:	0003      	movs	r3, r0
10002be2:	3b25      	subs	r3, #37	; 0x25
10002be4:	b2da      	uxtb	r2, r3
10002be6:	2a53      	cmp	r2, #83	; 0x53
10002be8:	d900      	bls.n	10002bec <_vsnprintf+0x188>
10002bea:	e22c      	b.n	10003046 <_vsnprintf+0x5e2>
10002bec:	0093      	lsls	r3, r2, #2
10002bee:	4a89      	ldr	r2, [pc, #548]	; (10002e14 <_vsnprintf+0x3b0>)
10002bf0:	58d3      	ldr	r3, [r2, r3]
10002bf2:	469f      	mov	pc, r3
10002bf4:	2380      	movs	r3, #128	; 0x80
10002bf6:	009b      	lsls	r3, r3, #2
10002bf8:	431c      	orrs	r4, r3
10002bfa:	3201      	adds	r2, #1
10002bfc:	9211      	str	r2, [sp, #68]	; 0x44
10002bfe:	e7ed      	b.n	10002bdc <_vsnprintf+0x178>
10002c00:	2380      	movs	r3, #128	; 0x80
10002c02:	005b      	lsls	r3, r3, #1
10002c04:	431c      	orrs	r4, r3
10002c06:	3201      	adds	r2, #1
10002c08:	9211      	str	r2, [sp, #68]	; 0x44
10002c0a:	e7e7      	b.n	10002bdc <_vsnprintf+0x178>
10002c0c:	2878      	cmp	r0, #120	; 0x78
10002c0e:	d009      	beq.n	10002c24 <_vsnprintf+0x1c0>
10002c10:	2858      	cmp	r0, #88	; 0x58
10002c12:	d038      	beq.n	10002c86 <_vsnprintf+0x222>
10002c14:	286f      	cmp	r0, #111	; 0x6f
10002c16:	d038      	beq.n	10002c8a <_vsnprintf+0x226>
10002c18:	2862      	cmp	r0, #98	; 0x62
10002c1a:	d038      	beq.n	10002c8e <_vsnprintf+0x22a>
10002c1c:	2310      	movs	r3, #16
10002c1e:	439c      	bics	r4, r3
10002c20:	260a      	movs	r6, #10
10002c22:	e000      	b.n	10002c26 <_vsnprintf+0x1c2>
10002c24:	2610      	movs	r6, #16
10002c26:	2858      	cmp	r0, #88	; 0x58
10002c28:	d033      	beq.n	10002c92 <_vsnprintf+0x22e>
10002c2a:	2869      	cmp	r0, #105	; 0x69
10002c2c:	d003      	beq.n	10002c36 <_vsnprintf+0x1d2>
10002c2e:	2864      	cmp	r0, #100	; 0x64
10002c30:	d001      	beq.n	10002c36 <_vsnprintf+0x1d2>
10002c32:	220c      	movs	r2, #12
10002c34:	4394      	bics	r4, r2
10002c36:	0563      	lsls	r3, r4, #21
10002c38:	d501      	bpl.n	10002c3e <_vsnprintf+0x1da>
10002c3a:	2201      	movs	r2, #1
10002c3c:	4394      	bics	r4, r2
10002c3e:	2869      	cmp	r0, #105	; 0x69
10002c40:	d02a      	beq.n	10002c98 <_vsnprintf+0x234>
10002c42:	2864      	cmp	r0, #100	; 0x64
10002c44:	d028      	beq.n	10002c98 <_vsnprintf+0x234>
10002c46:	05a3      	lsls	r3, r4, #22
10002c48:	d500      	bpl.n	10002c4c <_vsnprintf+0x1e8>
10002c4a:	e09f      	b.n	10002d8c <_vsnprintf+0x328>
10002c4c:	05e3      	lsls	r3, r4, #23
10002c4e:	d500      	bpl.n	10002c52 <_vsnprintf+0x1ee>
10002c50:	e0b8      	b.n	10002dc4 <_vsnprintf+0x360>
10002c52:	0663      	lsls	r3, r4, #25
10002c54:	d400      	bmi.n	10002c58 <_vsnprintf+0x1f4>
10002c56:	e0ca      	b.n	10002dee <_vsnprintf+0x38a>
10002c58:	9a1c      	ldr	r2, [sp, #112]	; 0x70
10002c5a:	1d11      	adds	r1, r2, #4
10002c5c:	911c      	str	r1, [sp, #112]	; 0x70
10002c5e:	6811      	ldr	r1, [r2, #0]
10002c60:	22ff      	movs	r2, #255	; 0xff
10002c62:	400a      	ands	r2, r1
10002c64:	9405      	str	r4, [sp, #20]
10002c66:	9b0a      	ldr	r3, [sp, #40]	; 0x28
10002c68:	9304      	str	r3, [sp, #16]
10002c6a:	4653      	mov	r3, sl
10002c6c:	9303      	str	r3, [sp, #12]
10002c6e:	9602      	str	r6, [sp, #8]
10002c70:	2300      	movs	r3, #0
10002c72:	9301      	str	r3, [sp, #4]
10002c74:	9200      	str	r2, [sp, #0]
10002c76:	4643      	mov	r3, r8
10002c78:	003a      	movs	r2, r7
10002c7a:	4659      	mov	r1, fp
10002c7c:	0028      	movs	r0, r5
10002c7e:	f7ff fa7d 	bl	1000217c <_ntoa_long>
10002c82:	0007      	movs	r7, r0
10002c84:	e027      	b.n	10002cd6 <_vsnprintf+0x272>
10002c86:	2610      	movs	r6, #16
10002c88:	e7cd      	b.n	10002c26 <_vsnprintf+0x1c2>
10002c8a:	2608      	movs	r6, #8
10002c8c:	e7cb      	b.n	10002c26 <_vsnprintf+0x1c2>
10002c8e:	2602      	movs	r6, #2
10002c90:	e7c9      	b.n	10002c26 <_vsnprintf+0x1c2>
10002c92:	2220      	movs	r2, #32
10002c94:	4314      	orrs	r4, r2
10002c96:	e7c8      	b.n	10002c2a <_vsnprintf+0x1c6>
10002c98:	05a3      	lsls	r3, r4, #22
10002c9a:	d420      	bmi.n	10002cde <_vsnprintf+0x27a>
10002c9c:	05e3      	lsls	r3, r4, #23
10002c9e:	d450      	bmi.n	10002d42 <_vsnprintf+0x2de>
10002ca0:	0663      	lsls	r3, r4, #25
10002ca2:	d566      	bpl.n	10002d72 <_vsnprintf+0x30e>
10002ca4:	9a1c      	ldr	r2, [sp, #112]	; 0x70
10002ca6:	1d11      	adds	r1, r2, #4
10002ca8:	911c      	str	r1, [sp, #112]	; 0x70
10002caa:	6811      	ldr	r1, [r2, #0]
10002cac:	22ff      	movs	r2, #255	; 0xff
10002cae:	400a      	ands	r2, r1
10002cb0:	17d3      	asrs	r3, r2, #31
10002cb2:	18d1      	adds	r1, r2, r3
10002cb4:	4059      	eors	r1, r3
10002cb6:	9405      	str	r4, [sp, #20]
10002cb8:	9b0a      	ldr	r3, [sp, #40]	; 0x28
10002cba:	9304      	str	r3, [sp, #16]
10002cbc:	4653      	mov	r3, sl
10002cbe:	9303      	str	r3, [sp, #12]
10002cc0:	9602      	str	r6, [sp, #8]
10002cc2:	0fd2      	lsrs	r2, r2, #31
10002cc4:	9201      	str	r2, [sp, #4]
10002cc6:	9100      	str	r1, [sp, #0]
10002cc8:	4643      	mov	r3, r8
10002cca:	003a      	movs	r2, r7
10002ccc:	4659      	mov	r1, fp
10002cce:	0028      	movs	r0, r5
10002cd0:	f7ff fa54 	bl	1000217c <_ntoa_long>
10002cd4:	0007      	movs	r7, r0
10002cd6:	9b11      	ldr	r3, [sp, #68]	; 0x44
10002cd8:	3301      	adds	r3, #1
10002cda:	9311      	str	r3, [sp, #68]	; 0x44
10002cdc:	e6d2      	b.n	10002a84 <_vsnprintf+0x20>
10002cde:	9b1c      	ldr	r3, [sp, #112]	; 0x70
10002ce0:	1dda      	adds	r2, r3, #7
10002ce2:	2107      	movs	r1, #7
10002ce4:	438a      	bics	r2, r1
10002ce6:	0011      	movs	r1, r2
10002ce8:	3108      	adds	r1, #8
10002cea:	911c      	str	r1, [sp, #112]	; 0x70
10002cec:	6811      	ldr	r1, [r2, #0]
10002cee:	6853      	ldr	r3, [r2, #4]
10002cf0:	469c      	mov	ip, r3
10002cf2:	17db      	asrs	r3, r3, #31
10002cf4:	930c      	str	r3, [sp, #48]	; 0x30
10002cf6:	930d      	str	r3, [sp, #52]	; 0x34
10002cf8:	9a0c      	ldr	r2, [sp, #48]	; 0x30
10002cfa:	9b0d      	ldr	r3, [sp, #52]	; 0x34
10002cfc:	0010      	movs	r0, r2
10002cfe:	4048      	eors	r0, r1
10002d00:	900e      	str	r0, [sp, #56]	; 0x38
10002d02:	4662      	mov	r2, ip
10002d04:	4053      	eors	r3, r2
10002d06:	930f      	str	r3, [sp, #60]	; 0x3c
10002d08:	980e      	ldr	r0, [sp, #56]	; 0x38
10002d0a:	990f      	ldr	r1, [sp, #60]	; 0x3c
10002d0c:	9a0c      	ldr	r2, [sp, #48]	; 0x30
10002d0e:	9b0d      	ldr	r3, [sp, #52]	; 0x34
10002d10:	1a80      	subs	r0, r0, r2
10002d12:	4199      	sbcs	r1, r3
10002d14:	900e      	str	r0, [sp, #56]	; 0x38
10002d16:	910f      	str	r1, [sp, #60]	; 0x3c
10002d18:	9408      	str	r4, [sp, #32]
10002d1a:	9b0a      	ldr	r3, [sp, #40]	; 0x28
10002d1c:	9307      	str	r3, [sp, #28]
10002d1e:	4653      	mov	r3, sl
10002d20:	9306      	str	r3, [sp, #24]
10002d22:	9604      	str	r6, [sp, #16]
10002d24:	2300      	movs	r3, #0
10002d26:	9305      	str	r3, [sp, #20]
10002d28:	4663      	mov	r3, ip
10002d2a:	0fda      	lsrs	r2, r3, #31
10002d2c:	9202      	str	r2, [sp, #8]
10002d2e:	9000      	str	r0, [sp, #0]
10002d30:	9101      	str	r1, [sp, #4]
10002d32:	4643      	mov	r3, r8
10002d34:	003a      	movs	r2, r7
10002d36:	4659      	mov	r1, fp
10002d38:	0028      	movs	r0, r5
10002d3a:	f7ff fa7d 	bl	10002238 <_ntoa_long_long>
10002d3e:	0007      	movs	r7, r0
10002d40:	e7c9      	b.n	10002cd6 <_vsnprintf+0x272>
10002d42:	9a1c      	ldr	r2, [sp, #112]	; 0x70
10002d44:	1d11      	adds	r1, r2, #4
10002d46:	911c      	str	r1, [sp, #112]	; 0x70
10002d48:	6812      	ldr	r2, [r2, #0]
10002d4a:	17d3      	asrs	r3, r2, #31
10002d4c:	18d1      	adds	r1, r2, r3
10002d4e:	4059      	eors	r1, r3
10002d50:	9405      	str	r4, [sp, #20]
10002d52:	9b0a      	ldr	r3, [sp, #40]	; 0x28
10002d54:	9304      	str	r3, [sp, #16]
10002d56:	4653      	mov	r3, sl
10002d58:	9303      	str	r3, [sp, #12]
10002d5a:	9602      	str	r6, [sp, #8]
10002d5c:	0fd2      	lsrs	r2, r2, #31
10002d5e:	9201      	str	r2, [sp, #4]
10002d60:	9100      	str	r1, [sp, #0]
10002d62:	4643      	mov	r3, r8
10002d64:	003a      	movs	r2, r7
10002d66:	4659      	mov	r1, fp
10002d68:	0028      	movs	r0, r5
10002d6a:	f7ff fa07 	bl	1000217c <_ntoa_long>
10002d6e:	0007      	movs	r7, r0
10002d70:	e7b1      	b.n	10002cd6 <_vsnprintf+0x272>
10002d72:	0623      	lsls	r3, r4, #24
10002d74:	d505      	bpl.n	10002d82 <_vsnprintf+0x31e>
10002d76:	9a1c      	ldr	r2, [sp, #112]	; 0x70
10002d78:	1d11      	adds	r1, r2, #4
10002d7a:	911c      	str	r1, [sp, #112]	; 0x70
10002d7c:	2300      	movs	r3, #0
10002d7e:	5ed2      	ldrsh	r2, [r2, r3]
10002d80:	e796      	b.n	10002cb0 <_vsnprintf+0x24c>
10002d82:	9a1c      	ldr	r2, [sp, #112]	; 0x70
10002d84:	1d11      	adds	r1, r2, #4
10002d86:	911c      	str	r1, [sp, #112]	; 0x70
10002d88:	6812      	ldr	r2, [r2, #0]
10002d8a:	e791      	b.n	10002cb0 <_vsnprintf+0x24c>
10002d8c:	9b1c      	ldr	r3, [sp, #112]	; 0x70
10002d8e:	1dda      	adds	r2, r3, #7
10002d90:	2107      	movs	r1, #7
10002d92:	438a      	bics	r2, r1
10002d94:	0011      	movs	r1, r2
10002d96:	3108      	adds	r1, #8
10002d98:	911c      	str	r1, [sp, #112]	; 0x70
10002d9a:	9408      	str	r4, [sp, #32]
10002d9c:	9b0a      	ldr	r3, [sp, #40]	; 0x28
10002d9e:	9307      	str	r3, [sp, #28]
10002da0:	4653      	mov	r3, sl
10002da2:	9306      	str	r3, [sp, #24]
10002da4:	9604      	str	r6, [sp, #16]
10002da6:	2300      	movs	r3, #0
10002da8:	9305      	str	r3, [sp, #20]
10002daa:	9302      	str	r3, [sp, #8]
10002dac:	6813      	ldr	r3, [r2, #0]
10002dae:	6854      	ldr	r4, [r2, #4]
10002db0:	9300      	str	r3, [sp, #0]
10002db2:	9401      	str	r4, [sp, #4]
10002db4:	4643      	mov	r3, r8
10002db6:	003a      	movs	r2, r7
10002db8:	4659      	mov	r1, fp
10002dba:	0028      	movs	r0, r5
10002dbc:	f7ff fa3c 	bl	10002238 <_ntoa_long_long>
10002dc0:	0007      	movs	r7, r0
10002dc2:	e788      	b.n	10002cd6 <_vsnprintf+0x272>
10002dc4:	9a1c      	ldr	r2, [sp, #112]	; 0x70
10002dc6:	1d11      	adds	r1, r2, #4
10002dc8:	911c      	str	r1, [sp, #112]	; 0x70
10002dca:	9405      	str	r4, [sp, #20]
10002dcc:	9b0a      	ldr	r3, [sp, #40]	; 0x28
10002dce:	9304      	str	r3, [sp, #16]
10002dd0:	4653      	mov	r3, sl
10002dd2:	9303      	str	r3, [sp, #12]
10002dd4:	9602      	str	r6, [sp, #8]
10002dd6:	2300      	movs	r3, #0
10002dd8:	9301      	str	r3, [sp, #4]
10002dda:	6813      	ldr	r3, [r2, #0]
10002ddc:	9300      	str	r3, [sp, #0]
10002dde:	4643      	mov	r3, r8
10002de0:	003a      	movs	r2, r7
10002de2:	4659      	mov	r1, fp
10002de4:	0028      	movs	r0, r5
10002de6:	f7ff f9c9 	bl	1000217c <_ntoa_long>
10002dea:	0007      	movs	r7, r0
10002dec:	e773      	b.n	10002cd6 <_vsnprintf+0x272>
10002dee:	0623      	lsls	r3, r4, #24
10002df0:	d506      	bpl.n	10002e00 <_vsnprintf+0x39c>
10002df2:	9a1c      	ldr	r2, [sp, #112]	; 0x70
10002df4:	1d11      	adds	r1, r2, #4
10002df6:	911c      	str	r1, [sp, #112]	; 0x70
10002df8:	6812      	ldr	r2, [r2, #0]
10002dfa:	0412      	lsls	r2, r2, #16
10002dfc:	0c12      	lsrs	r2, r2, #16
10002dfe:	e731      	b.n	10002c64 <_vsnprintf+0x200>
10002e00:	9a1c      	ldr	r2, [sp, #112]	; 0x70
10002e02:	1d11      	adds	r1, r2, #4
10002e04:	911c      	str	r1, [sp, #112]	; 0x70
10002e06:	6812      	ldr	r2, [r2, #0]
10002e08:	e72c      	b.n	10002c64 <_vsnprintf+0x200>
10002e0a:	46c0      	nop			; (mov r8, r8)
10002e0c:	10007ee8 	.word	0x10007ee8
10002e10:	10007f34 	.word	0x10007f34
10002e14:	10007f78 	.word	0x10007f78
10002e18:	2846      	cmp	r0, #70	; 0x46
10002e1a:	d01a      	beq.n	10002e52 <_vsnprintf+0x3ee>
10002e1c:	9b1c      	ldr	r3, [sp, #112]	; 0x70
10002e1e:	3307      	adds	r3, #7
10002e20:	2207      	movs	r2, #7
10002e22:	4393      	bics	r3, r2
10002e24:	001a      	movs	r2, r3
10002e26:	3208      	adds	r2, #8
10002e28:	921c      	str	r2, [sp, #112]	; 0x70
10002e2a:	9404      	str	r4, [sp, #16]
10002e2c:	9a0a      	ldr	r2, [sp, #40]	; 0x28
10002e2e:	9203      	str	r2, [sp, #12]
10002e30:	4652      	mov	r2, sl
10002e32:	9202      	str	r2, [sp, #8]
10002e34:	685c      	ldr	r4, [r3, #4]
10002e36:	681b      	ldr	r3, [r3, #0]
10002e38:	9300      	str	r3, [sp, #0]
10002e3a:	9401      	str	r4, [sp, #4]
10002e3c:	4643      	mov	r3, r8
10002e3e:	003a      	movs	r2, r7
10002e40:	4659      	mov	r1, fp
10002e42:	0028      	movs	r0, r5
10002e44:	f7ff fc64 	bl	10002710 <_ftoa>
10002e48:	0007      	movs	r7, r0
10002e4a:	9b11      	ldr	r3, [sp, #68]	; 0x44
10002e4c:	3301      	adds	r3, #1
10002e4e:	9311      	str	r3, [sp, #68]	; 0x44
10002e50:	e618      	b.n	10002a84 <_vsnprintf+0x20>
10002e52:	2320      	movs	r3, #32
10002e54:	431c      	orrs	r4, r3
10002e56:	e7e1      	b.n	10002e1c <_vsnprintf+0x3b8>
10002e58:	2867      	cmp	r0, #103	; 0x67
10002e5a:	d001      	beq.n	10002e60 <_vsnprintf+0x3fc>
10002e5c:	2847      	cmp	r0, #71	; 0x47
10002e5e:	d102      	bne.n	10002e66 <_vsnprintf+0x402>
10002e60:	2380      	movs	r3, #128	; 0x80
10002e62:	011b      	lsls	r3, r3, #4
10002e64:	431c      	orrs	r4, r3
10002e66:	2845      	cmp	r0, #69	; 0x45
10002e68:	d001      	beq.n	10002e6e <_vsnprintf+0x40a>
10002e6a:	2847      	cmp	r0, #71	; 0x47
10002e6c:	d101      	bne.n	10002e72 <_vsnprintf+0x40e>
10002e6e:	2320      	movs	r3, #32
10002e70:	431c      	orrs	r4, r3
10002e72:	9b1c      	ldr	r3, [sp, #112]	; 0x70
10002e74:	3307      	adds	r3, #7
10002e76:	2207      	movs	r2, #7
10002e78:	4393      	bics	r3, r2
10002e7a:	001a      	movs	r2, r3
10002e7c:	3208      	adds	r2, #8
10002e7e:	921c      	str	r2, [sp, #112]	; 0x70
10002e80:	9404      	str	r4, [sp, #16]
10002e82:	9a0a      	ldr	r2, [sp, #40]	; 0x28
10002e84:	9203      	str	r2, [sp, #12]
10002e86:	4652      	mov	r2, sl
10002e88:	9202      	str	r2, [sp, #8]
10002e8a:	685c      	ldr	r4, [r3, #4]
10002e8c:	681b      	ldr	r3, [r3, #0]
10002e8e:	9300      	str	r3, [sp, #0]
10002e90:	9401      	str	r4, [sp, #4]
10002e92:	4643      	mov	r3, r8
10002e94:	003a      	movs	r2, r7
10002e96:	4659      	mov	r1, fp
10002e98:	0028      	movs	r0, r5
10002e9a:	f7ff fa3f 	bl	1000231c <_etoa>
10002e9e:	0007      	movs	r7, r0
10002ea0:	9b11      	ldr	r3, [sp, #68]	; 0x44
10002ea2:	3301      	adds	r3, #1
10002ea4:	9311      	str	r3, [sp, #68]	; 0x44
10002ea6:	e5ed      	b.n	10002a84 <_vsnprintf+0x20>
10002ea8:	2302      	movs	r3, #2
10002eaa:	001a      	movs	r2, r3
10002eac:	4022      	ands	r2, r4
10002eae:	4692      	mov	sl, r2
10002eb0:	4223      	tst	r3, r4
10002eb2:	d01f      	beq.n	10002ef4 <_vsnprintf+0x490>
10002eb4:	2401      	movs	r4, #1
10002eb6:	9b1c      	ldr	r3, [sp, #112]	; 0x70
10002eb8:	1d1a      	adds	r2, r3, #4
10002eba:	921c      	str	r2, [sp, #112]	; 0x70
10002ebc:	1c7a      	adds	r2, r7, #1
10002ebe:	4691      	mov	r9, r2
10002ec0:	7818      	ldrb	r0, [r3, #0]
10002ec2:	4643      	mov	r3, r8
10002ec4:	003a      	movs	r2, r7
10002ec6:	4659      	mov	r1, fp
10002ec8:	47a8      	blx	r5
10002eca:	4653      	mov	r3, sl
10002ecc:	2b00      	cmp	r3, #0
10002ece:	d116      	bne.n	10002efe <_vsnprintf+0x49a>
10002ed0:	9b11      	ldr	r3, [sp, #68]	; 0x44
10002ed2:	3301      	adds	r3, #1
10002ed4:	9311      	str	r3, [sp, #68]	; 0x44
10002ed6:	464f      	mov	r7, r9
10002ed8:	e5d4      	b.n	10002a84 <_vsnprintf+0x20>
10002eda:	1c56      	adds	r6, r2, #1
10002edc:	4643      	mov	r3, r8
10002ede:	4659      	mov	r1, fp
10002ee0:	2020      	movs	r0, #32
10002ee2:	47b8      	blx	r7
10002ee4:	0023      	movs	r3, r4
10002ee6:	0032      	movs	r2, r6
10002ee8:	1c5c      	adds	r4, r3, #1
10002eea:	429d      	cmp	r5, r3
10002eec:	d8f5      	bhi.n	10002eda <_vsnprintf+0x476>
10002eee:	003d      	movs	r5, r7
10002ef0:	0017      	movs	r7, r2
10002ef2:	e7e0      	b.n	10002eb6 <_vsnprintf+0x452>
10002ef4:	2301      	movs	r3, #1
10002ef6:	003a      	movs	r2, r7
10002ef8:	002f      	movs	r7, r5
10002efa:	9d0a      	ldr	r5, [sp, #40]	; 0x28
10002efc:	e7f4      	b.n	10002ee8 <_vsnprintf+0x484>
10002efe:	464a      	mov	r2, r9
10002f00:	46a9      	mov	r9, r5
10002f02:	9d0a      	ldr	r5, [sp, #40]	; 0x28
10002f04:	e006      	b.n	10002f14 <_vsnprintf+0x4b0>
10002f06:	1c57      	adds	r7, r2, #1
10002f08:	4643      	mov	r3, r8
10002f0a:	4659      	mov	r1, fp
10002f0c:	2020      	movs	r0, #32
10002f0e:	47c8      	blx	r9
10002f10:	0034      	movs	r4, r6
10002f12:	003a      	movs	r2, r7
10002f14:	1c66      	adds	r6, r4, #1
10002f16:	42a5      	cmp	r5, r4
10002f18:	d8f5      	bhi.n	10002f06 <_vsnprintf+0x4a2>
10002f1a:	464d      	mov	r5, r9
10002f1c:	4691      	mov	r9, r2
10002f1e:	e7d7      	b.n	10002ed0 <_vsnprintf+0x46c>
10002f20:	9b1c      	ldr	r3, [sp, #112]	; 0x70
10002f22:	1d1a      	adds	r2, r3, #4
10002f24:	921c      	str	r2, [sp, #112]	; 0x70
10002f26:	681b      	ldr	r3, [r3, #0]
10002f28:	4699      	mov	r9, r3
10002f2a:	4653      	mov	r3, sl
10002f2c:	2b00      	cmp	r3, #0
10002f2e:	d100      	bne.n	10002f32 <_vsnprintf+0x4ce>
10002f30:	3b01      	subs	r3, #1
10002f32:	464e      	mov	r6, r9
10002f34:	e001      	b.n	10002f3a <_vsnprintf+0x4d6>
10002f36:	3601      	adds	r6, #1
10002f38:	0013      	movs	r3, r2
10002f3a:	7832      	ldrb	r2, [r6, #0]
10002f3c:	2a00      	cmp	r2, #0
10002f3e:	d002      	beq.n	10002f46 <_vsnprintf+0x4e2>
10002f40:	1e5a      	subs	r2, r3, #1
10002f42:	2b00      	cmp	r3, #0
10002f44:	d1f7      	bne.n	10002f36 <_vsnprintf+0x4d2>
10002f46:	464b      	mov	r3, r9
10002f48:	1af2      	subs	r2, r6, r3
10002f4a:	9210      	str	r2, [sp, #64]	; 0x40
10002f4c:	2380      	movs	r3, #128	; 0x80
10002f4e:	00db      	lsls	r3, r3, #3
10002f50:	0026      	movs	r6, r4
10002f52:	401e      	ands	r6, r3
10002f54:	421c      	tst	r4, r3
10002f56:	d003      	beq.n	10002f60 <_vsnprintf+0x4fc>
10002f58:	4552      	cmp	r2, sl
10002f5a:	d901      	bls.n	10002f60 <_vsnprintf+0x4fc>
10002f5c:	4653      	mov	r3, sl
10002f5e:	9310      	str	r3, [sp, #64]	; 0x40
10002f60:	2302      	movs	r3, #2
10002f62:	001a      	movs	r2, r3
10002f64:	4022      	ands	r2, r4
10002f66:	920b      	str	r2, [sp, #44]	; 0x2c
10002f68:	4223      	tst	r3, r4
10002f6a:	d005      	beq.n	10002f78 <_vsnprintf+0x514>
10002f6c:	003a      	movs	r2, r7
10002f6e:	0037      	movs	r7, r6
10002f70:	464c      	mov	r4, r9
10002f72:	46a9      	mov	r9, r5
10002f74:	4655      	mov	r5, sl
10002f76:	e020      	b.n	10002fba <_vsnprintf+0x556>
10002f78:	003a      	movs	r2, r7
10002f7a:	9b10      	ldr	r3, [sp, #64]	; 0x40
10002f7c:	465f      	mov	r7, fp
10002f7e:	46b3      	mov	fp, r6
10002f80:	002e      	movs	r6, r5
10002f82:	e006      	b.n	10002f92 <_vsnprintf+0x52e>
10002f84:	1c55      	adds	r5, r2, #1
10002f86:	4643      	mov	r3, r8
10002f88:	0039      	movs	r1, r7
10002f8a:	2020      	movs	r0, #32
10002f8c:	47b0      	blx	r6
10002f8e:	0023      	movs	r3, r4
10002f90:	002a      	movs	r2, r5
10002f92:	1c5c      	adds	r4, r3, #1
10002f94:	990a      	ldr	r1, [sp, #40]	; 0x28
10002f96:	4299      	cmp	r1, r3
10002f98:	d8f4      	bhi.n	10002f84 <_vsnprintf+0x520>
10002f9a:	0035      	movs	r5, r6
10002f9c:	465e      	mov	r6, fp
10002f9e:	46bb      	mov	fp, r7
10002fa0:	9410      	str	r4, [sp, #64]	; 0x40
10002fa2:	0037      	movs	r7, r6
10002fa4:	464c      	mov	r4, r9
10002fa6:	46a9      	mov	r9, r5
10002fa8:	4655      	mov	r5, sl
10002faa:	e006      	b.n	10002fba <_vsnprintf+0x556>
10002fac:	001d      	movs	r5, r3
10002fae:	3401      	adds	r4, #1
10002fb0:	1c56      	adds	r6, r2, #1
10002fb2:	4643      	mov	r3, r8
10002fb4:	4659      	mov	r1, fp
10002fb6:	47c8      	blx	r9
10002fb8:	0032      	movs	r2, r6
10002fba:	7820      	ldrb	r0, [r4, #0]
10002fbc:	2800      	cmp	r0, #0
10002fbe:	d004      	beq.n	10002fca <_vsnprintf+0x566>
10002fc0:	2f00      	cmp	r7, #0
10002fc2:	d0f4      	beq.n	10002fae <_vsnprintf+0x54a>
10002fc4:	1e6b      	subs	r3, r5, #1
10002fc6:	2d00      	cmp	r5, #0
10002fc8:	d1f0      	bne.n	10002fac <_vsnprintf+0x548>
10002fca:	0017      	movs	r7, r2
10002fcc:	464d      	mov	r5, r9
10002fce:	9b0b      	ldr	r3, [sp, #44]	; 0x2c
10002fd0:	2b00      	cmp	r3, #0
10002fd2:	d103      	bne.n	10002fdc <_vsnprintf+0x578>
10002fd4:	9b11      	ldr	r3, [sp, #68]	; 0x44
10002fd6:	3301      	adds	r3, #1
10002fd8:	9311      	str	r3, [sp, #68]	; 0x44
10002fda:	e553      	b.n	10002a84 <_vsnprintf+0x20>
10002fdc:	9f0a      	ldr	r7, [sp, #40]	; 0x28
10002fde:	9b10      	ldr	r3, [sp, #64]	; 0x40
10002fe0:	e006      	b.n	10002ff0 <_vsnprintf+0x58c>
10002fe2:	1c56      	adds	r6, r2, #1
10002fe4:	4643      	mov	r3, r8
10002fe6:	4659      	mov	r1, fp
10002fe8:	2020      	movs	r0, #32
10002fea:	47a8      	blx	r5
10002fec:	0023      	movs	r3, r4
10002fee:	0032      	movs	r2, r6
10002ff0:	1c5c      	adds	r4, r3, #1
10002ff2:	429f      	cmp	r7, r3
10002ff4:	d8f5      	bhi.n	10002fe2 <_vsnprintf+0x57e>
10002ff6:	0017      	movs	r7, r2
10002ff8:	e7ec      	b.n	10002fd4 <_vsnprintf+0x570>
10002ffa:	2321      	movs	r3, #33	; 0x21
10002ffc:	431c      	orrs	r4, r3
10002ffe:	9b1c      	ldr	r3, [sp, #112]	; 0x70
10003000:	1d1a      	adds	r2, r3, #4
10003002:	921c      	str	r2, [sp, #112]	; 0x70
10003004:	681b      	ldr	r3, [r3, #0]
10003006:	9300      	str	r3, [sp, #0]
10003008:	9405      	str	r4, [sp, #20]
1000300a:	2308      	movs	r3, #8
1000300c:	9304      	str	r3, [sp, #16]
1000300e:	4653      	mov	r3, sl
10003010:	9303      	str	r3, [sp, #12]
10003012:	2310      	movs	r3, #16
10003014:	9302      	str	r3, [sp, #8]
10003016:	2300      	movs	r3, #0
10003018:	9301      	str	r3, [sp, #4]
1000301a:	4643      	mov	r3, r8
1000301c:	003a      	movs	r2, r7
1000301e:	4659      	mov	r1, fp
10003020:	0028      	movs	r0, r5
10003022:	f7ff f8ab 	bl	1000217c <_ntoa_long>
10003026:	0007      	movs	r7, r0
10003028:	9b11      	ldr	r3, [sp, #68]	; 0x44
1000302a:	3301      	adds	r3, #1
1000302c:	9311      	str	r3, [sp, #68]	; 0x44
1000302e:	e529      	b.n	10002a84 <_vsnprintf+0x20>
10003030:	1c7c      	adds	r4, r7, #1
10003032:	4643      	mov	r3, r8
10003034:	003a      	movs	r2, r7
10003036:	4659      	mov	r1, fp
10003038:	2025      	movs	r0, #37	; 0x25
1000303a:	47a8      	blx	r5
1000303c:	9b11      	ldr	r3, [sp, #68]	; 0x44
1000303e:	3301      	adds	r3, #1
10003040:	9311      	str	r3, [sp, #68]	; 0x44
10003042:	0027      	movs	r7, r4
10003044:	e51e      	b.n	10002a84 <_vsnprintf+0x20>
10003046:	1c7c      	adds	r4, r7, #1
10003048:	4643      	mov	r3, r8
1000304a:	003a      	movs	r2, r7
1000304c:	4659      	mov	r1, fp
1000304e:	47a8      	blx	r5
10003050:	9b11      	ldr	r3, [sp, #68]	; 0x44
10003052:	3301      	adds	r3, #1
10003054:	9311      	str	r3, [sp, #68]	; 0x44
10003056:	0027      	movs	r7, r4
10003058:	e514      	b.n	10002a84 <_vsnprintf+0x20>
1000305a:	4b0b      	ldr	r3, [pc, #44]	; (10003088 <_vsnprintf+0x624>)
1000305c:	469a      	mov	sl, r3
1000305e:	e50f      	b.n	10002a80 <_vsnprintf+0x1c>
10003060:	46aa      	mov	sl, r5
10003062:	4547      	cmp	r7, r8
10003064:	d30d      	bcc.n	10003082 <_vsnprintf+0x61e>
10003066:	4643      	mov	r3, r8
10003068:	1e5a      	subs	r2, r3, #1
1000306a:	4643      	mov	r3, r8
1000306c:	4659      	mov	r1, fp
1000306e:	2000      	movs	r0, #0
10003070:	47d0      	blx	sl
10003072:	0038      	movs	r0, r7
10003074:	b013      	add	sp, #76	; 0x4c
10003076:	bc3c      	pop	{r2, r3, r4, r5}
10003078:	4690      	mov	r8, r2
1000307a:	4699      	mov	r9, r3
1000307c:	46a2      	mov	sl, r4
1000307e:	46ab      	mov	fp, r5
10003080:	bdf0      	pop	{r4, r5, r6, r7, pc}
10003082:	003a      	movs	r2, r7
10003084:	e7f1      	b.n	1000306a <_vsnprintf+0x606>
10003086:	46c0      	nop			; (mov r8, r8)
10003088:	10001f8b 	.word	0x10001f8b

1000308c <vfctprintf>:
1000308c:	b500      	push	{lr}
1000308e:	b085      	sub	sp, #20
10003090:	9002      	str	r0, [sp, #8]
10003092:	9103      	str	r1, [sp, #12]
10003094:	2101      	movs	r1, #1
10003096:	9300      	str	r3, [sp, #0]
10003098:	0013      	movs	r3, r2
1000309a:	424a      	negs	r2, r1
1000309c:	a902      	add	r1, sp, #8
1000309e:	4802      	ldr	r0, [pc, #8]	; (100030a8 <vfctprintf+0x1c>)
100030a0:	f7ff fce0 	bl	10002a64 <_vsnprintf>
100030a4:	b005      	add	sp, #20
100030a6:	bd00      	pop	{pc}
100030a8:	10001f8d 	.word	0x10001f8d

100030ac <__aeabi_bits_init>:
100030ac:	4801      	ldr	r0, [pc, #4]	; (100030b4 <__aeabi_bits_init+0x8>)
100030ae:	2104      	movs	r1, #4
100030b0:	4b01      	ldr	r3, [pc, #4]	; (100030b8 <__aeabi_bits_init+0xc>)
100030b2:	4718      	bx	r3
100030b4:	20000340 	.word	0x20000340
100030b8:	100030dd 	.word	0x100030dd

100030bc <rom_func_lookup>:
100030bc:	b510      	push	{r4, lr}
100030be:	0001      	movs	r1, r0
100030c0:	2318      	movs	r3, #24
100030c2:	881b      	ldrh	r3, [r3, #0]
100030c4:	2214      	movs	r2, #20
100030c6:	8810      	ldrh	r0, [r2, #0]
100030c8:	4798      	blx	r3
100030ca:	bd10      	pop	{r4, pc}

100030cc <rom_data_lookup>:
100030cc:	b510      	push	{r4, lr}
100030ce:	0001      	movs	r1, r0
100030d0:	2318      	movs	r3, #24
100030d2:	881b      	ldrh	r3, [r3, #0]
100030d4:	2216      	movs	r2, #22
100030d6:	8810      	ldrh	r0, [r2, #0]
100030d8:	4798      	blx	r3
100030da:	bd10      	pop	{r4, pc}

100030dc <rom_funcs_lookup>:
100030dc:	b5f0      	push	{r4, r5, r6, r7, lr}
100030de:	46c6      	mov	lr, r8
100030e0:	b500      	push	{lr}
100030e2:	0007      	movs	r7, r0
100030e4:	000e      	movs	r6, r1
100030e6:	2500      	movs	r5, #0
100030e8:	2301      	movs	r3, #1
100030ea:	4698      	mov	r8, r3
100030ec:	e000      	b.n	100030f0 <rom_funcs_lookup+0x14>
100030ee:	3501      	adds	r5, #1
100030f0:	42b5      	cmp	r5, r6
100030f2:	d20a      	bcs.n	1000310a <rom_funcs_lookup+0x2e>
100030f4:	00ac      	lsls	r4, r5, #2
100030f6:	193c      	adds	r4, r7, r4
100030f8:	6820      	ldr	r0, [r4, #0]
100030fa:	f7ff ffdf 	bl	100030bc <rom_func_lookup>
100030fe:	6020      	str	r0, [r4, #0]
10003100:	2800      	cmp	r0, #0
10003102:	d1f4      	bne.n	100030ee <rom_funcs_lookup+0x12>
10003104:	2300      	movs	r3, #0
10003106:	4698      	mov	r8, r3
10003108:	e7f1      	b.n	100030ee <rom_funcs_lookup+0x12>
1000310a:	4640      	mov	r0, r8
1000310c:	bc04      	pop	{r2}
1000310e:	4690      	mov	r8, r2
10003110:	bdf0      	pop	{r4, r5, r6, r7, pc}
	...

10003114 <__wrap___aeabi_idiv>:
10003114:	4a14      	ldr	r2, [pc, #80]	; (10003168 <divmod_s32s32_savestate+0x20>)
10003116:	6f93      	ldr	r3, [r2, #120]	; 0x78
10003118:	089b      	lsrs	r3, r3, #2
1000311a:	d215      	bcs.n	10003148 <divmod_s32s32_savestate>

1000311c <divmod_s32s32_unsafe>:
1000311c:	6690      	str	r0, [r2, #104]	; 0x68
1000311e:	66d1      	str	r1, [r2, #108]	; 0x6c
10003120:	2900      	cmp	r1, #0
10003122:	d005      	beq.n	10003130 <divmod_s32s32_unsafe+0x14>
10003124:	e7ff      	b.n	10003126 <divmod_s32s32_unsafe+0xa>
10003126:	e7ff      	b.n	10003128 <divmod_s32s32_unsafe+0xc>
10003128:	e7ff      	b.n	1000312a <divmod_s32s32_unsafe+0xe>
1000312a:	6f51      	ldr	r1, [r2, #116]	; 0x74
1000312c:	6f10      	ldr	r0, [r2, #112]	; 0x70
1000312e:	4770      	bx	lr
10003130:	b504      	push	{r2, lr}
10003132:	2180      	movs	r1, #128	; 0x80
10003134:	0609      	lsls	r1, r1, #24
10003136:	17c2      	asrs	r2, r0, #31
10003138:	4051      	eors	r1, r2
1000313a:	2800      	cmp	r0, #0
1000313c:	d000      	beq.n	10003140 <divmod_s32s32_unsafe+0x24>
1000313e:	43c8      	mvns	r0, r1
10003140:	f004 fa1e 	bl	10007580 <____aeabi_idiv0_veneer>
10003144:	2100      	movs	r1, #0
10003146:	bd04      	pop	{r2, pc}

10003148 <divmod_s32s32_savestate>:
10003148:	6f93      	ldr	r3, [r2, #120]	; 0x78
1000314a:	085b      	lsrs	r3, r3, #1
1000314c:	d3fd      	bcc.n	1000314a <divmod_s32s32_savestate+0x2>
1000314e:	b5f0      	push	{r4, r5, r6, r7, lr}
10003150:	6e94      	ldr	r4, [r2, #104]	; 0x68
10003152:	6ed5      	ldr	r5, [r2, #108]	; 0x6c
10003154:	6f57      	ldr	r7, [r2, #116]	; 0x74
10003156:	6f16      	ldr	r6, [r2, #112]	; 0x70
10003158:	f7ff ffe0 	bl	1000311c <divmod_s32s32_unsafe>
1000315c:	6694      	str	r4, [r2, #104]	; 0x68
1000315e:	66d5      	str	r5, [r2, #108]	; 0x6c
10003160:	6757      	str	r7, [r2, #116]	; 0x74
10003162:	6716      	str	r6, [r2, #112]	; 0x70
10003164:	bdf0      	pop	{r4, r5, r6, r7, pc}
10003166:	0000      	.short	0x0000
10003168:	d0000000 	.word	0xd0000000

1000316c <__wrap___aeabi_uidiv>:
1000316c:	4a13      	ldr	r2, [pc, #76]	; (100031bc <divmod_u32u32_savestate+0x20>)
1000316e:	6f93      	ldr	r3, [r2, #120]	; 0x78
10003170:	089b      	lsrs	r3, r3, #2
10003172:	d213      	bcs.n	1000319c <divmod_u32u32_savestate>

10003174 <divmod_u32u32_unsafe>:
10003174:	6610      	str	r0, [r2, #96]	; 0x60
10003176:	6651      	str	r1, [r2, #100]	; 0x64
10003178:	2900      	cmp	r1, #0
1000317a:	d005      	beq.n	10003188 <divmod_u32u32_unsafe+0x14>
1000317c:	e7ff      	b.n	1000317e <divmod_u32u32_unsafe+0xa>
1000317e:	e7ff      	b.n	10003180 <divmod_u32u32_unsafe+0xc>
10003180:	e7ff      	b.n	10003182 <divmod_u32u32_unsafe+0xe>
10003182:	6f51      	ldr	r1, [r2, #116]	; 0x74
10003184:	6f10      	ldr	r0, [r2, #112]	; 0x70
10003186:	4770      	bx	lr
10003188:	b504      	push	{r2, lr}
1000318a:	2800      	cmp	r0, #0
1000318c:	d001      	beq.n	10003192 <divmod_u32u32_unsafe+0x1e>
1000318e:	2000      	movs	r0, #0
10003190:	43c0      	mvns	r0, r0
10003192:	f004 f9f5 	bl	10007580 <____aeabi_idiv0_veneer>
10003196:	2100      	movs	r1, #0
10003198:	bd04      	pop	{r2, pc}
1000319a:	46c0      	nop			; (mov r8, r8)

1000319c <divmod_u32u32_savestate>:
1000319c:	6f93      	ldr	r3, [r2, #120]	; 0x78
1000319e:	085b      	lsrs	r3, r3, #1
100031a0:	d3fd      	bcc.n	1000319e <divmod_u32u32_savestate+0x2>
100031a2:	b5f0      	push	{r4, r5, r6, r7, lr}
100031a4:	6e94      	ldr	r4, [r2, #104]	; 0x68
100031a6:	6ed5      	ldr	r5, [r2, #108]	; 0x6c
100031a8:	6f57      	ldr	r7, [r2, #116]	; 0x74
100031aa:	6f16      	ldr	r6, [r2, #112]	; 0x70
100031ac:	f7ff ffe2 	bl	10003174 <divmod_u32u32_unsafe>
100031b0:	6694      	str	r4, [r2, #104]	; 0x68
100031b2:	66d5      	str	r5, [r2, #108]	; 0x6c
100031b4:	6757      	str	r7, [r2, #116]	; 0x74
100031b6:	6716      	str	r6, [r2, #112]	; 0x70
100031b8:	bdf0      	pop	{r4, r5, r6, r7, pc}
100031ba:	0000      	.short	0x0000
100031bc:	d0000000 	.word	0xd0000000

100031c0 <__wrap___aeabi_ldivmod>:
100031c0:	4694      	mov	ip, r2
100031c2:	4a4e      	ldr	r2, [pc, #312]	; (100032fc <udiv0+0x1a>)
100031c4:	6f92      	ldr	r2, [r2, #120]	; 0x78
100031c6:	0892      	lsrs	r2, r2, #2
100031c8:	4662      	mov	r2, ip
100031ca:	d201      	bcs.n	100031d0 <divmod_s64s64_savestate>
100031cc:	e030      	b.n	10003230 <divmod_s64s64_unsafe>
100031ce:	46c0      	nop			; (mov r8, r8)

100031d0 <divmod_s64s64_savestate>:
100031d0:	b5f0      	push	{r4, r5, r6, r7, lr}
100031d2:	4e4a      	ldr	r6, [pc, #296]	; (100032fc <udiv0+0x1a>)
100031d4:	6fb5      	ldr	r5, [r6, #120]	; 0x78
100031d6:	086d      	lsrs	r5, r5, #1
100031d8:	d3fc      	bcc.n	100031d4 <divmod_s64s64_savestate+0x4>
100031da:	6e34      	ldr	r4, [r6, #96]	; 0x60
100031dc:	6e75      	ldr	r5, [r6, #100]	; 0x64
100031de:	6f77      	ldr	r7, [r6, #116]	; 0x74
100031e0:	6f36      	ldr	r6, [r6, #112]	; 0x70
100031e2:	f000 f825 	bl	10003230 <divmod_s64s64_unsafe>
100031e6:	4694      	mov	ip, r2
100031e8:	4a44      	ldr	r2, [pc, #272]	; (100032fc <udiv0+0x1a>)
100031ea:	6614      	str	r4, [r2, #96]	; 0x60
100031ec:	6655      	str	r5, [r2, #100]	; 0x64
100031ee:	6757      	str	r7, [r2, #116]	; 0x74
100031f0:	6716      	str	r6, [r2, #112]	; 0x70
100031f2:	4662      	mov	r2, ip
100031f4:	bdf0      	pop	{r4, r5, r6, r7, pc}
100031f6:	46c0      	nop			; (mov r8, r8)

100031f8 <__wrap___aeabi_uldivmod>:
100031f8:	4694      	mov	ip, r2
100031fa:	4a40      	ldr	r2, [pc, #256]	; (100032fc <udiv0+0x1a>)
100031fc:	6f92      	ldr	r2, [r2, #120]	; 0x78
100031fe:	0892      	lsrs	r2, r2, #2
10003200:	4662      	mov	r2, ip
10003202:	d201      	bcs.n	10003208 <divmod_u64u64_savestate>
10003204:	e058      	b.n	100032b8 <divmod_u64u64_unsafe>
10003206:	46c0      	nop			; (mov r8, r8)

10003208 <divmod_u64u64_savestate>:
10003208:	b5f0      	push	{r4, r5, r6, r7, lr}
1000320a:	4e3c      	ldr	r6, [pc, #240]	; (100032fc <udiv0+0x1a>)
1000320c:	6fb5      	ldr	r5, [r6, #120]	; 0x78
1000320e:	086d      	lsrs	r5, r5, #1
10003210:	d3fc      	bcc.n	1000320c <divmod_u64u64_savestate+0x4>
10003212:	6e34      	ldr	r4, [r6, #96]	; 0x60
10003214:	6e75      	ldr	r5, [r6, #100]	; 0x64
10003216:	6f77      	ldr	r7, [r6, #116]	; 0x74
10003218:	6f36      	ldr	r6, [r6, #112]	; 0x70
1000321a:	f000 f84d 	bl	100032b8 <divmod_u64u64_unsafe>
1000321e:	4694      	mov	ip, r2
10003220:	4a36      	ldr	r2, [pc, #216]	; (100032fc <udiv0+0x1a>)
10003222:	6614      	str	r4, [r2, #96]	; 0x60
10003224:	6655      	str	r5, [r2, #100]	; 0x64
10003226:	6757      	str	r7, [r2, #116]	; 0x74
10003228:	6716      	str	r6, [r2, #112]	; 0x70
1000322a:	4662      	mov	r2, ip
1000322c:	bdf0      	pop	{r4, r5, r6, r7, pc}
1000322e:	46c0      	nop			; (mov r8, r8)

10003230 <divmod_s64s64_unsafe>:
10003230:	2b00      	cmp	r3, #0
10003232:	db24      	blt.n	1000327e <l41_1+0x26>
10003234:	d011      	beq.n	1000325a <l41_1+0x2>
10003236:	2900      	cmp	r1, #0
10003238:	da3e      	bge.n	100032b8 <divmod_u64u64_unsafe>
1000323a:	b500      	push	{lr}
1000323c:	43c9      	mvns	r1, r1
1000323e:	4240      	negs	r0, r0
10003240:	d100      	bne.n	10003244 <l39_1>
10003242:	3101      	adds	r1, #1

10003244 <l39_1>:
10003244:	f000 f838 	bl	100032b8 <divmod_u64u64_unsafe>
10003248:	43c9      	mvns	r1, r1
1000324a:	4240      	negs	r0, r0
1000324c:	d100      	bne.n	10003250 <l40_1>
1000324e:	3101      	adds	r1, #1

10003250 <l40_1>:
10003250:	43db      	mvns	r3, r3
10003252:	4252      	negs	r2, r2
10003254:	d100      	bne.n	10003258 <l41_1>
10003256:	3301      	adds	r3, #1

10003258 <l41_1>:
10003258:	bd00      	pop	{pc}
1000325a:	2a00      	cmp	r2, #0
1000325c:	d1eb      	bne.n	10003236 <divmod_s64s64_unsafe+0x6>
1000325e:	2800      	cmp	r0, #0
10003260:	d101      	bne.n	10003266 <l41_1+0xe>
10003262:	2900      	cmp	r1, #0
10003264:	d005      	beq.n	10003272 <l41_1+0x1a>
10003266:	2000      	movs	r0, #0
10003268:	0fc9      	lsrs	r1, r1, #31
1000326a:	07c9      	lsls	r1, r1, #31
1000326c:	d101      	bne.n	10003272 <l41_1+0x1a>
1000326e:	43c0      	mvns	r0, r0
10003270:	0841      	lsrs	r1, r0, #1
10003272:	b500      	push	{lr}
10003274:	f004 f97c 	bl	10007570 <____aeabi_ldiv0_veneer>
10003278:	2200      	movs	r2, #0
1000327a:	2300      	movs	r3, #0
1000327c:	bd00      	pop	{pc}
1000327e:	b500      	push	{lr}
10003280:	2900      	cmp	r1, #0
10003282:	db0a      	blt.n	1000329a <l43_1+0x2>
10003284:	43db      	mvns	r3, r3
10003286:	4252      	negs	r2, r2
10003288:	d100      	bne.n	1000328c <l42_1>
1000328a:	3301      	adds	r3, #1

1000328c <l42_1>:
1000328c:	f000 f814 	bl	100032b8 <divmod_u64u64_unsafe>
10003290:	43c9      	mvns	r1, r1
10003292:	4240      	negs	r0, r0
10003294:	d100      	bne.n	10003298 <l43_1>
10003296:	3101      	adds	r1, #1

10003298 <l43_1>:
10003298:	bd00      	pop	{pc}
1000329a:	43c9      	mvns	r1, r1
1000329c:	4240      	negs	r0, r0
1000329e:	d100      	bne.n	100032a2 <l44_1>
100032a0:	3101      	adds	r1, #1

100032a2 <l44_1>:
100032a2:	43db      	mvns	r3, r3
100032a4:	4252      	negs	r2, r2
100032a6:	d100      	bne.n	100032aa <l45_1>
100032a8:	3301      	adds	r3, #1

100032aa <l45_1>:
100032aa:	f000 f805 	bl	100032b8 <divmod_u64u64_unsafe>
100032ae:	43db      	mvns	r3, r3
100032b0:	4252      	negs	r2, r2
100032b2:	d100      	bne.n	100032b6 <l46_1>
100032b4:	3301      	adds	r3, #1

100032b6 <l46_1>:
100032b6:	bd00      	pop	{pc}

100032b8 <divmod_u64u64_unsafe>:
100032b8:	2900      	cmp	r1, #0
100032ba:	d123      	bne.n	10003304 <y64>
100032bc:	2b00      	cmp	r3, #0
100032be:	d118      	bne.n	100032f2 <udiv0+0x10>
100032c0:	2a00      	cmp	r2, #0
100032c2:	d00c      	beq.n	100032de <divmod_u64u64_unsafe+0x26>
100032c4:	46bc      	mov	ip, r7
100032c6:	4f0d      	ldr	r7, [pc, #52]	; (100032fc <udiv0+0x1a>)
100032c8:	6638      	str	r0, [r7, #96]	; 0x60
100032ca:	667a      	str	r2, [r7, #100]	; 0x64
100032cc:	2100      	movs	r1, #0
100032ce:	2300      	movs	r3, #0
100032d0:	e7ff      	b.n	100032d2 <divmod_u64u64_unsafe+0x1a>
100032d2:	e7ff      	b.n	100032d4 <divmod_u64u64_unsafe+0x1c>
100032d4:	e7ff      	b.n	100032d6 <divmod_u64u64_unsafe+0x1e>
100032d6:	6f7a      	ldr	r2, [r7, #116]	; 0x74
100032d8:	6f38      	ldr	r0, [r7, #112]	; 0x70
100032da:	4667      	mov	r7, ip
100032dc:	4770      	bx	lr
100032de:	2800      	cmp	r0, #0
100032e0:	d001      	beq.n	100032e6 <udiv0+0x4>

100032e2 <udiv0>:
100032e2:	4807      	ldr	r0, [pc, #28]	; (10003300 <udiv0+0x1e>)
100032e4:	0001      	movs	r1, r0
100032e6:	b500      	push	{lr}
100032e8:	f004 f942 	bl	10007570 <____aeabi_ldiv0_veneer>
100032ec:	2200      	movs	r2, #0
100032ee:	2300      	movs	r3, #0
100032f0:	bd00      	pop	{pc}
100032f2:	0002      	movs	r2, r0
100032f4:	000b      	movs	r3, r1
100032f6:	2000      	movs	r0, #0
100032f8:	2100      	movs	r1, #0
100032fa:	4770      	bx	lr
100032fc:	d0000000 	.word	0xd0000000
10003300:	ffffffff 	.word	0xffffffff

10003304 <y64>:
10003304:	2b00      	cmp	r3, #0
10003306:	d000      	beq.n	1000330a <y64+0x6>
10003308:	e0bd      	b.n	10003486 <y64_x48>
1000330a:	0c13      	lsrs	r3, r2, #16
1000330c:	d126      	bne.n	1000335c <y64_x32>
1000330e:	2a00      	cmp	r2, #0
10003310:	d0e7      	beq.n	100032e2 <udiv0>
10003312:	b480      	push	{r7}
10003314:	4f10      	ldr	r7, [pc, #64]	; (10003358 <y64+0x54>)
10003316:	6639      	str	r1, [r7, #96]	; 0x60
10003318:	667a      	str	r2, [r7, #100]	; 0x64
1000331a:	e7ff      	b.n	1000331c <y64+0x18>
1000331c:	e7ff      	b.n	1000331e <y64+0x1a>
1000331e:	b430      	push	{r4, r5}
10003320:	0c04      	lsrs	r4, r0, #16
10003322:	6f7b      	ldr	r3, [r7, #116]	; 0x74
10003324:	6f39      	ldr	r1, [r7, #112]	; 0x70
10003326:	041b      	lsls	r3, r3, #16
10003328:	4323      	orrs	r3, r4
1000332a:	663b      	str	r3, [r7, #96]	; 0x60
1000332c:	e7ff      	b.n	1000332e <y64+0x2a>
1000332e:	e7ff      	b.n	10003330 <y64+0x2c>
10003330:	e7ff      	b.n	10003332 <y64+0x2e>
10003332:	46c0      	nop			; (mov r8, r8)
10003334:	b284      	uxth	r4, r0
10003336:	6f7b      	ldr	r3, [r7, #116]	; 0x74
10003338:	6f3d      	ldr	r5, [r7, #112]	; 0x70
1000333a:	041b      	lsls	r3, r3, #16
1000333c:	4323      	orrs	r3, r4
1000333e:	663b      	str	r3, [r7, #96]	; 0x60
10003340:	e7ff      	b.n	10003342 <y64+0x3e>
10003342:	e7ff      	b.n	10003344 <y64+0x40>
10003344:	46c0      	nop			; (mov r8, r8)
10003346:	2300      	movs	r3, #0
10003348:	042c      	lsls	r4, r5, #16
1000334a:	0c2d      	lsrs	r5, r5, #16
1000334c:	6f7a      	ldr	r2, [r7, #116]	; 0x74
1000334e:	6f38      	ldr	r0, [r7, #112]	; 0x70
10003350:	1900      	adds	r0, r0, r4
10003352:	4169      	adcs	r1, r5
10003354:	bcb0      	pop	{r4, r5, r7}
10003356:	4770      	bx	lr
10003358:	d0000000 	.word	0xd0000000

1000335c <y64_x32>:
1000335c:	b5f0      	push	{r4, r5, r6, r7, lr}
1000335e:	4694      	mov	ip, r2
10003360:	2500      	movs	r5, #0
10003362:	0e14      	lsrs	r4, r2, #24
10003364:	d101      	bne.n	1000336a <y64_x32+0xe>
10003366:	0212      	lsls	r2, r2, #8
10003368:	3508      	adds	r5, #8
1000336a:	0f14      	lsrs	r4, r2, #28
1000336c:	d101      	bne.n	10003372 <y64_x32+0x16>
1000336e:	0112      	lsls	r2, r2, #4
10003370:	3504      	adds	r5, #4
10003372:	0f94      	lsrs	r4, r2, #30
10003374:	d101      	bne.n	1000337a <y64_x32+0x1e>
10003376:	0092      	lsls	r2, r2, #2
10003378:	3502      	adds	r5, #2
1000337a:	0fd4      	lsrs	r4, r2, #31
1000337c:	d101      	bne.n	10003382 <y64_x32+0x26>
1000337e:	0052      	lsls	r2, r2, #1
10003380:	3501      	adds	r5, #1
10003382:	0bd4      	lsrs	r4, r2, #15
10003384:	3401      	adds	r4, #1
10003386:	4f25      	ldr	r7, [pc, #148]	; (1000341c <y64_x32+0xc0>)
10003388:	667c      	str	r4, [r7, #100]	; 0x64
1000338a:	4c25      	ldr	r4, [pc, #148]	; (10003420 <y64_x32+0xc4>)
1000338c:	663c      	str	r4, [r7, #96]	; 0x60
1000338e:	0c0e      	lsrs	r6, r1, #16
10003390:	b293      	uxth	r3, r2
10003392:	e7ff      	b.n	10003394 <y64_x32+0x38>
10003394:	e7ff      	b.n	10003396 <y64_x32+0x3a>
10003396:	e7ff      	b.n	10003398 <y64_x32+0x3c>
10003398:	6f3c      	ldr	r4, [r7, #112]	; 0x70
1000339a:	4366      	muls	r6, r4
1000339c:	0c36      	lsrs	r6, r6, #16
1000339e:	0377      	lsls	r7, r6, #13
100033a0:	46be      	mov	lr, r7
100033a2:	4373      	muls	r3, r6
100033a4:	0bdf      	lsrs	r7, r3, #15
100033a6:	045b      	lsls	r3, r3, #17
100033a8:	1ac0      	subs	r0, r0, r3
100033aa:	41b9      	sbcs	r1, r7
100033ac:	0c13      	lsrs	r3, r2, #16
100033ae:	4373      	muls	r3, r6
100033b0:	18db      	adds	r3, r3, r3
100033b2:	1ac9      	subs	r1, r1, r3
100033b4:	08ce      	lsrs	r6, r1, #3
100033b6:	4366      	muls	r6, r4
100033b8:	0c36      	lsrs	r6, r6, #16
100033ba:	44b6      	add	lr, r6
100033bc:	b293      	uxth	r3, r2
100033be:	4373      	muls	r3, r6
100033c0:	0f1f      	lsrs	r7, r3, #28
100033c2:	011b      	lsls	r3, r3, #4
100033c4:	1ac0      	subs	r0, r0, r3
100033c6:	41b9      	sbcs	r1, r7
100033c8:	0c13      	lsrs	r3, r2, #16
100033ca:	4373      	muls	r3, r6
100033cc:	0b1f      	lsrs	r7, r3, #12
100033ce:	051b      	lsls	r3, r3, #20
100033d0:	1ac0      	subs	r0, r0, r3
100033d2:	41b9      	sbcs	r1, r7
100033d4:	0d86      	lsrs	r6, r0, #22
100033d6:	028f      	lsls	r7, r1, #10
100033d8:	433e      	orrs	r6, r7
100033da:	4366      	muls	r6, r4
100033dc:	0c36      	lsrs	r6, r6, #16
100033de:	2d09      	cmp	r5, #9
100033e0:	db24      	blt.n	1000342c <last0>
100033e2:	0a52      	lsrs	r2, r2, #9
100033e4:	4372      	muls	r2, r6
100033e6:	1a80      	subs	r0, r0, r2
100033e8:	0377      	lsls	r7, r6, #13
100033ea:	0a46      	lsrs	r6, r0, #9
100033ec:	4366      	muls	r6, r4
100033ee:	0c36      	lsrs	r6, r6, #16
100033f0:	2316      	movs	r3, #22
100033f2:	1b5b      	subs	r3, r3, r5
100033f4:	40de      	lsrs	r6, r3
100033f6:	40df      	lsrs	r7, r3
100033f8:	19bf      	adds	r7, r7, r6
100033fa:	4664      	mov	r4, ip
100033fc:	4366      	muls	r6, r4
100033fe:	1b82      	subs	r2, r0, r6
10003400:	4670      	mov	r0, lr
10003402:	3504      	adds	r5, #4
10003404:	3306      	adds	r3, #6
10003406:	0001      	movs	r1, r0
10003408:	40d9      	lsrs	r1, r3
1000340a:	40a8      	lsls	r0, r5
1000340c:	19c0      	adds	r0, r0, r7
1000340e:	d300      	bcc.n	10003412 <y64_x32+0xb6>
10003410:	3101      	adds	r1, #1
10003412:	42a2      	cmp	r2, r4
10003414:	d206      	bcs.n	10003424 <y64_x32+0xc8>
10003416:	2300      	movs	r3, #0
10003418:	bdf0      	pop	{r4, r5, r6, r7, pc}
1000341a:	0000      	.short	0x0000
1000341c:	d0000000 	.word	0xd0000000
10003420:	ffffffff 	.word	0xffffffff
10003424:	1b12      	subs	r2, r2, r4
10003426:	3001      	adds	r0, #1
10003428:	d3f3      	bcc.n	10003412 <y64_x32+0xb6>
1000342a:	e7f1      	b.n	10003410 <y64_x32+0xb4>

1000342c <last0>:
1000342c:	2709      	movs	r7, #9
1000342e:	1b7f      	subs	r7, r7, r5
10003430:	40fe      	lsrs	r6, r7
10003432:	4664      	mov	r4, ip
10003434:	b2a2      	uxth	r2, r4
10003436:	4372      	muls	r2, r6
10003438:	1a80      	subs	r0, r0, r2
1000343a:	d200      	bcs.n	1000343e <last0+0x12>
1000343c:	3901      	subs	r1, #1
1000343e:	0c22      	lsrs	r2, r4, #16
10003440:	4372      	muls	r2, r6
10003442:	0c13      	lsrs	r3, r2, #16
10003444:	0412      	lsls	r2, r2, #16
10003446:	1a82      	subs	r2, r0, r2
10003448:	4199      	sbcs	r1, r3
1000344a:	000b      	movs	r3, r1
1000344c:	4670      	mov	r0, lr
1000344e:	3504      	adds	r5, #4
10003450:	3713      	adds	r7, #19
10003452:	0001      	movs	r1, r0
10003454:	40f9      	lsrs	r1, r7
10003456:	40a8      	lsls	r0, r5
10003458:	1980      	adds	r0, r0, r6
1000345a:	d300      	bcc.n	1000345e <last0+0x32>
1000345c:	3101      	adds	r1, #1
1000345e:	2b00      	cmp	r3, #0
10003460:	d102      	bne.n	10003468 <last0+0x3c>
10003462:	42a2      	cmp	r2, r4
10003464:	d20a      	bcs.n	1000347c <last0+0x50>
10003466:	bdf0      	pop	{r4, r5, r6, r7, pc}
10003468:	3001      	adds	r0, #1
1000346a:	d300      	bcc.n	1000346e <last0+0x42>
1000346c:	3101      	adds	r1, #1
1000346e:	1b12      	subs	r2, r2, r4
10003470:	d2fa      	bcs.n	10003468 <last0+0x3c>
10003472:	3b01      	subs	r3, #1
10003474:	d1f8      	bne.n	10003468 <last0+0x3c>
10003476:	42a2      	cmp	r2, r4
10003478:	d200      	bcs.n	1000347c <last0+0x50>
1000347a:	bdf0      	pop	{r4, r5, r6, r7, pc}
1000347c:	3001      	adds	r0, #1
1000347e:	d300      	bcc.n	10003482 <last0+0x56>
10003480:	3101      	adds	r1, #1
10003482:	1b12      	subs	r2, r2, r4
10003484:	e7f7      	b.n	10003476 <last0+0x4a>

10003486 <y64_x48>:
10003486:	b5f0      	push	{r4, r5, r6, r7, lr}
10003488:	0c1c      	lsrs	r4, r3, #16
1000348a:	d000      	beq.n	1000348e <y64_x48+0x8>
1000348c:	e080      	b.n	10003590 <y64_x64>
1000348e:	b40c      	push	{r2, r3}
10003490:	2500      	movs	r5, #0
10003492:	0a1c      	lsrs	r4, r3, #8
10003494:	d104      	bne.n	100034a0 <y64_x48+0x1a>
10003496:	021b      	lsls	r3, r3, #8
10003498:	0e16      	lsrs	r6, r2, #24
1000349a:	4333      	orrs	r3, r6
1000349c:	0212      	lsls	r2, r2, #8
1000349e:	3508      	adds	r5, #8
100034a0:	0b1c      	lsrs	r4, r3, #12
100034a2:	d104      	bne.n	100034ae <y64_x48+0x28>
100034a4:	011b      	lsls	r3, r3, #4
100034a6:	0f16      	lsrs	r6, r2, #28
100034a8:	4333      	orrs	r3, r6
100034aa:	0112      	lsls	r2, r2, #4
100034ac:	3504      	adds	r5, #4
100034ae:	0b9c      	lsrs	r4, r3, #14
100034b0:	d104      	bne.n	100034bc <y64_x48+0x36>
100034b2:	009b      	lsls	r3, r3, #2
100034b4:	0f96      	lsrs	r6, r2, #30
100034b6:	4333      	orrs	r3, r6
100034b8:	0092      	lsls	r2, r2, #2
100034ba:	3502      	adds	r5, #2
100034bc:	0bdc      	lsrs	r4, r3, #15
100034be:	d102      	bne.n	100034c6 <y64_x48+0x40>
100034c0:	1892      	adds	r2, r2, r2
100034c2:	415b      	adcs	r3, r3
100034c4:	3501      	adds	r5, #1
100034c6:	001c      	movs	r4, r3
100034c8:	1897      	adds	r7, r2, r2
100034ca:	4164      	adcs	r4, r4
100034cc:	3401      	adds	r4, #1
100034ce:	4f46      	ldr	r7, [pc, #280]	; (100035e8 <y64_x64+0x58>)
100034d0:	667c      	str	r4, [r7, #100]	; 0x64
100034d2:	4c46      	ldr	r4, [pc, #280]	; (100035ec <y64_x64+0x5c>)
100034d4:	663c      	str	r4, [r7, #96]	; 0x60
100034d6:	0c0e      	lsrs	r6, r1, #16
100034d8:	e7ff      	b.n	100034da <y64_x48+0x54>
100034da:	e7ff      	b.n	100034dc <y64_x48+0x56>
100034dc:	e7ff      	b.n	100034de <y64_x48+0x58>
100034de:	46c0      	nop			; (mov r8, r8)
100034e0:	6f3c      	ldr	r4, [r7, #112]	; 0x70
100034e2:	4366      	muls	r6, r4
100034e4:	0c36      	lsrs	r6, r6, #16
100034e6:	0377      	lsls	r7, r6, #13
100034e8:	46be      	mov	lr, r7
100034ea:	b297      	uxth	r7, r2
100034ec:	4377      	muls	r7, r6
100034ee:	1bc0      	subs	r0, r0, r7
100034f0:	d200      	bcs.n	100034f4 <y64_x48+0x6e>
100034f2:	3901      	subs	r1, #1
100034f4:	1bc0      	subs	r0, r0, r7
100034f6:	d200      	bcs.n	100034fa <y64_x48+0x74>
100034f8:	3901      	subs	r1, #1
100034fa:	b29f      	uxth	r7, r3
100034fc:	4377      	muls	r7, r6
100034fe:	1bc9      	subs	r1, r1, r7
10003500:	1bc9      	subs	r1, r1, r7
10003502:	0c17      	lsrs	r7, r2, #16
10003504:	4377      	muls	r7, r6
10003506:	047e      	lsls	r6, r7, #17
10003508:	0bff      	lsrs	r7, r7, #15
1000350a:	1b80      	subs	r0, r0, r6
1000350c:	41b9      	sbcs	r1, r7
1000350e:	08ce      	lsrs	r6, r1, #3
10003510:	4366      	muls	r6, r4
10003512:	0c36      	lsrs	r6, r6, #16
10003514:	2d0c      	cmp	r5, #12
10003516:	db33      	blt.n	10003580 <last1>
10003518:	44b6      	add	lr, r6
1000351a:	0b12      	lsrs	r2, r2, #12
1000351c:	051f      	lsls	r7, r3, #20
1000351e:	433a      	orrs	r2, r7
10003520:	0b1b      	lsrs	r3, r3, #12
10003522:	b297      	uxth	r7, r2
10003524:	4377      	muls	r7, r6
10003526:	1bc0      	subs	r0, r0, r7
10003528:	d200      	bcs.n	1000352c <y64_x48+0xa6>
1000352a:	3901      	subs	r1, #1
1000352c:	b29f      	uxth	r7, r3
1000352e:	4377      	muls	r7, r6
10003530:	1bc9      	subs	r1, r1, r7
10003532:	0c17      	lsrs	r7, r2, #16
10003534:	4377      	muls	r7, r6
10003536:	043e      	lsls	r6, r7, #16
10003538:	0c3f      	lsrs	r7, r7, #16
1000353a:	1b80      	subs	r0, r0, r6
1000353c:	41b9      	sbcs	r1, r7
1000353e:	0d86      	lsrs	r6, r0, #22
10003540:	028f      	lsls	r7, r1, #10
10003542:	433e      	orrs	r6, r7
10003544:	4366      	muls	r6, r4
10003546:	2729      	movs	r7, #41	; 0x29
10003548:	1b7f      	subs	r7, r7, r5
1000354a:	40fe      	lsrs	r6, r7
1000354c:	3d0c      	subs	r5, #12
1000354e:	4677      	mov	r7, lr
10003550:	40af      	lsls	r7, r5
10003552:	19bf      	adds	r7, r7, r6
10003554:	bc30      	pop	{r4, r5}
10003556:	b2a2      	uxth	r2, r4
10003558:	b2ab      	uxth	r3, r5
1000355a:	4372      	muls	r2, r6
1000355c:	4373      	muls	r3, r6
1000355e:	1a80      	subs	r0, r0, r2
10003560:	4199      	sbcs	r1, r3
10003562:	0c22      	lsrs	r2, r4, #16
10003564:	4372      	muls	r2, r6
10003566:	0c13      	lsrs	r3, r2, #16
10003568:	0412      	lsls	r2, r2, #16
1000356a:	1a80      	subs	r0, r0, r2
1000356c:	4199      	sbcs	r1, r3
1000356e:	0002      	movs	r2, r0
10003570:	000b      	movs	r3, r1
10003572:	3701      	adds	r7, #1
10003574:	1b00      	subs	r0, r0, r4
10003576:	41a9      	sbcs	r1, r5
10003578:	d2f9      	bcs.n	1000356e <y64_x48+0xe8>
1000357a:	1e78      	subs	r0, r7, #1
1000357c:	2100      	movs	r1, #0
1000357e:	bdf0      	pop	{r4, r5, r6, r7, pc}

10003580 <last1>:
10003580:	270c      	movs	r7, #12
10003582:	1b7f      	subs	r7, r7, r5
10003584:	40fe      	lsrs	r6, r7
10003586:	4677      	mov	r7, lr
10003588:	0b7f      	lsrs	r7, r7, #13
1000358a:	40af      	lsls	r7, r5
1000358c:	19ff      	adds	r7, r7, r7
1000358e:	e7e0      	b.n	10003552 <y64_x48+0xcc>

10003590 <y64_x64>:
10003590:	2400      	movs	r4, #0
10003592:	1c5d      	adds	r5, r3, #1
10003594:	d007      	beq.n	100035a6 <y64_x64+0x16>
10003596:	4f14      	ldr	r7, [pc, #80]	; (100035e8 <y64_x64+0x58>)
10003598:	667d      	str	r5, [r7, #100]	; 0x64
1000359a:	6639      	str	r1, [r7, #96]	; 0x60
1000359c:	e7ff      	b.n	1000359e <y64_x64+0xe>
1000359e:	e7ff      	b.n	100035a0 <y64_x64+0x10>
100035a0:	e7ff      	b.n	100035a2 <y64_x64+0x12>
100035a2:	e7ff      	b.n	100035a4 <y64_x64+0x14>
100035a4:	6f3c      	ldr	r4, [r7, #112]	; 0x70
100035a6:	b295      	uxth	r5, r2
100035a8:	b29e      	uxth	r6, r3
100035aa:	4365      	muls	r5, r4
100035ac:	4366      	muls	r6, r4
100035ae:	1b40      	subs	r0, r0, r5
100035b0:	41b1      	sbcs	r1, r6
100035b2:	0c15      	lsrs	r5, r2, #16
100035b4:	0c1e      	lsrs	r6, r3, #16
100035b6:	4365      	muls	r5, r4
100035b8:	4366      	muls	r6, r4
100035ba:	0436      	lsls	r6, r6, #16
100035bc:	0c2f      	lsrs	r7, r5, #16
100035be:	433e      	orrs	r6, r7
100035c0:	042d      	lsls	r5, r5, #16
100035c2:	1b40      	subs	r0, r0, r5
100035c4:	41b1      	sbcs	r1, r6
100035c6:	4299      	cmp	r1, r3
100035c8:	d204      	bcs.n	100035d4 <y64_x64+0x44>
100035ca:	0002      	movs	r2, r0
100035cc:	000b      	movs	r3, r1
100035ce:	0020      	movs	r0, r4
100035d0:	2100      	movs	r1, #0
100035d2:	bdf0      	pop	{r4, r5, r6, r7, pc}
100035d4:	d101      	bne.n	100035da <y64_x64+0x4a>
100035d6:	4290      	cmp	r0, r2
100035d8:	d3f7      	bcc.n	100035ca <y64_x64+0x3a>
100035da:	1a80      	subs	r0, r0, r2
100035dc:	4199      	sbcs	r1, r3
100035de:	3401      	adds	r4, #1
100035e0:	4299      	cmp	r1, r3
100035e2:	d3f2      	bcc.n	100035ca <y64_x64+0x3a>
100035e4:	e7f6      	b.n	100035d4 <y64_x64+0x44>
100035e6:	0000      	.short	0x0000
100035e8:	d0000000 	.word	0xd0000000
100035ec:	ffffffff 	.word	0xffffffff

100035f0 <__wrap___aeabi_drsub>:
100035f0:	4048      	eors	r0, r1
100035f2:	4041      	eors	r1, r0
100035f4:	4048      	eors	r0, r1

100035f6 <__wrap___aeabi_dsub>:
100035f6:	b418      	push	{r3, r4}
100035f8:	4b11      	ldr	r3, [pc, #68]	; (10003640 <__wrap___aeabi_dmul+0x14>)
100035fa:	685b      	ldr	r3, [r3, #4]
100035fc:	46fc      	mov	ip, pc
100035fe:	9301      	str	r3, [sp, #4]
10003600:	bd08      	pop	{r3, pc}
10003602:	df04      	.short	0xdf04
10003604:	1000388b 	.word	0x1000388b

10003608 <__wrap___aeabi_dadd>:
10003608:	b418      	push	{r3, r4}
1000360a:	4b0d      	ldr	r3, [pc, #52]	; (10003640 <__wrap___aeabi_dmul+0x14>)
1000360c:	681b      	ldr	r3, [r3, #0]
1000360e:	46fc      	mov	ip, pc
10003610:	9301      	str	r3, [sp, #4]
10003612:	bd08      	pop	{r3, pc}
10003614:	3895df00 	.word	0x3895df00
10003618:	1000      	.short	0x1000

1000361a <__wrap___aeabi_ddiv>:
1000361a:	b418      	push	{r3, r4}
1000361c:	4b08      	ldr	r3, [pc, #32]	; (10003640 <__wrap___aeabi_dmul+0x14>)
1000361e:	68db      	ldr	r3, [r3, #12]
10003620:	46fc      	mov	ip, pc
10003622:	9301      	str	r3, [sp, #4]
10003624:	bd08      	pop	{r3, pc}
10003626:	df0c      	.short	0xdf0c
10003628:	10003b4d 	.word	0x10003b4d

1000362c <__wrap___aeabi_dmul>:
1000362c:	b418      	push	{r3, r4}
1000362e:	4b04      	ldr	r3, [pc, #16]	; (10003640 <__wrap___aeabi_dmul+0x14>)
10003630:	689b      	ldr	r3, [r3, #8]
10003632:	46fc      	mov	ip, pc
10003634:	9301      	str	r3, [sp, #4]
10003636:	bd08      	pop	{r3, pc}
10003638:	39f1df08 	.word	0x39f1df08
1000363c:	00001000 	.word	0x00001000
10003640:	200019e4 	.word	0x200019e4

10003644 <__wrap___aeabi_cdrcmple>:
10003644:	b5ff      	push	{r0, r1, r2, r3, r4, r5, r6, r7, lr}
10003646:	4050      	eors	r0, r2
10003648:	4042      	eors	r2, r0
1000364a:	4050      	eors	r0, r2
1000364c:	4059      	eors	r1, r3
1000364e:	404b      	eors	r3, r1
10003650:	4059      	eors	r1, r3
10003652:	e000      	b.n	10003656 <__aeabi_dfcmple_guts>

10003654 <__wrap___aeabi_cdcmpeq>:
10003654:	b5ff      	push	{r0, r1, r2, r3, r4, r5, r6, r7, lr}

10003656 <__aeabi_dfcmple_guts>:
10003656:	4f15      	ldr	r7, [pc, #84]	; (100036ac <__aeabi_dfcmple_guts+0x56>)
10003658:	004c      	lsls	r4, r1, #1
1000365a:	0d64      	lsrs	r4, r4, #21
1000365c:	d003      	beq.n	10003666 <__aeabi_dfcmple_guts+0x10>
1000365e:	42bc      	cmp	r4, r7
10003660:	d104      	bne.n	1000366c <__aeabi_dfcmple_guts+0x16>
10003662:	030c      	lsls	r4, r1, #12
10003664:	d814      	bhi.n	10003690 <__aeabi_dfcmple_guts+0x3a>
10003666:	2000      	movs	r0, #0
10003668:	0d09      	lsrs	r1, r1, #20
1000366a:	0509      	lsls	r1, r1, #20
1000366c:	005c      	lsls	r4, r3, #1
1000366e:	0d64      	lsrs	r4, r4, #21
10003670:	d003      	beq.n	1000367a <__aeabi_dfcmple_guts+0x24>
10003672:	42bc      	cmp	r4, r7
10003674:	d104      	bne.n	10003680 <__aeabi_dfcmple_guts+0x2a>
10003676:	031c      	lsls	r4, r3, #12
10003678:	d80a      	bhi.n	10003690 <__aeabi_dfcmple_guts+0x3a>
1000367a:	2200      	movs	r2, #0
1000367c:	0d1b      	lsrs	r3, r3, #20
1000367e:	051b      	lsls	r3, r3, #20
10003680:	2601      	movs	r6, #1
10003682:	404b      	eors	r3, r1
10003684:	d409      	bmi.n	1000369a <__aeabi_dfcmple_guts+0x44>
10003686:	404b      	eors	r3, r1
10003688:	d503      	bpl.n	10003692 <__aeabi_dfcmple_guts+0x3c>
1000368a:	428b      	cmp	r3, r1
1000368c:	d100      	bne.n	10003690 <__aeabi_dfcmple_guts+0x3a>
1000368e:	4282      	cmp	r2, r0
10003690:	bdff      	pop	{r0, r1, r2, r3, r4, r5, r6, r7, pc}
10003692:	4299      	cmp	r1, r3
10003694:	d1fc      	bne.n	10003690 <__aeabi_dfcmple_guts+0x3a>
10003696:	4290      	cmp	r0, r2
10003698:	bdff      	pop	{r0, r1, r2, r3, r4, r5, r6, r7, pc}
1000369a:	430b      	orrs	r3, r1
1000369c:	18db      	adds	r3, r3, r3
1000369e:	4303      	orrs	r3, r0
100036a0:	4313      	orrs	r3, r2
100036a2:	d0f5      	beq.n	10003690 <__aeabi_dfcmple_guts+0x3a>
100036a4:	43c9      	mvns	r1, r1
100036a6:	1849      	adds	r1, r1, r1
100036a8:	bdff      	pop	{r0, r1, r2, r3, r4, r5, r6, r7, pc}
100036aa:	0000      	.short	0x0000
100036ac:	000007ff 	.word	0x000007ff

100036b0 <__wrap___aeabi_dcmplt>:
100036b0:	b500      	push	{lr}
100036b2:	f7ff ffcf 	bl	10003654 <__wrap___aeabi_cdcmpeq>
100036b6:	4180      	sbcs	r0, r0
100036b8:	bd00      	pop	{pc}
100036ba:	46c0      	nop			; (mov r8, r8)

100036bc <__wrap___aeabi_dcmple>:
100036bc:	b500      	push	{lr}
100036be:	f7ff ffc9 	bl	10003654 <__wrap___aeabi_cdcmpeq>
100036c2:	d901      	bls.n	100036c8 <__wrap___aeabi_dcmple+0xc>
100036c4:	2000      	movs	r0, #0
100036c6:	bd00      	pop	{pc}
100036c8:	2001      	movs	r0, #1
100036ca:	bd00      	pop	{pc}

100036cc <__wrap___aeabi_dcmpge>:
100036cc:	b500      	push	{lr}
100036ce:	f7ff ffb9 	bl	10003644 <__wrap___aeabi_cdrcmple>
100036d2:	d901      	bls.n	100036d8 <__wrap___aeabi_dcmpge+0xc>
100036d4:	2000      	movs	r0, #0
100036d6:	bd00      	pop	{pc}
100036d8:	2001      	movs	r0, #1
100036da:	bd00      	pop	{pc}

100036dc <__wrap___aeabi_dcmpgt>:
100036dc:	b500      	push	{lr}
100036de:	f7ff ffb1 	bl	10003644 <__wrap___aeabi_cdrcmple>
100036e2:	4180      	sbcs	r0, r0
100036e4:	bd00      	pop	{pc}

100036e6 <__wrap___aeabi_dcmpun>:
100036e6:	2001      	movs	r0, #1
100036e8:	0540      	lsls	r0, r0, #21
100036ea:	004a      	lsls	r2, r1, #1
100036ec:	1812      	adds	r2, r2, r0
100036ee:	d804      	bhi.n	100036fa <__wrap___aeabi_dcmpun+0x14>
100036f0:	005a      	lsls	r2, r3, #1
100036f2:	1812      	adds	r2, r2, r0
100036f4:	d801      	bhi.n	100036fa <__wrap___aeabi_dcmpun+0x14>
100036f6:	2000      	movs	r0, #0
100036f8:	4770      	bx	lr
100036fa:	2001      	movs	r0, #1
100036fc:	4770      	bx	lr
100036fe:	2000      	movs	r0, #0
10003700:	4770      	bx	lr
	...

10003704 <__wrap___aeabi_ui2d>:
10003704:	2100      	movs	r1, #0
10003706:	2800      	cmp	r0, #0
10003708:	d105      	bne.n	10003716 <__wrap___aeabi_i2d+0xa>
1000370a:	4770      	bx	lr

1000370c <__wrap___aeabi_i2d>:
1000370c:	17c1      	asrs	r1, r0, #31
1000370e:	4048      	eors	r0, r1
10003710:	1a40      	subs	r0, r0, r1
10003712:	d0fa      	beq.n	1000370a <__wrap___aeabi_ui2d+0x6>
10003714:	07c9      	lsls	r1, r1, #31
10003716:	b513      	push	{r0, r1, r4, lr}
10003718:	4b06      	ldr	r3, [pc, #24]	; (10003734 <__wrap___aeabi_i2d+0x28>)
1000371a:	681b      	ldr	r3, [r3, #0]
1000371c:	4798      	blx	r3
1000371e:	bc0c      	pop	{r2, r3}
10003720:	1c44      	adds	r4, r0, #1
10003722:	40a2      	lsls	r2, r4
10003724:	0510      	lsls	r0, r2, #20
10003726:	0b12      	lsrs	r2, r2, #12
10003728:	4903      	ldr	r1, [pc, #12]	; (10003738 <__wrap___aeabi_i2d+0x2c>)
1000372a:	1b09      	subs	r1, r1, r4
1000372c:	0509      	lsls	r1, r1, #20
1000372e:	4319      	orrs	r1, r3
10003730:	4311      	orrs	r1, r2
10003732:	bd10      	pop	{r4, pc}
10003734:	20001be4 	.word	0x20001be4
10003738:	0000041f 	.word	0x0000041f

1000373c <__wrap___aeabi_d2iz>:
1000373c:	b510      	push	{r4, lr}
1000373e:	004c      	lsls	r4, r1, #1
10003740:	0d62      	lsrs	r2, r4, #21
10003742:	2380      	movs	r3, #128	; 0x80
10003744:	18d2      	adds	r2, r2, r3
10003746:	00db      	lsls	r3, r3, #3
10003748:	1ad2      	subs	r2, r2, r3
1000374a:	055b      	lsls	r3, r3, #21
1000374c:	2a7e      	cmp	r2, #126	; 0x7e
1000374e:	dd10      	ble.n	10003772 <__wrap___aeabi_d2iz+0x36>
10003750:	3a9e      	subs	r2, #158	; 0x9e
10003752:	da13      	bge.n	1000377c <__wrap___aeabi_d2iz+0x40>
10003754:	17cc      	asrs	r4, r1, #31
10003756:	0309      	lsls	r1, r1, #12
10003758:	0849      	lsrs	r1, r1, #1
1000375a:	4319      	orrs	r1, r3
1000375c:	4252      	negs	r2, r2
1000375e:	40d1      	lsrs	r1, r2
10003760:	0064      	lsls	r4, r4, #1
10003762:	3401      	adds	r4, #1
10003764:	3215      	adds	r2, #21
10003766:	2a20      	cmp	r2, #32
10003768:	da05      	bge.n	10003776 <__wrap___aeabi_d2iz+0x3a>
1000376a:	40d0      	lsrs	r0, r2
1000376c:	4308      	orrs	r0, r1
1000376e:	4360      	muls	r0, r4
10003770:	bd10      	pop	{r4, pc}
10003772:	2000      	movs	r0, #0
10003774:	bd10      	pop	{r4, pc}
10003776:	4608      	mov	r0, r1
10003778:	4360      	muls	r0, r4
1000377a:	bd10      	pop	{r4, pc}
1000377c:	0fc8      	lsrs	r0, r1, #31
1000377e:	18c0      	adds	r0, r0, r3
10003780:	3801      	subs	r0, #1
10003782:	bd10      	pop	{r4, pc}

10003784 <__wrap___aeabi_d2uiz>:
10003784:	b418      	push	{r3, r4}
10003786:	4b04      	ldr	r3, [pc, #16]	; (10003798 <__wrap___aeabi_d2uiz+0x14>)
10003788:	6a5b      	ldr	r3, [r3, #36]	; 0x24
1000378a:	46fc      	mov	ip, pc
1000378c:	9301      	str	r3, [sp, #4]
1000378e:	bd08      	pop	{r3, pc}
10003790:	3d79df24 	.word	0x3d79df24
10003794:	00001000 	.word	0x00001000
10003798:	200019e4 	.word	0x200019e4

1000379c <__aeabi_double_init>:
1000379c:	b570      	push	{r4, r5, r6, lr}
1000379e:	2313      	movs	r3, #19
100037a0:	781c      	ldrb	r4, [r3, #0]
100037a2:	2c01      	cmp	r4, #1
100037a4:	d007      	beq.n	100037b6 <__aeabi_double_init+0x1a>
100037a6:	2c01      	cmp	r4, #1
100037a8:	dc0e      	bgt.n	100037c8 <__aeabi_double_init+0x2c>
100037aa:	2c02      	cmp	r4, #2
100037ac:	dc02      	bgt.n	100037b4 <__aeabi_double_init+0x18>
100037ae:	4a1c      	ldr	r2, [pc, #112]	; (10003820 <__aeabi_double_init+0x84>)
100037b0:	4b1c      	ldr	r3, [pc, #112]	; (10003824 <__aeabi_double_init+0x88>)
100037b2:	649a      	str	r2, [r3, #72]	; 0x48
100037b4:	bd70      	pop	{r4, r5, r6, pc}
100037b6:	2300      	movs	r3, #0
100037b8:	2b1f      	cmp	r3, #31
100037ba:	d8f4      	bhi.n	100037a6 <__aeabi_double_init+0xa>
100037bc:	0099      	lsls	r1, r3, #2
100037be:	4818      	ldr	r0, [pc, #96]	; (10003820 <__aeabi_double_init+0x84>)
100037c0:	4a18      	ldr	r2, [pc, #96]	; (10003824 <__aeabi_double_init+0x88>)
100037c2:	5088      	str	r0, [r1, r2]
100037c4:	3301      	adds	r3, #1
100037c6:	e7f7      	b.n	100037b8 <__aeabi_double_init+0x1c>
100037c8:	4817      	ldr	r0, [pc, #92]	; (10003828 <__aeabi_double_init+0x8c>)
100037ca:	f7ff fc7f 	bl	100030cc <rom_data_lookup>
100037ce:	0005      	movs	r5, r0
100037d0:	4816      	ldr	r0, [pc, #88]	; (1000382c <__aeabi_double_init+0x90>)
100037d2:	f7ff fc7b 	bl	100030cc <rom_data_lookup>
100037d6:	3802      	subs	r0, #2
100037d8:	7803      	ldrb	r3, [r0, #0]
100037da:	009b      	lsls	r3, r3, #2
100037dc:	2b7f      	cmp	r3, #127	; 0x7f
100037de:	dd19      	ble.n	10003814 <__aeabi_double_init+0x78>
100037e0:	2280      	movs	r2, #128	; 0x80
100037e2:	0029      	movs	r1, r5
100037e4:	480f      	ldr	r0, [pc, #60]	; (10003824 <__aeabi_double_init+0x88>)
100037e6:	f000 fbeb 	bl	10003fc0 <__wrap___aeabi_memcpy>
100037ea:	2c02      	cmp	r4, #2
100037ec:	d1dd      	bne.n	100037aa <__aeabi_double_init+0xe>
100037ee:	4b10      	ldr	r3, [pc, #64]	; (10003830 <__aeabi_double_init+0x94>)
100037f0:	881a      	ldrh	r2, [r3, #0]
100037f2:	23b5      	movs	r3, #181	; 0xb5
100037f4:	021b      	lsls	r3, r3, #8
100037f6:	429a      	cmp	r2, r3
100037f8:	d109      	bne.n	1000380e <__aeabi_double_init+0x72>
100037fa:	4b0e      	ldr	r3, [pc, #56]	; (10003834 <__aeabi_double_init+0x98>)
100037fc:	881a      	ldrh	r2, [r3, #0]
100037fe:	4b0e      	ldr	r3, [pc, #56]	; (10003838 <__aeabi_double_init+0x9c>)
10003800:	429a      	cmp	r2, r3
10003802:	d104      	bne.n	1000380e <__aeabi_double_init+0x72>
10003804:	4b0d      	ldr	r3, [pc, #52]	; (1000383c <__aeabi_double_init+0xa0>)
10003806:	881a      	ldrh	r2, [r3, #0]
10003808:	4b0d      	ldr	r3, [pc, #52]	; (10003840 <__aeabi_double_init+0xa4>)
1000380a:	429a      	cmp	r2, r3
1000380c:	d0cd      	beq.n	100037aa <__aeabi_double_init+0xe>
1000380e:	2000      	movs	r0, #0
10003810:	f7fd fff0 	bl	100017f4 <panic>
10003814:	4b0b      	ldr	r3, [pc, #44]	; (10003844 <__aeabi_double_init+0xa8>)
10003816:	4a0c      	ldr	r2, [pc, #48]	; (10003848 <__aeabi_double_init+0xac>)
10003818:	2130      	movs	r1, #48	; 0x30
1000381a:	480c      	ldr	r0, [pc, #48]	; (1000384c <__aeabi_double_init+0xb0>)
1000381c:	f7fd ffcc 	bl	100017b8 <__assert_func>
10003820:	10003851 	.word	0x10003851
10003824:	200019e4 	.word	0x200019e4
10003828:	00004453 	.word	0x00004453
1000382c:	00004653 	.word	0x00004653
10003830:	00003854 	.word	0x00003854
10003834:	000038d8 	.word	0x000038d8
10003838:	00004649 	.word	0x00004649
1000383c:	0000389c 	.word	0x0000389c
10003840:	00004659 	.word	0x00004659
10003844:	10008118 	.word	0x10008118
10003848:	100081b8 	.word	0x100081b8
1000384c:	10008178 	.word	0x10008178

10003850 <double_table_shim_on_use_helper>:
10003850:	b507      	push	{r0, r1, r2, lr}
10003852:	4660      	mov	r0, ip
10003854:	2800      	cmp	r0, #0
10003856:	d100      	bne.n	1000385a <double_table_shim_on_use_helper+0xa>
10003858:	be00      	bkpt	0x0000
1000385a:	8801      	ldrh	r1, [r0, #0]
1000385c:	0a0a      	lsrs	r2, r1, #8
1000385e:	3002      	adds	r0, #2
10003860:	2adf      	cmp	r2, #223	; 0xdf
10003862:	d1fa      	bne.n	1000385a <double_table_shim_on_use_helper+0xa>
10003864:	b2c9      	uxtb	r1, r1
10003866:	0882      	lsrs	r2, r0, #2
10003868:	d304      	bcc.n	10003874 <double_table_shim_on_use_helper+0x24>
1000386a:	8802      	ldrh	r2, [r0, #0]
1000386c:	8840      	ldrh	r0, [r0, #2]
1000386e:	0400      	lsls	r0, r0, #16
10003870:	4310      	orrs	r0, r2
10003872:	e000      	b.n	10003876 <double_table_shim_on_use_helper+0x26>
10003874:	6800      	ldr	r0, [r0, #0]
10003876:	4a02      	ldr	r2, [pc, #8]	; (10003880 <double_table_shim_on_use_helper+0x30>)
10003878:	5050      	str	r0, [r2, r1]
1000387a:	9003      	str	r0, [sp, #12]
1000387c:	bd07      	pop	{r0, r1, r2, pc}
1000387e:	0000      	.short	0x0000
10003880:	200019e4 	.word	0x200019e4

10003884 <drsub_shim>:
10003884:	b40f      	push	{r0, r1, r2, r3}
10003886:	bc03      	pop	{r0, r1}
10003888:	bc0c      	pop	{r2, r3}

1000388a <dsub_shim>:
1000388a:	b5f0      	push	{r4, r5, r6, r7, lr}
1000388c:	2401      	movs	r4, #1
1000388e:	07e4      	lsls	r4, r4, #31
10003890:	4063      	eors	r3, r4
10003892:	e000      	b.n	10003896 <da_entry>

10003894 <dadd_shim>:
10003894:	b5f0      	push	{r4, r5, r6, r7, lr}

10003896 <da_entry>:
10003896:	0d0c      	lsrs	r4, r1, #20
10003898:	0fcf      	lsrs	r7, r1, #31
1000389a:	1e66      	subs	r6, r4, #1
1000389c:	0536      	lsls	r6, r6, #20
1000389e:	1b89      	subs	r1, r1, r6
100038a0:	0564      	lsls	r4, r4, #21
100038a2:	d303      	bcc.n	100038ac <l7_1>
100038a4:	43c9      	mvns	r1, r1
100038a6:	4240      	negs	r0, r0
100038a8:	d300      	bcc.n	100038ac <l7_1>
100038aa:	3101      	adds	r1, #1

100038ac <l7_1>:
100038ac:	0d64      	lsrs	r4, r4, #21
100038ae:	d003      	beq.n	100038b8 <l7_2>
100038b0:	1c66      	adds	r6, r4, #1
100038b2:	0af6      	lsrs	r6, r6, #11
100038b4:	d007      	beq.n	100038c6 <l7_3>
100038b6:	1be4      	subs	r4, r4, r7

100038b8 <l7_2>:
100038b8:	2000      	movs	r0, #0
100038ba:	007f      	lsls	r7, r7, #1
100038bc:	1c79      	adds	r1, r7, #1
100038be:	0789      	lsls	r1, r1, #30
100038c0:	1289      	asrs	r1, r1, #10
100038c2:	3c80      	subs	r4, #128	; 0x80
100038c4:	0324      	lsls	r4, r4, #12

100038c6 <l7_3>:
100038c6:	0d1d      	lsrs	r5, r3, #20
100038c8:	0fdf      	lsrs	r7, r3, #31
100038ca:	1e6e      	subs	r6, r5, #1
100038cc:	0536      	lsls	r6, r6, #20
100038ce:	1b9b      	subs	r3, r3, r6
100038d0:	056d      	lsls	r5, r5, #21
100038d2:	d303      	bcc.n	100038dc <l8_1>
100038d4:	43db      	mvns	r3, r3
100038d6:	4252      	negs	r2, r2
100038d8:	d300      	bcc.n	100038dc <l8_1>
100038da:	3301      	adds	r3, #1

100038dc <l8_1>:
100038dc:	0d6d      	lsrs	r5, r5, #21
100038de:	d003      	beq.n	100038e8 <l8_2>
100038e0:	1c6e      	adds	r6, r5, #1
100038e2:	0af6      	lsrs	r6, r6, #11
100038e4:	d007      	beq.n	100038f6 <l8_3>
100038e6:	1bed      	subs	r5, r5, r7

100038e8 <l8_2>:
100038e8:	2200      	movs	r2, #0
100038ea:	007f      	lsls	r7, r7, #1
100038ec:	1c7b      	adds	r3, r7, #1
100038ee:	079b      	lsls	r3, r3, #30
100038f0:	129b      	asrs	r3, r3, #10
100038f2:	3d80      	subs	r5, #128	; 0x80
100038f4:	032d      	lsls	r5, r5, #12

100038f6 <l8_3>:
100038f6:	1b2f      	subs	r7, r5, r4
100038f8:	1b66      	subs	r6, r4, r5
100038fa:	d458      	bmi.n	100039ae <da_ygtx>
100038fc:	46a4      	mov	ip, r4
100038fe:	2e20      	cmp	r6, #32
10003900:	da46      	bge.n	10003990 <da_xrgty>
10003902:	3720      	adds	r7, #32
10003904:	0014      	movs	r4, r2
10003906:	40bc      	lsls	r4, r7

10003908 <da_xgty0>:
10003908:	001d      	movs	r5, r3
1000390a:	40bd      	lsls	r5, r7
1000390c:	40f2      	lsrs	r2, r6
1000390e:	4133      	asrs	r3, r6
10003910:	432a      	orrs	r2, r5

10003912 <da_add>:
10003912:	1880      	adds	r0, r0, r2
10003914:	4159      	adcs	r1, r3

10003916 <da_pack>:
10003916:	0fcb      	lsrs	r3, r1, #31
10003918:	d005      	beq.n	10003926 <da_pack+0x10>
1000391a:	43c9      	mvns	r1, r1
1000391c:	43c0      	mvns	r0, r0
1000391e:	2200      	movs	r2, #0
10003920:	4264      	negs	r4, r4
10003922:	4150      	adcs	r0, r2
10003924:	4151      	adcs	r1, r2
10003926:	4662      	mov	r2, ip
10003928:	0d4d      	lsrs	r5, r1, #21
1000392a:	d128      	bne.n	1000397e <da_0>
1000392c:	0d0d      	lsrs	r5, r1, #20
1000392e:	d107      	bne.n	10003940 <da_1>
10003930:	2800      	cmp	r0, #0
10003932:	d01f      	beq.n	10003974 <da_5>

10003934 <da_2>:
10003934:	1924      	adds	r4, r4, r4
10003936:	4140      	adcs	r0, r0
10003938:	4149      	adcs	r1, r1
1000393a:	3a01      	subs	r2, #1
1000393c:	0d0d      	lsrs	r5, r1, #20
1000393e:	d0f9      	beq.n	10003934 <da_2>

10003940 <da_1>:
10003940:	0064      	lsls	r4, r4, #1
10003942:	d306      	bcc.n	10003952 <da_3>

10003944 <da_4>:
10003944:	3001      	adds	r0, #1
10003946:	d300      	bcc.n	1000394a <da_4+0x6>
10003948:	3101      	adds	r1, #1
1000394a:	2c00      	cmp	r4, #0
1000394c:	d101      	bne.n	10003952 <da_3>
1000394e:	0840      	lsrs	r0, r0, #1
10003950:	0040      	lsls	r0, r0, #1

10003952 <da_3>:
10003952:	3a01      	subs	r2, #1
10003954:	d40b      	bmi.n	1000396e <da_6>
10003956:	1c94      	adds	r4, r2, #2
10003958:	0ae4      	lsrs	r4, r4, #11
1000395a:	d104      	bne.n	10003966 <da_7>
1000395c:	0512      	lsls	r2, r2, #20
1000395e:	4411      	add	r1, r2
10003960:	07db      	lsls	r3, r3, #31
10003962:	4419      	add	r1, r3
10003964:	bdf0      	pop	{r4, r5, r6, r7, pc}

10003966 <da_7>:
10003966:	07d9      	lsls	r1, r3, #31
10003968:	4b20      	ldr	r3, [pc, #128]	; (100039ec <da_xmgty+0x4>)
1000396a:	4319      	orrs	r1, r3
1000396c:	e000      	b.n	10003970 <da_6+0x2>

1000396e <da_6>:
1000396e:	07d9      	lsls	r1, r3, #31
10003970:	2000      	movs	r0, #0
10003972:	bdf0      	pop	{r4, r5, r6, r7, pc}

10003974 <da_5>:
10003974:	2900      	cmp	r1, #0
10003976:	d1dd      	bne.n	10003934 <da_2>
10003978:	2c00      	cmp	r4, #0
1000397a:	d1db      	bne.n	10003934 <da_2>
1000397c:	bdf0      	pop	{r4, r5, r6, r7, pc}

1000397e <da_0>:
1000397e:	3201      	adds	r2, #1
10003980:	07c6      	lsls	r6, r0, #31
10003982:	0840      	lsrs	r0, r0, #1
10003984:	07cd      	lsls	r5, r1, #31
10003986:	4328      	orrs	r0, r5
10003988:	0849      	lsrs	r1, r1, #1
1000398a:	2e00      	cmp	r6, #0
1000398c:	d0e1      	beq.n	10003952 <da_3>
1000398e:	e7d9      	b.n	10003944 <da_4>

10003990 <da_xrgty>:
10003990:	2e3c      	cmp	r6, #60	; 0x3c
10003992:	da29      	bge.n	100039e8 <da_xmgty>
10003994:	3e20      	subs	r6, #32
10003996:	3740      	adds	r7, #64	; 0x40
10003998:	0014      	movs	r4, r2
1000399a:	40bc      	lsls	r4, r7
1000399c:	d000      	beq.n	100039a0 <da_xrgty+0x10>
1000399e:	2401      	movs	r4, #1
100039a0:	40f2      	lsrs	r2, r6
100039a2:	4314      	orrs	r4, r2
100039a4:	001a      	movs	r2, r3
100039a6:	40bb      	lsls	r3, r7
100039a8:	431c      	orrs	r4, r3
100039aa:	17d3      	asrs	r3, r2, #31
100039ac:	e7ac      	b.n	10003908 <da_xgty0>

100039ae <da_ygtx>:
100039ae:	46ac      	mov	ip, r5
100039b0:	2f20      	cmp	r7, #32
100039b2:	da08      	bge.n	100039c6 <da_yrgtx>
100039b4:	3620      	adds	r6, #32
100039b6:	0004      	movs	r4, r0
100039b8:	40b4      	lsls	r4, r6

100039ba <da_ygtx0>:
100039ba:	000d      	movs	r5, r1
100039bc:	40b5      	lsls	r5, r6
100039be:	40f8      	lsrs	r0, r7
100039c0:	4139      	asrs	r1, r7
100039c2:	4328      	orrs	r0, r5
100039c4:	e7a5      	b.n	10003912 <da_add>

100039c6 <da_yrgtx>:
100039c6:	2f3c      	cmp	r7, #60	; 0x3c
100039c8:	da0c      	bge.n	100039e4 <da_ymgtx>
100039ca:	3f20      	subs	r7, #32
100039cc:	3640      	adds	r6, #64	; 0x40
100039ce:	0004      	movs	r4, r0
100039d0:	40b4      	lsls	r4, r6
100039d2:	d000      	beq.n	100039d6 <da_yrgtx+0x10>
100039d4:	2401      	movs	r4, #1
100039d6:	40f8      	lsrs	r0, r7
100039d8:	4304      	orrs	r4, r0
100039da:	0008      	movs	r0, r1
100039dc:	40b1      	lsls	r1, r6
100039de:	430c      	orrs	r4, r1
100039e0:	17c1      	asrs	r1, r0, #31
100039e2:	e7ea      	b.n	100039ba <da_ygtx0>

100039e4 <da_ymgtx>:
100039e4:	0010      	movs	r0, r2
100039e6:	0019      	movs	r1, r3

100039e8 <da_xmgty>:
100039e8:	2400      	movs	r4, #0
100039ea:	e794      	b.n	10003916 <da_pack>
100039ec:	7ff00000 	.word	0x7ff00000

100039f0 <dmul_shim>:
100039f0:	b5f0      	push	{r4, r5, r6, r7, lr}
100039f2:	0d0c      	lsrs	r4, r1, #20
100039f4:	1e66      	subs	r6, r4, #1
100039f6:	0536      	lsls	r6, r6, #20
100039f8:	1b89      	subs	r1, r1, r6
100039fa:	0ae6      	lsrs	r6, r4, #11
100039fc:	0564      	lsls	r4, r4, #21
100039fe:	0d64      	lsrs	r4, r4, #21
10003a00:	d002      	beq.n	10003a08 <l11_1>
10003a02:	1c65      	adds	r5, r4, #1
10003a04:	0aed      	lsrs	r5, r5, #11
10003a06:	d004      	beq.n	10003a12 <l11_2>

10003a08 <l11_1>:
10003a08:	2000      	movs	r0, #0
10003a0a:	2101      	movs	r1, #1
10003a0c:	0509      	lsls	r1, r1, #20
10003a0e:	3c80      	subs	r4, #128	; 0x80
10003a10:	0324      	lsls	r4, r4, #12

10003a12 <l11_2>:
10003a12:	46a4      	mov	ip, r4
10003a14:	0d1c      	lsrs	r4, r3, #20
10003a16:	1e67      	subs	r7, r4, #1
10003a18:	053f      	lsls	r7, r7, #20
10003a1a:	1bdb      	subs	r3, r3, r7
10003a1c:	0ae7      	lsrs	r7, r4, #11
10003a1e:	0564      	lsls	r4, r4, #21
10003a20:	0d64      	lsrs	r4, r4, #21
10003a22:	d002      	beq.n	10003a2a <l12_1>
10003a24:	1c65      	adds	r5, r4, #1
10003a26:	0aed      	lsrs	r5, r5, #11
10003a28:	d004      	beq.n	10003a34 <l12_2>

10003a2a <l12_1>:
10003a2a:	2200      	movs	r2, #0
10003a2c:	2301      	movs	r3, #1
10003a2e:	051b      	lsls	r3, r3, #20
10003a30:	3c80      	subs	r4, #128	; 0x80
10003a32:	0324      	lsls	r4, r4, #12

10003a34 <l12_2>:
10003a34:	4077      	eors	r7, r6
10003a36:	4464      	add	r4, ip
10003a38:	b497      	push	{r0, r1, r2, r4, r7}
10003a3a:	b284      	uxth	r4, r0
10003a3c:	b296      	uxth	r6, r2
10003a3e:	4374      	muls	r4, r6
10003a40:	0c07      	lsrs	r7, r0, #16
10003a42:	437e      	muls	r6, r7
10003a44:	0c15      	lsrs	r5, r2, #16
10003a46:	436f      	muls	r7, r5
10003a48:	b280      	uxth	r0, r0
10003a4a:	4368      	muls	r0, r5
10003a4c:	1836      	adds	r6, r6, r0
10003a4e:	d302      	bcc.n	10003a56 <l13_1>
10003a50:	2001      	movs	r0, #1
10003a52:	0400      	lsls	r0, r0, #16
10003a54:	183f      	adds	r7, r7, r0

10003a56 <l13_1>:
10003a56:	0430      	lsls	r0, r6, #16
10003a58:	0c35      	lsrs	r5, r6, #16
10003a5a:	1900      	adds	r0, r0, r4
10003a5c:	417d      	adcs	r5, r7
10003a5e:	4684      	mov	ip, r0
10003a60:	b288      	uxth	r0, r1
10003a62:	b29a      	uxth	r2, r3
10003a64:	4350      	muls	r0, r2
10003a66:	0c0c      	lsrs	r4, r1, #16
10003a68:	4362      	muls	r2, r4
10003a6a:	0c1f      	lsrs	r7, r3, #16
10003a6c:	437c      	muls	r4, r7
10003a6e:	b28e      	uxth	r6, r1
10003a70:	437e      	muls	r6, r7
10003a72:	1992      	adds	r2, r2, r6
10003a74:	d302      	bcc.n	10003a7c <l14_1>
10003a76:	2601      	movs	r6, #1
10003a78:	0436      	lsls	r6, r6, #16
10003a7a:	19a4      	adds	r4, r4, r6

10003a7c <l14_1>:
10003a7c:	0416      	lsls	r6, r2, #16
10003a7e:	0c17      	lsrs	r7, r2, #16
10003a80:	1836      	adds	r6, r6, r0
10003a82:	4167      	adcs	r7, r4
10003a84:	bc01      	pop	{r0}
10003a86:	b281      	uxth	r1, r0
10003a88:	b29a      	uxth	r2, r3
10003a8a:	4351      	muls	r1, r2
10003a8c:	0c04      	lsrs	r4, r0, #16
10003a8e:	4362      	muls	r2, r4
10003a90:	0c1b      	lsrs	r3, r3, #16
10003a92:	435c      	muls	r4, r3
10003a94:	b280      	uxth	r0, r0
10003a96:	4358      	muls	r0, r3
10003a98:	1812      	adds	r2, r2, r0
10003a9a:	d302      	bcc.n	10003aa2 <l15_1>
10003a9c:	2001      	movs	r0, #1
10003a9e:	0400      	lsls	r0, r0, #16
10003aa0:	1824      	adds	r4, r4, r0

10003aa2 <l15_1>:
10003aa2:	0410      	lsls	r0, r2, #16
10003aa4:	0c13      	lsrs	r3, r2, #16
10003aa6:	1840      	adds	r0, r0, r1
10003aa8:	4163      	adcs	r3, r4
10003aaa:	182d      	adds	r5, r5, r0
10003aac:	415e      	adcs	r6, r3
10003aae:	2000      	movs	r0, #0
10003ab0:	4147      	adcs	r7, r0
10003ab2:	bc06      	pop	{r1, r2}
10003ab4:	b288      	uxth	r0, r1
10003ab6:	b293      	uxth	r3, r2
10003ab8:	4358      	muls	r0, r3
10003aba:	0c0c      	lsrs	r4, r1, #16
10003abc:	4363      	muls	r3, r4
10003abe:	0c12      	lsrs	r2, r2, #16
10003ac0:	4354      	muls	r4, r2
10003ac2:	b289      	uxth	r1, r1
10003ac4:	4351      	muls	r1, r2
10003ac6:	185b      	adds	r3, r3, r1
10003ac8:	d302      	bcc.n	10003ad0 <l16_1>
10003aca:	2101      	movs	r1, #1
10003acc:	0409      	lsls	r1, r1, #16
10003ace:	1864      	adds	r4, r4, r1

10003ad0 <l16_1>:
10003ad0:	0419      	lsls	r1, r3, #16
10003ad2:	0c1a      	lsrs	r2, r3, #16
10003ad4:	1809      	adds	r1, r1, r0
10003ad6:	4162      	adcs	r2, r4
10003ad8:	186d      	adds	r5, r5, r1
10003ada:	4156      	adcs	r6, r2
10003adc:	2000      	movs	r0, #0
10003ade:	4147      	adcs	r7, r0
10003ae0:	bc18      	pop	{r3, r4}
10003ae2:	02f9      	lsls	r1, r7, #11
10003ae4:	0d72      	lsrs	r2, r6, #21
10003ae6:	4311      	orrs	r1, r2
10003ae8:	02f0      	lsls	r0, r6, #11
10003aea:	0d6a      	lsrs	r2, r5, #21
10003aec:	4310      	orrs	r0, r2
10003aee:	02ed      	lsls	r5, r5, #11
10003af0:	0d0a      	lsrs	r2, r1, #20
10003af2:	d103      	bne.n	10003afc <l16_1+0x2c>
10003af4:	196d      	adds	r5, r5, r5
10003af6:	4140      	adcs	r0, r0
10003af8:	4149      	adcs	r1, r1
10003afa:	3b01      	subs	r3, #1
10003afc:	4e12      	ldr	r6, [pc, #72]	; (10003b48 <dm_1+0xa>)
10003afe:	1b9b      	subs	r3, r3, r6
10003b00:	0076      	lsls	r6, r6, #1
10003b02:	42b3      	cmp	r3, r6
10003b04:	d20e      	bcs.n	10003b24 <dm_0>
10003b06:	006d      	lsls	r5, r5, #1
10003b08:	d307      	bcc.n	10003b1a <l16_1+0x4a>
10003b0a:	3001      	adds	r0, #1
10003b0c:	2600      	movs	r6, #0
10003b0e:	4171      	adcs	r1, r6
10003b10:	4666      	mov	r6, ip
10003b12:	4335      	orrs	r5, r6
10003b14:	d101      	bne.n	10003b1a <l16_1+0x4a>
10003b16:	0840      	lsrs	r0, r0, #1
10003b18:	0040      	lsls	r0, r0, #1
10003b1a:	051b      	lsls	r3, r3, #20
10003b1c:	18c9      	adds	r1, r1, r3

10003b1e <dm_2>:
10003b1e:	07e4      	lsls	r4, r4, #31
10003b20:	4421      	add	r1, r4
10003b22:	bdf0      	pop	{r4, r5, r6, r7, pc}

10003b24 <dm_0>:
10003b24:	da0b      	bge.n	10003b3e <dm_1>
10003b26:	3301      	adds	r3, #1
10003b28:	d106      	bne.n	10003b38 <dm_0+0x14>
10003b2a:	3001      	adds	r0, #1
10003b2c:	d104      	bne.n	10003b38 <dm_0+0x14>
10003b2e:	3101      	adds	r1, #1
10003b30:	0d4f      	lsrs	r7, r1, #21
10003b32:	d001      	beq.n	10003b38 <dm_0+0x14>
10003b34:	0849      	lsrs	r1, r1, #1
10003b36:	e7f2      	b.n	10003b1e <dm_2>
10003b38:	07e1      	lsls	r1, r4, #31
10003b3a:	2000      	movs	r0, #0
10003b3c:	bdf0      	pop	{r4, r5, r6, r7, pc}

10003b3e <dm_1>:
10003b3e:	3601      	adds	r6, #1
10003b40:	0531      	lsls	r1, r6, #20
10003b42:	2000      	movs	r0, #0
10003b44:	e7eb      	b.n	10003b1e <dm_2>
10003b46:	0000      	.short	0x0000
10003b48:	000003ff 	.word	0x000003ff

10003b4c <ddiv_shim>:
10003b4c:	b5f0      	push	{r4, r5, r6, r7, lr}

10003b4e <ddiv0>:
10003b4e:	0d1c      	lsrs	r4, r3, #20
10003b50:	1e67      	subs	r7, r4, #1
10003b52:	053f      	lsls	r7, r7, #20
10003b54:	1bdb      	subs	r3, r3, r7
10003b56:	0ae7      	lsrs	r7, r4, #11
10003b58:	0564      	lsls	r4, r4, #21
10003b5a:	0d64      	lsrs	r4, r4, #21
10003b5c:	d002      	beq.n	10003b64 <l19_1>
10003b5e:	1c66      	adds	r6, r4, #1
10003b60:	0af6      	lsrs	r6, r6, #11
10003b62:	d004      	beq.n	10003b6e <l19_2>

10003b64 <l19_1>:
10003b64:	2200      	movs	r2, #0
10003b66:	2301      	movs	r3, #1
10003b68:	051b      	lsls	r3, r3, #20
10003b6a:	3c80      	subs	r4, #128	; 0x80
10003b6c:	0324      	lsls	r4, r4, #12

10003b6e <l19_2>:
10003b6e:	25d0      	movs	r5, #208	; 0xd0
10003b70:	062d      	lsls	r5, r5, #24
10003b72:	2600      	movs	r6, #0
10003b74:	43f6      	mvns	r6, r6
10003b76:	662e      	str	r6, [r5, #96]	; 0x60
10003b78:	091e      	lsrs	r6, r3, #4
10003b7a:	666e      	str	r6, [r5, #100]	; 0x64
10003b7c:	0fce      	lsrs	r6, r1, #31
10003b7e:	19f6      	adds	r6, r6, r7
10003b80:	46b4      	mov	ip, r6
10003b82:	0049      	lsls	r1, r1, #1
10003b84:	0d4f      	lsrs	r7, r1, #21
10003b86:	d002      	beq.n	10003b8e <l19_2+0x20>
10003b88:	1c7e      	adds	r6, r7, #1
10003b8a:	0af6      	lsrs	r6, r6, #11
10003b8c:	d003      	beq.n	10003b96 <l19_2+0x28>
10003b8e:	2000      	movs	r0, #0
10003b90:	2100      	movs	r1, #0
10003b92:	3f40      	subs	r7, #64	; 0x40
10003b94:	033f      	lsls	r7, r7, #12
10003b96:	1b3e      	subs	r6, r7, r4
10003b98:	00b6      	lsls	r6, r6, #2
10003b9a:	44b4      	add	ip, r6
10003b9c:	3f01      	subs	r7, #1
10003b9e:	057f      	lsls	r7, r7, #21
10003ba0:	1bc9      	subs	r1, r1, r7
10003ba2:	0849      	lsrs	r1, r1, #1
10003ba4:	6f2e      	ldr	r6, [r5, #112]	; 0x70
10003ba6:	3601      	adds	r6, #1
10003ba8:	0876      	lsrs	r6, r6, #1
10003baa:	029c      	lsls	r4, r3, #10
10003bac:	0d95      	lsrs	r5, r2, #22
10003bae:	4325      	orrs	r5, r4
10003bb0:	4375      	muls	r5, r6
10003bb2:	13ed      	asrs	r5, r5, #15
10003bb4:	4375      	muls	r5, r6
10003bb6:	13ad      	asrs	r5, r5, #14
10003bb8:	3501      	adds	r5, #1
10003bba:	106d      	asrs	r5, r5, #1
10003bbc:	03f6      	lsls	r6, r6, #15
10003bbe:	1b76      	subs	r6, r6, r5
10003bc0:	b40c      	push	{r2, r3}
10003bc2:	02cc      	lsls	r4, r1, #11
10003bc4:	0d45      	lsrs	r5, r0, #21
10003bc6:	432c      	orrs	r4, r5
10003bc8:	b2a2      	uxth	r2, r4
10003bca:	b2b3      	uxth	r3, r6
10003bcc:	435a      	muls	r2, r3
10003bce:	0c27      	lsrs	r7, r4, #16
10003bd0:	437b      	muls	r3, r7
10003bd2:	0c35      	lsrs	r5, r6, #16
10003bd4:	436f      	muls	r7, r5
10003bd6:	b2a4      	uxth	r4, r4
10003bd8:	436c      	muls	r4, r5
10003bda:	191b      	adds	r3, r3, r4
10003bdc:	d302      	bcc.n	10003be4 <l20_1>
10003bde:	2401      	movs	r4, #1
10003be0:	0424      	lsls	r4, r4, #16
10003be2:	193f      	adds	r7, r7, r4

10003be4 <l20_1>:
10003be4:	041c      	lsls	r4, r3, #16
10003be6:	0c1d      	lsrs	r5, r3, #16
10003be8:	18a4      	adds	r4, r4, r2
10003bea:	417d      	adcs	r5, r7
10003bec:	1924      	adds	r4, r4, r4
10003bee:	416d      	adcs	r5, r5
10003bf0:	9a00      	ldr	r2, [sp, #0]
10003bf2:	b291      	uxth	r1, r2
10003bf4:	b2ac      	uxth	r4, r5
10003bf6:	4361      	muls	r1, r4
10003bf8:	0c17      	lsrs	r7, r2, #16
10003bfa:	437c      	muls	r4, r7
10003bfc:	0c2b      	lsrs	r3, r5, #16
10003bfe:	435f      	muls	r7, r3
10003c00:	b292      	uxth	r2, r2
10003c02:	435a      	muls	r2, r3
10003c04:	18a4      	adds	r4, r4, r2
10003c06:	d302      	bcc.n	10003c0e <l21_1>
10003c08:	2201      	movs	r2, #1
10003c0a:	0412      	lsls	r2, r2, #16
10003c0c:	18bf      	adds	r7, r7, r2

10003c0e <l21_1>:
10003c0e:	0422      	lsls	r2, r4, #16
10003c10:	0c23      	lsrs	r3, r4, #16
10003c12:	1852      	adds	r2, r2, r1
10003c14:	417b      	adcs	r3, r7
10003c16:	9c01      	ldr	r4, [sp, #4]
10003c18:	436c      	muls	r4, r5
10003c1a:	191b      	adds	r3, r3, r4
10003c1c:	0e52      	lsrs	r2, r2, #25
10003c1e:	01d9      	lsls	r1, r3, #7
10003c20:	430a      	orrs	r2, r1
10003c22:	0144      	lsls	r4, r0, #5
10003c24:	1aa0      	subs	r0, r4, r2
10003c26:	b281      	uxth	r1, r0
10003c28:	b2b2      	uxth	r2, r6
10003c2a:	4351      	muls	r1, r2
10003c2c:	1403      	asrs	r3, r0, #16
10003c2e:	435a      	muls	r2, r3
10003c30:	0c36      	lsrs	r6, r6, #16
10003c32:	4373      	muls	r3, r6
10003c34:	b287      	uxth	r7, r0
10003c36:	4377      	muls	r7, r6
10003c38:	17d6      	asrs	r6, r2, #31
10003c3a:	19d2      	adds	r2, r2, r7
10003c3c:	2700      	movs	r7, #0
10003c3e:	417e      	adcs	r6, r7
10003c40:	0436      	lsls	r6, r6, #16
10003c42:	199b      	adds	r3, r3, r6
10003c44:	0417      	lsls	r7, r2, #16
10003c46:	0c16      	lsrs	r6, r2, #16
10003c48:	187f      	adds	r7, r7, r1
10003c4a:	415e      	adcs	r6, r3
10003c4c:	1673      	asrs	r3, r6, #25
10003c4e:	18ed      	adds	r5, r5, r3
10003c50:	01f3      	lsls	r3, r6, #7
10003c52:	2600      	movs	r6, #0
10003c54:	3380      	adds	r3, #128	; 0x80
10003c56:	4175      	adcs	r5, r6
10003c58:	0fa9      	lsrs	r1, r5, #30
10003c5a:	d106      	bne.n	10003c6a <dd_0>
10003c5c:	0064      	lsls	r4, r4, #1
10003c5e:	0a69      	lsrs	r1, r5, #9
10003c60:	05e8      	lsls	r0, r5, #23
10003c62:	0a5b      	lsrs	r3, r3, #9
10003c64:	4318      	orrs	r0, r3
10003c66:	d209      	bcs.n	10003c7c <dd_1>
10003c68:	e02f      	b.n	10003cca <dd_2>

10003c6a <dd_0>:
10003c6a:	2204      	movs	r2, #4
10003c6c:	4494      	add	ip, r2
10003c6e:	3380      	adds	r3, #128	; 0x80
10003c70:	4175      	adcs	r5, r6
10003c72:	0aa9      	lsrs	r1, r5, #10
10003c74:	05a8      	lsls	r0, r5, #22
10003c76:	0a9b      	lsrs	r3, r3, #10
10003c78:	4318      	orrs	r0, r3
10003c7a:	d326      	bcc.n	10003cca <dd_2>

10003c7c <dd_1>:
10003c7c:	4140      	adcs	r0, r0
10003c7e:	4149      	adcs	r1, r1
10003c80:	0424      	lsls	r4, r4, #16
10003c82:	9a00      	ldr	r2, [sp, #0]
10003c84:	9b01      	ldr	r3, [sp, #4]
10003c86:	000d      	movs	r5, r1
10003c88:	4355      	muls	r5, r2
10003c8a:	1b64      	subs	r4, r4, r5
10003c8c:	4343      	muls	r3, r0
10003c8e:	1ae4      	subs	r4, r4, r3
10003c90:	b295      	uxth	r5, r2
10003c92:	b286      	uxth	r6, r0
10003c94:	4375      	muls	r5, r6
10003c96:	0c17      	lsrs	r7, r2, #16
10003c98:	437e      	muls	r6, r7
10003c9a:	0c03      	lsrs	r3, r0, #16
10003c9c:	435f      	muls	r7, r3
10003c9e:	b292      	uxth	r2, r2
10003ca0:	435a      	muls	r2, r3
10003ca2:	18b6      	adds	r6, r6, r2
10003ca4:	d302      	bcc.n	10003cac <l23_1>
10003ca6:	2201      	movs	r2, #1
10003ca8:	0412      	lsls	r2, r2, #16
10003caa:	18bf      	adds	r7, r7, r2

10003cac <l23_1>:
10003cac:	0432      	lsls	r2, r6, #16
10003cae:	0c33      	lsrs	r3, r6, #16
10003cb0:	1952      	adds	r2, r2, r5
10003cb2:	417b      	adcs	r3, r7
10003cb4:	4252      	negs	r2, r2
10003cb6:	419c      	sbcs	r4, r3
10003cb8:	2c00      	cmp	r4, #0
10003cba:	d402      	bmi.n	10003cc2 <l23_1+0x16>
10003cbc:	2200      	movs	r2, #0
10003cbe:	3001      	adds	r0, #1
10003cc0:	4151      	adcs	r1, r2
10003cc2:	0840      	lsrs	r0, r0, #1
10003cc4:	07ca      	lsls	r2, r1, #31
10003cc6:	4310      	orrs	r0, r2
10003cc8:	0849      	lsrs	r1, r1, #1

10003cca <dd_2>:
10003cca:	b002      	add	sp, #8
10003ccc:	4662      	mov	r2, ip
10003cce:	07d7      	lsls	r7, r2, #31
10003cd0:	1092      	asrs	r2, r2, #2
10003cd2:	4b08      	ldr	r3, [pc, #32]	; (10003cf4 <dd_4+0x6>)
10003cd4:	18d2      	adds	r2, r2, r3
10003cd6:	4b08      	ldr	r3, [pc, #32]	; (10003cf8 <dd_4+0xa>)
10003cd8:	429a      	cmp	r2, r3
10003cda:	d203      	bcs.n	10003ce4 <dd_3>
10003cdc:	0512      	lsls	r2, r2, #20
10003cde:	1889      	adds	r1, r1, r2

10003ce0 <dd_5>:
10003ce0:	19c9      	adds	r1, r1, r7
10003ce2:	bdf0      	pop	{r4, r5, r6, r7, pc}

10003ce4 <dd_3>:
10003ce4:	2000      	movs	r0, #0
10003ce6:	2a00      	cmp	r2, #0
10003ce8:	dc01      	bgt.n	10003cee <dd_4>
10003cea:	0039      	movs	r1, r7
10003cec:	bdf0      	pop	{r4, r5, r6, r7, pc}

10003cee <dd_4>:
10003cee:	3301      	adds	r3, #1
10003cf0:	0519      	lsls	r1, r3, #20
10003cf2:	e7f5      	b.n	10003ce0 <dd_5>
10003cf4:	000003fd 	.word	0x000003fd
10003cf8:	000007fe 	.word	0x000007fe

10003cfc <dcordic_rot_step>:
10003cfc:	4662      	mov	r2, ip
10003cfe:	ca18      	ldmia	r2!, {r3, r4}
10003d00:	4694      	mov	ip, r2
10003d02:	2900      	cmp	r1, #0
10003d04:	da1a      	bge.n	10003d3c <dcordic_rot_step+0x40>
10003d06:	18c0      	adds	r0, r0, r3
10003d08:	4161      	adcs	r1, r4
10003d0a:	465b      	mov	r3, fp
10003d0c:	413b      	asrs	r3, r7
10003d0e:	465c      	mov	r4, fp
10003d10:	40b4      	lsls	r4, r6
10003d12:	4652      	mov	r2, sl
10003d14:	40fa      	lsrs	r2, r7
10003d16:	4322      	orrs	r2, r4
10003d18:	4644      	mov	r4, r8
10003d1a:	464d      	mov	r5, r9
10003d1c:	4162      	adcs	r2, r4
10003d1e:	416b      	adcs	r3, r5
10003d20:	4690      	mov	r8, r2
10003d22:	4699      	mov	r9, r3
10003d24:	462b      	mov	r3, r5
10003d26:	40b3      	lsls	r3, r6
10003d28:	413d      	asrs	r5, r7
10003d2a:	40fc      	lsrs	r4, r7
10003d2c:	431c      	orrs	r4, r3
10003d2e:	4652      	mov	r2, sl
10003d30:	465b      	mov	r3, fp
10003d32:	41a2      	sbcs	r2, r4
10003d34:	41ab      	sbcs	r3, r5
10003d36:	4692      	mov	sl, r2
10003d38:	469b      	mov	fp, r3
10003d3a:	4770      	bx	lr
10003d3c:	1ac0      	subs	r0, r0, r3
10003d3e:	41a1      	sbcs	r1, r4
10003d40:	464b      	mov	r3, r9
10003d42:	413b      	asrs	r3, r7
10003d44:	464c      	mov	r4, r9
10003d46:	40b4      	lsls	r4, r6
10003d48:	4642      	mov	r2, r8
10003d4a:	40fa      	lsrs	r2, r7
10003d4c:	4322      	orrs	r2, r4
10003d4e:	4654      	mov	r4, sl
10003d50:	465d      	mov	r5, fp
10003d52:	4162      	adcs	r2, r4
10003d54:	416b      	adcs	r3, r5
10003d56:	4692      	mov	sl, r2
10003d58:	469b      	mov	fp, r3
10003d5a:	462b      	mov	r3, r5
10003d5c:	40b3      	lsls	r3, r6
10003d5e:	413d      	asrs	r5, r7
10003d60:	40fc      	lsrs	r4, r7
10003d62:	431c      	orrs	r4, r3
10003d64:	4642      	mov	r2, r8
10003d66:	464b      	mov	r3, r9
10003d68:	41a2      	sbcs	r2, r4
10003d6a:	41ab      	sbcs	r3, r5
10003d6c:	4690      	mov	r8, r2
10003d6e:	4699      	mov	r9, r3
10003d70:	4770      	bx	lr

10003d72 <ret_dzero>:
10003d72:	2000      	movs	r0, #0
10003d74:	2100      	movs	r1, #0
10003d76:	4770      	bx	lr

10003d78 <double2uint_shim>:
10003d78:	2200      	movs	r2, #0

10003d7a <double2ufix_shim>:
10003d7a:	b500      	push	{lr}
10003d7c:	3220      	adds	r2, #32
10003d7e:	f000 f804 	bl	10003d8a <double2ufix64_shim>
10003d82:	0008      	movs	r0, r1
10003d84:	bd00      	pop	{pc}
	...

10003d88 <double2uint64_shim>:
10003d88:	2200      	movs	r2, #0

10003d8a <double2ufix64_shim>:
10003d8a:	150b      	asrs	r3, r1, #20
10003d8c:	d4f1      	bmi.n	10003d72 <ret_dzero>

10003d8e <d2fix>:
10003d8e:	b510      	push	{r4, lr}
10003d90:	4694      	mov	ip, r2
10003d92:	f000 f82f 	bl	10003df4 <dunpacks>
10003d96:	1414      	asrs	r4, r2, #16
10003d98:	3401      	adds	r4, #1
10003d9a:	da00      	bge.n	10003d9e <d2fix+0x10>
10003d9c:	2100      	movs	r1, #0
10003d9e:	17cb      	asrs	r3, r1, #31
10003da0:	4c13      	ldr	r4, [pc, #76]	; (10003df0 <d2fix_a+0x4c>)
10003da2:	4720      	bx	r4

10003da4 <d2fix_a>:
10003da4:	4462      	add	r2, ip
10003da6:	3a34      	subs	r2, #52	; 0x34
10003da8:	d40c      	bmi.n	10003dc4 <d2fix_a+0x20>
10003daa:	2a0c      	cmp	r2, #12
10003dac:	da07      	bge.n	10003dbe <d2fix_a+0x1a>
10003dae:	0004      	movs	r4, r0
10003db0:	4091      	lsls	r1, r2
10003db2:	4090      	lsls	r0, r2
10003db4:	4252      	negs	r2, r2
10003db6:	3220      	adds	r2, #32
10003db8:	40d4      	lsrs	r4, r2
10003dba:	4321      	orrs	r1, r4
10003dbc:	bd10      	pop	{r4, pc}
10003dbe:	43d8      	mvns	r0, r3
10003dc0:	43d9      	mvns	r1, r3
10003dc2:	bd10      	pop	{r4, pc}
10003dc4:	3220      	adds	r2, #32
10003dc6:	d407      	bmi.n	10003dd8 <d2fix_a+0x34>
10003dc8:	460c      	mov	r4, r1
10003dca:	4094      	lsls	r4, r2
10003dcc:	4252      	negs	r2, r2
10003dce:	3220      	adds	r2, #32
10003dd0:	4111      	asrs	r1, r2
10003dd2:	40d0      	lsrs	r0, r2
10003dd4:	4320      	orrs	r0, r4
10003dd6:	bd10      	pop	{r4, pc}
10003dd8:	0008      	movs	r0, r1
10003dda:	17c9      	asrs	r1, r1, #31
10003ddc:	3220      	adds	r2, #32
10003dde:	d403      	bmi.n	10003de8 <d2fix_a+0x44>
10003de0:	4252      	negs	r2, r2
10003de2:	3220      	adds	r2, #32
10003de4:	4110      	asrs	r0, r2
10003de6:	bd10      	pop	{r4, pc}
10003de8:	0018      	movs	r0, r3
10003dea:	0019      	movs	r1, r3
10003dec:	bd10      	pop	{r4, pc}
10003dee:	0000      	.short	0x0000
10003df0:	10003da5 	.word	0x10003da5

10003df4 <dunpacks>:
10003df4:	0d0a      	lsrs	r2, r1, #20
10003df6:	0fcc      	lsrs	r4, r1, #31
10003df8:	1e53      	subs	r3, r2, #1
10003dfa:	051b      	lsls	r3, r3, #20
10003dfc:	1ac9      	subs	r1, r1, r3
10003dfe:	0552      	lsls	r2, r2, #21
10003e00:	d303      	bcc.n	10003e0a <l60_1>
10003e02:	43c9      	mvns	r1, r1
10003e04:	4240      	negs	r0, r0
10003e06:	d300      	bcc.n	10003e0a <l60_1>
10003e08:	3101      	adds	r1, #1

10003e0a <l60_1>:
10003e0a:	0d52      	lsrs	r2, r2, #21
10003e0c:	d003      	beq.n	10003e16 <l60_2>
10003e0e:	1c53      	adds	r3, r2, #1
10003e10:	0adb      	lsrs	r3, r3, #11
10003e12:	d007      	beq.n	10003e24 <l60_3>
10003e14:	1b12      	subs	r2, r2, r4

10003e16 <l60_2>:
10003e16:	2000      	movs	r0, #0
10003e18:	0064      	lsls	r4, r4, #1
10003e1a:	1c61      	adds	r1, r4, #1
10003e1c:	0789      	lsls	r1, r1, #30
10003e1e:	1289      	asrs	r1, r1, #10
10003e20:	3a80      	subs	r2, #128	; 0x80
10003e22:	0312      	lsls	r2, r2, #12

10003e24 <l60_3>:
10003e24:	4b01      	ldr	r3, [pc, #4]	; (10003e2c <l60_3+0x8>)
10003e26:	1ad2      	subs	r2, r2, r3
10003e28:	4770      	bx	lr
10003e2a:	0000      	.short	0x0000
10003e2c:	000003ff 	.word	0x000003ff

10003e30 <__wrap___aeabi_lmul>:
10003e30:	4351      	muls	r1, r2
10003e32:	4343      	muls	r3, r0
10003e34:	18c9      	adds	r1, r1, r3
10003e36:	468c      	mov	ip, r1
10003e38:	0c11      	lsrs	r1, r2, #16
10003e3a:	b283      	uxth	r3, r0
10003e3c:	434b      	muls	r3, r1
10003e3e:	b410      	push	{r4}
10003e40:	0c04      	lsrs	r4, r0, #16
10003e42:	4361      	muls	r1, r4
10003e44:	b292      	uxth	r2, r2
10003e46:	b280      	uxth	r0, r0
10003e48:	4350      	muls	r0, r2
10003e4a:	4362      	muls	r2, r4
10003e4c:	041c      	lsls	r4, r3, #16
10003e4e:	0c1b      	lsrs	r3, r3, #16
10003e50:	1900      	adds	r0, r0, r4
10003e52:	bc10      	pop	{r4}
10003e54:	4159      	adcs	r1, r3
10003e56:	0413      	lsls	r3, r2, #16
10003e58:	0c12      	lsrs	r2, r2, #16
10003e5a:	18c0      	adds	r0, r0, r3
10003e5c:	4151      	adcs	r1, r2
10003e5e:	4461      	add	r1, ip
10003e60:	4770      	bx	lr
	...

10003e64 <__aeabi_float_init>:
10003e64:	b570      	push	{r4, r5, r6, lr}
10003e66:	2313      	movs	r3, #19
10003e68:	781d      	ldrb	r5, [r3, #0]
10003e6a:	482a      	ldr	r0, [pc, #168]	; (10003f14 <__aeabi_float_init+0xb0>)
10003e6c:	f7ff f92e 	bl	100030cc <rom_data_lookup>
10003e70:	0004      	movs	r4, r0
10003e72:	2d01      	cmp	r5, #1
10003e74:	d011      	beq.n	10003e9a <__aeabi_float_init+0x36>
10003e76:	2d01      	cmp	r5, #1
10003e78:	dd09      	ble.n	10003e8e <__aeabi_float_init+0x2a>
10003e7a:	1ea3      	subs	r3, r4, #2
10003e7c:	781b      	ldrb	r3, [r3, #0]
10003e7e:	009b      	lsls	r3, r3, #2
10003e80:	2b7f      	cmp	r3, #127	; 0x7f
10003e82:	dd40      	ble.n	10003f06 <__aeabi_float_init+0xa2>
10003e84:	2280      	movs	r2, #128	; 0x80
10003e86:	0021      	movs	r1, r4
10003e88:	4823      	ldr	r0, [pc, #140]	; (10003f18 <__aeabi_float_init+0xb4>)
10003e8a:	f000 f899 	bl	10003fc0 <__wrap___aeabi_memcpy>
10003e8e:	4823      	ldr	r0, [pc, #140]	; (10003f1c <__aeabi_float_init+0xb8>)
10003e90:	f7ff f914 	bl	100030bc <rom_func_lookup>
10003e94:	4b22      	ldr	r3, [pc, #136]	; (10003f20 <__aeabi_float_init+0xbc>)
10003e96:	6018      	str	r0, [r3, #0]
10003e98:	bd70      	pop	{r4, r5, r6, pc}
10003e9a:	2254      	movs	r2, #84	; 0x54
10003e9c:	0001      	movs	r1, r0
10003e9e:	481e      	ldr	r0, [pc, #120]	; (10003f18 <__aeabi_float_init+0xb4>)
10003ea0:	f000 f88e 	bl	10003fc0 <__wrap___aeabi_memcpy>
10003ea4:	4b1f      	ldr	r3, [pc, #124]	; (10003f24 <__aeabi_float_init+0xc0>)
10003ea6:	881a      	ldrh	r2, [r3, #0]
10003ea8:	4b1f      	ldr	r3, [pc, #124]	; (10003f28 <__aeabi_float_init+0xc4>)
10003eaa:	429a      	cmp	r2, r3
10003eac:	d11c      	bne.n	10003ee8 <__aeabi_float_init+0x84>
10003eae:	23a7      	movs	r3, #167	; 0xa7
10003eb0:	019b      	lsls	r3, r3, #6
10003eb2:	881a      	ldrh	r2, [r3, #0]
10003eb4:	4b1d      	ldr	r3, [pc, #116]	; (10003f2c <__aeabi_float_init+0xc8>)
10003eb6:	429a      	cmp	r2, r3
10003eb8:	d116      	bne.n	10003ee8 <__aeabi_float_init+0x84>
10003eba:	4b1d      	ldr	r3, [pc, #116]	; (10003f30 <__aeabi_float_init+0xcc>)
10003ebc:	881a      	ldrh	r2, [r3, #0]
10003ebe:	4b1d      	ldr	r3, [pc, #116]	; (10003f34 <__aeabi_float_init+0xd0>)
10003ec0:	429a      	cmp	r2, r3
10003ec2:	d111      	bne.n	10003ee8 <__aeabi_float_init+0x84>
10003ec4:	4b1c      	ldr	r3, [pc, #112]	; (10003f38 <__aeabi_float_init+0xd4>)
10003ec6:	881a      	ldrh	r2, [r3, #0]
10003ec8:	2394      	movs	r3, #148	; 0x94
10003eca:	019b      	lsls	r3, r3, #6
10003ecc:	429a      	cmp	r2, r3
10003ece:	d10b      	bne.n	10003ee8 <__aeabi_float_init+0x84>
10003ed0:	4b1a      	ldr	r3, [pc, #104]	; (10003f3c <__aeabi_float_init+0xd8>)
10003ed2:	881a      	ldrh	r2, [r3, #0]
10003ed4:	4b1a      	ldr	r3, [pc, #104]	; (10003f40 <__aeabi_float_init+0xdc>)
10003ed6:	429a      	cmp	r2, r3
10003ed8:	d106      	bne.n	10003ee8 <__aeabi_float_init+0x84>
10003eda:	4b1a      	ldr	r3, [pc, #104]	; (10003f44 <__aeabi_float_init+0xe0>)
10003edc:	681a      	ldr	r2, [r3, #0]
10003ede:	4b1a      	ldr	r3, [pc, #104]	; (10003f48 <__aeabi_float_init+0xe4>)
10003ee0:	429a      	cmp	r2, r3
10003ee2:	d101      	bne.n	10003ee8 <__aeabi_float_init+0x84>
10003ee4:	2315      	movs	r3, #21
10003ee6:	e007      	b.n	10003ef8 <__aeabi_float_init+0x94>
10003ee8:	4818      	ldr	r0, [pc, #96]	; (10003f4c <__aeabi_float_init+0xe8>)
10003eea:	f7fd fc83 	bl	100017f4 <panic>
10003eee:	0099      	lsls	r1, r3, #2
10003ef0:	4817      	ldr	r0, [pc, #92]	; (10003f50 <__aeabi_float_init+0xec>)
10003ef2:	4a09      	ldr	r2, [pc, #36]	; (10003f18 <__aeabi_float_init+0xb4>)
10003ef4:	5088      	str	r0, [r1, r2]
10003ef6:	3301      	adds	r3, #1
10003ef8:	2b1f      	cmp	r3, #31
10003efa:	d9f8      	bls.n	10003eee <__aeabi_float_init+0x8a>
10003efc:	4a14      	ldr	r2, [pc, #80]	; (10003f50 <__aeabi_float_init+0xec>)
10003efe:	4b06      	ldr	r3, [pc, #24]	; (10003f18 <__aeabi_float_init+0xb4>)
10003f00:	621a      	str	r2, [r3, #32]
10003f02:	61da      	str	r2, [r3, #28]
10003f04:	e7b7      	b.n	10003e76 <__aeabi_float_init+0x12>
10003f06:	4b13      	ldr	r3, [pc, #76]	; (10003f54 <__aeabi_float_init+0xf0>)
10003f08:	4a13      	ldr	r2, [pc, #76]	; (10003f58 <__aeabi_float_init+0xf4>)
10003f0a:	2142      	movs	r1, #66	; 0x42
10003f0c:	4813      	ldr	r0, [pc, #76]	; (10003f5c <__aeabi_float_init+0xf8>)
10003f0e:	f7fd fc53 	bl	100017b8 <__assert_func>
10003f12:	46c0      	nop			; (mov r8, r8)
10003f14:	00004653 	.word	0x00004653
10003f18:	20001ae4 	.word	0x20001ae4
10003f1c:	0000334c 	.word	0x0000334c
10003f20:	20001be4 	.word	0x20001be4
10003f24:	000029ee 	.word	0x000029ee
10003f28:	00000fc4 	.word	0x00000fc4
10003f2c:	00000dc2 	.word	0x00000dc2
10003f30:	00002b96 	.word	0x00002b96
10003f34:	0000b5c0 	.word	0x0000b5c0
10003f38:	00002b18 	.word	0x00002b18
10003f3c:	00002acc 	.word	0x00002acc
10003f40:	0000b510 	.word	0x0000b510
10003f44:	00002cfc 	.word	0x00002cfc
10003f48:	6487ed51 	.word	0x6487ed51
10003f4c:	100088e4 	.word	0x100088e4
10003f50:	10003f61 	.word	0x10003f61
10003f54:	100081cc 	.word	0x100081cc
10003f58:	1000823c 	.word	0x1000823c
10003f5c:	10008200 	.word	0x10008200

10003f60 <float_table_shim_on_use_helper>:
10003f60:	b507      	push	{r0, r1, r2, lr}
10003f62:	4660      	mov	r0, ip
10003f64:	2800      	cmp	r0, #0
10003f66:	d100      	bne.n	10003f6a <float_table_shim_on_use_helper+0xa>
10003f68:	be00      	bkpt	0x0000
10003f6a:	8801      	ldrh	r1, [r0, #0]
10003f6c:	0a0a      	lsrs	r2, r1, #8
10003f6e:	3002      	adds	r0, #2
10003f70:	2adf      	cmp	r2, #223	; 0xdf
10003f72:	d1fa      	bne.n	10003f6a <float_table_shim_on_use_helper+0xa>
10003f74:	b2c9      	uxtb	r1, r1
10003f76:	0882      	lsrs	r2, r0, #2
10003f78:	d304      	bcc.n	10003f84 <float_table_shim_on_use_helper+0x24>
10003f7a:	8802      	ldrh	r2, [r0, #0]
10003f7c:	8840      	ldrh	r0, [r0, #2]
10003f7e:	0400      	lsls	r0, r0, #16
10003f80:	4310      	orrs	r0, r2
10003f82:	e000      	b.n	10003f86 <float_table_shim_on_use_helper+0x26>
10003f84:	6800      	ldr	r0, [r0, #0]
10003f86:	4a02      	ldr	r2, [pc, #8]	; (10003f90 <float_table_shim_on_use_helper+0x30>)
10003f88:	5050      	str	r0, [r2, r1]
10003f8a:	9003      	str	r0, [sp, #12]
10003f8c:	bd07      	pop	{r0, r1, r2, pc}
10003f8e:	0000      	.short	0x0000
10003f90:	20001ae4 	.word	0x20001ae4

10003f94 <__wrap_malloc>:
10003f94:	b510      	push	{r4, lr}
10003f96:	f002 fe93 	bl	10006cc0 <malloc>
10003f9a:	bd10      	pop	{r4, pc}

10003f9c <__wrap_calloc>:
10003f9c:	b510      	push	{r4, lr}
10003f9e:	f002 fe55 	bl	10006c4c <calloc>
10003fa2:	bd10      	pop	{r4, pc}

10003fa4 <__aeabi_mem_init>:
10003fa4:	4801      	ldr	r0, [pc, #4]	; (10003fac <__aeabi_mem_init+0x8>)
10003fa6:	2104      	movs	r1, #4
10003fa8:	4b01      	ldr	r3, [pc, #4]	; (10003fb0 <__aeabi_mem_init+0xc>)
10003faa:	4718      	bx	r3
10003fac:	20000350 	.word	0x20000350
10003fb0:	100030dd 	.word	0x100030dd

10003fb4 <__wrap_memset>:
10003fb4:	4b01      	ldr	r3, [pc, #4]	; (10003fbc <__wrap_memset+0x8>)
10003fb6:	681b      	ldr	r3, [r3, #0]
10003fb8:	4718      	bx	r3
10003fba:	0000      	.short	0x0000
10003fbc:	20000350 	.word	0x20000350

10003fc0 <__wrap___aeabi_memcpy>:
10003fc0:	4b01      	ldr	r3, [pc, #4]	; (10003fc8 <__wrap___aeabi_memcpy+0x8>)
10003fc2:	685b      	ldr	r3, [r3, #4]
10003fc4:	4718      	bx	r3
10003fc6:	0000      	.short	0x0000
10003fc8:	20000350 	.word	0x20000350

10003fcc <stdio_out_chars_crlf>:
10003fcc:	b5f8      	push	{r3, r4, r5, r6, r7, lr}
10003fce:	0007      	movs	r7, r0
10003fd0:	000d      	movs	r5, r1
10003fd2:	0016      	movs	r6, r2
10003fd4:	7c43      	ldrb	r3, [r0, #17]
10003fd6:	2b00      	cmp	r3, #0
10003fd8:	d002      	beq.n	10003fe0 <stdio_out_chars_crlf+0x14>
10003fda:	2400      	movs	r4, #0
10003fdc:	2000      	movs	r0, #0
10003fde:	e00c      	b.n	10003ffa <stdio_out_chars_crlf+0x2e>
10003fe0:	6803      	ldr	r3, [r0, #0]
10003fe2:	0011      	movs	r1, r2
10003fe4:	0028      	movs	r0, r5
10003fe6:	4798      	blx	r3
10003fe8:	e02d      	b.n	10004046 <stdio_out_chars_crlf+0x7a>
10003fea:	7c3b      	ldrb	r3, [r7, #16]
10003fec:	e010      	b.n	10004010 <stdio_out_chars_crlf+0x44>
10003fee:	2102      	movs	r1, #2
10003ff0:	4815      	ldr	r0, [pc, #84]	; (10004048 <stdio_out_chars_crlf+0x7c>)
10003ff2:	683b      	ldr	r3, [r7, #0]
10003ff4:	4798      	blx	r3
10003ff6:	1c60      	adds	r0, r4, #1
10003ff8:	3401      	adds	r4, #1
10003ffa:	42b4      	cmp	r4, r6
10003ffc:	da14      	bge.n	10004028 <stdio_out_chars_crlf+0x5c>
10003ffe:	2c00      	cmp	r4, #0
10004000:	ddf3      	ble.n	10003fea <stdio_out_chars_crlf+0x1e>
10004002:	192b      	adds	r3, r5, r4
10004004:	3b01      	subs	r3, #1
10004006:	781b      	ldrb	r3, [r3, #0]
10004008:	3b0d      	subs	r3, #13
1000400a:	425a      	negs	r2, r3
1000400c:	4153      	adcs	r3, r2
1000400e:	b2db      	uxtb	r3, r3
10004010:	5d2a      	ldrb	r2, [r5, r4]
10004012:	2a0a      	cmp	r2, #10
10004014:	d1f0      	bne.n	10003ff8 <stdio_out_chars_crlf+0x2c>
10004016:	2b00      	cmp	r3, #0
10004018:	d1ee      	bne.n	10003ff8 <stdio_out_chars_crlf+0x2c>
1000401a:	42a0      	cmp	r0, r4
1000401c:	dae7      	bge.n	10003fee <stdio_out_chars_crlf+0x22>
1000401e:	1a21      	subs	r1, r4, r0
10004020:	1828      	adds	r0, r5, r0
10004022:	683b      	ldr	r3, [r7, #0]
10004024:	4798      	blx	r3
10004026:	e7e2      	b.n	10003fee <stdio_out_chars_crlf+0x22>
10004028:	42b0      	cmp	r0, r6
1000402a:	da03      	bge.n	10004034 <stdio_out_chars_crlf+0x68>
1000402c:	1a31      	subs	r1, r6, r0
1000402e:	1828      	adds	r0, r5, r0
10004030:	683b      	ldr	r3, [r7, #0]
10004032:	4798      	blx	r3
10004034:	2e00      	cmp	r6, #0
10004036:	dd06      	ble.n	10004046 <stdio_out_chars_crlf+0x7a>
10004038:	19ad      	adds	r5, r5, r6
1000403a:	3d01      	subs	r5, #1
1000403c:	782b      	ldrb	r3, [r5, #0]
1000403e:	3b0d      	subs	r3, #13
10004040:	425a      	negs	r2, r3
10004042:	4153      	adcs	r3, r2
10004044:	743b      	strb	r3, [r7, #16]
10004046:	bdf8      	pop	{r3, r4, r5, r6, r7, pc}
10004048:	10008294 	.word	0x10008294

1000404c <stdio_stack_buffer_flush>:
1000404c:	b570      	push	{r4, r5, r6, lr}
1000404e:	0005      	movs	r5, r0
10004050:	6803      	ldr	r3, [r0, #0]
10004052:	2b00      	cmp	r3, #0
10004054:	d016      	beq.n	10004084 <stdio_stack_buffer_flush+0x38>
10004056:	4b0c      	ldr	r3, [pc, #48]	; (10004088 <stdio_stack_buffer_flush+0x3c>)
10004058:	681c      	ldr	r4, [r3, #0]
1000405a:	e005      	b.n	10004068 <stdio_stack_buffer_flush+0x1c>
1000405c:	0029      	movs	r1, r5
1000405e:	c904      	ldmia	r1!, {r2}
10004060:	0020      	movs	r0, r4
10004062:	f7ff ffb3 	bl	10003fcc <stdio_out_chars_crlf>
10004066:	68e4      	ldr	r4, [r4, #12]
10004068:	2c00      	cmp	r4, #0
1000406a:	d009      	beq.n	10004080 <stdio_stack_buffer_flush+0x34>
1000406c:	6823      	ldr	r3, [r4, #0]
1000406e:	2b00      	cmp	r3, #0
10004070:	d0f9      	beq.n	10004066 <stdio_stack_buffer_flush+0x1a>
10004072:	4b06      	ldr	r3, [pc, #24]	; (1000408c <stdio_stack_buffer_flush+0x40>)
10004074:	681b      	ldr	r3, [r3, #0]
10004076:	2b00      	cmp	r3, #0
10004078:	d0f0      	beq.n	1000405c <stdio_stack_buffer_flush+0x10>
1000407a:	42a3      	cmp	r3, r4
1000407c:	d1f3      	bne.n	10004066 <stdio_stack_buffer_flush+0x1a>
1000407e:	e7ed      	b.n	1000405c <stdio_stack_buffer_flush+0x10>
10004080:	2300      	movs	r3, #0
10004082:	602b      	str	r3, [r5, #0]
10004084:	bd70      	pop	{r4, r5, r6, pc}
10004086:	46c0      	nop			; (mov r8, r8)
10004088:	20001320 	.word	0x20001320
1000408c:	20001324 	.word	0x20001324

10004090 <stdio_buffered_printer>:
10004090:	b570      	push	{r4, r5, r6, lr}
10004092:	0005      	movs	r5, r0
10004094:	000c      	movs	r4, r1
10004096:	680b      	ldr	r3, [r1, #0]
10004098:	2b80      	cmp	r3, #128	; 0x80
1000409a:	d005      	beq.n	100040a8 <stdio_buffered_printer+0x18>
1000409c:	6821      	ldr	r1, [r4, #0]
1000409e:	1c4b      	adds	r3, r1, #1
100040a0:	6023      	str	r3, [r4, #0]
100040a2:	1864      	adds	r4, r4, r1
100040a4:	7125      	strb	r5, [r4, #4]
100040a6:	bd70      	pop	{r4, r5, r6, pc}
100040a8:	0008      	movs	r0, r1
100040aa:	f7ff ffcf 	bl	1000404c <stdio_stack_buffer_flush>
100040ae:	e7f5      	b.n	1000409c <stdio_buffered_printer+0xc>

100040b0 <stdout_serialize_begin>:
100040b0:	b510      	push	{r4, lr}
100040b2:	b082      	sub	sp, #8
100040b4:	23d0      	movs	r3, #208	; 0xd0
100040b6:	061b      	lsls	r3, r3, #24
100040b8:	681c      	ldr	r4, [r3, #0]
100040ba:	a901      	add	r1, sp, #4
100040bc:	4806      	ldr	r0, [pc, #24]	; (100040d8 <stdout_serialize_begin+0x28>)
100040be:	f003 fa67 	bl	10007590 <__mutex_try_enter_veneer>
100040c2:	2800      	cmp	r0, #0
100040c4:	d106      	bne.n	100040d4 <stdout_serialize_begin+0x24>
100040c6:	9b01      	ldr	r3, [sp, #4]
100040c8:	42a3      	cmp	r3, r4
100040ca:	d003      	beq.n	100040d4 <stdout_serialize_begin+0x24>
100040cc:	4802      	ldr	r0, [pc, #8]	; (100040d8 <stdout_serialize_begin+0x28>)
100040ce:	f003 fa77 	bl	100075c0 <__mutex_enter_blocking_veneer>
100040d2:	2001      	movs	r0, #1
100040d4:	b002      	add	sp, #8
100040d6:	bd10      	pop	{r4, pc}
100040d8:	20000c00 	.word	0x20000c00

100040dc <stdout_serialize_end>:
100040dc:	b510      	push	{r4, lr}
100040de:	4802      	ldr	r0, [pc, #8]	; (100040e8 <stdout_serialize_end+0xc>)
100040e0:	f003 fa3e 	bl	10007560 <__mutex_exit_veneer>
100040e4:	bd10      	pop	{r4, pc}
100040e6:	46c0      	nop			; (mov r8, r8)
100040e8:	20000c00 	.word	0x20000c00

100040ec <stdio_put_string>:
100040ec:	b5f0      	push	{r4, r5, r6, r7, lr}
100040ee:	46c6      	mov	lr, r8
100040f0:	b500      	push	{lr}
100040f2:	b082      	sub	sp, #8
100040f4:	0006      	movs	r6, r0
100040f6:	000d      	movs	r5, r1
100040f8:	0017      	movs	r7, r2
100040fa:	f7ff ffd9 	bl	100040b0 <stdout_serialize_begin>
100040fe:	4680      	mov	r8, r0
10004100:	1c6b      	adds	r3, r5, #1
10004102:	d002      	beq.n	1000410a <stdio_put_string+0x1e>
10004104:	4b18      	ldr	r3, [pc, #96]	; (10004168 <stdio_put_string+0x7c>)
10004106:	681c      	ldr	r4, [r3, #0]
10004108:	e00d      	b.n	10004126 <stdio_put_string+0x3a>
1000410a:	0030      	movs	r0, r6
1000410c:	f003 f8c4 	bl	10007298 <strlen>
10004110:	0005      	movs	r5, r0
10004112:	e7f7      	b.n	10004104 <stdio_put_string+0x18>
10004114:	466b      	mov	r3, sp
10004116:	1dd9      	adds	r1, r3, #7
10004118:	230a      	movs	r3, #10
1000411a:	700b      	strb	r3, [r1, #0]
1000411c:	2201      	movs	r2, #1
1000411e:	0020      	movs	r0, r4
10004120:	f7ff ff54 	bl	10003fcc <stdio_out_chars_crlf>
10004124:	68e4      	ldr	r4, [r4, #12]
10004126:	2c00      	cmp	r4, #0
10004128:	d010      	beq.n	1000414c <stdio_put_string+0x60>
1000412a:	6823      	ldr	r3, [r4, #0]
1000412c:	2b00      	cmp	r3, #0
1000412e:	d0f9      	beq.n	10004124 <stdio_put_string+0x38>
10004130:	4b0e      	ldr	r3, [pc, #56]	; (1000416c <stdio_put_string+0x80>)
10004132:	681b      	ldr	r3, [r3, #0]
10004134:	2b00      	cmp	r3, #0
10004136:	d001      	beq.n	1000413c <stdio_put_string+0x50>
10004138:	42a3      	cmp	r3, r4
1000413a:	d1f3      	bne.n	10004124 <stdio_put_string+0x38>
1000413c:	002a      	movs	r2, r5
1000413e:	0031      	movs	r1, r6
10004140:	0020      	movs	r0, r4
10004142:	f7ff ff43 	bl	10003fcc <stdio_out_chars_crlf>
10004146:	2f00      	cmp	r7, #0
10004148:	d0ec      	beq.n	10004124 <stdio_put_string+0x38>
1000414a:	e7e3      	b.n	10004114 <stdio_put_string+0x28>
1000414c:	4643      	mov	r3, r8
1000414e:	2b00      	cmp	r3, #0
10004150:	d106      	bne.n	10004160 <stdio_put_string+0x74>
10004152:	1e68      	subs	r0, r5, #1
10004154:	4185      	sbcs	r5, r0
10004156:	b2e8      	uxtb	r0, r5
10004158:	b002      	add	sp, #8
1000415a:	bc04      	pop	{r2}
1000415c:	4690      	mov	r8, r2
1000415e:	bdf0      	pop	{r4, r5, r6, r7, pc}
10004160:	f7ff ffbc 	bl	100040dc <stdout_serialize_end>
10004164:	e7f5      	b.n	10004152 <stdio_put_string+0x66>
10004166:	46c0      	nop			; (mov r8, r8)
10004168:	20001320 	.word	0x20001320
1000416c:	20001324 	.word	0x20001324

10004170 <stdio_set_driver_enabled>:
10004170:	4b0c      	ldr	r3, [pc, #48]	; (100041a4 <stdio_set_driver_enabled+0x34>)
10004172:	681a      	ldr	r2, [r3, #0]
10004174:	0013      	movs	r3, r2
10004176:	2b00      	cmp	r3, #0
10004178:	d00b      	beq.n	10004192 <stdio_set_driver_enabled+0x22>
1000417a:	4283      	cmp	r3, r0
1000417c:	d002      	beq.n	10004184 <stdio_set_driver_enabled+0x14>
1000417e:	001a      	movs	r2, r3
10004180:	68db      	ldr	r3, [r3, #12]
10004182:	e7f8      	b.n	10004176 <stdio_set_driver_enabled+0x6>
10004184:	2900      	cmp	r1, #0
10004186:	d103      	bne.n	10004190 <stdio_set_driver_enabled+0x20>
10004188:	68db      	ldr	r3, [r3, #12]
1000418a:	60d3      	str	r3, [r2, #12]
1000418c:	2300      	movs	r3, #0
1000418e:	60c3      	str	r3, [r0, #12]
10004190:	4770      	bx	lr
10004192:	2900      	cmp	r1, #0
10004194:	d0fc      	beq.n	10004190 <stdio_set_driver_enabled+0x20>
10004196:	2a00      	cmp	r2, #0
10004198:	d001      	beq.n	1000419e <stdio_set_driver_enabled+0x2e>
1000419a:	60d0      	str	r0, [r2, #12]
1000419c:	e7f8      	b.n	10004190 <stdio_set_driver_enabled+0x20>
1000419e:	4b01      	ldr	r3, [pc, #4]	; (100041a4 <stdio_set_driver_enabled+0x34>)
100041a0:	6018      	str	r0, [r3, #0]
100041a2:	e7f5      	b.n	10004190 <stdio_set_driver_enabled+0x20>
100041a4:	20001320 	.word	0x20001320

100041a8 <stdio_flush>:
100041a8:	b510      	push	{r4, lr}
100041aa:	4b06      	ldr	r3, [pc, #24]	; (100041c4 <stdio_flush+0x1c>)
100041ac:	681c      	ldr	r4, [r3, #0]
100041ae:	e000      	b.n	100041b2 <stdio_flush+0xa>
100041b0:	68e4      	ldr	r4, [r4, #12]
100041b2:	2c00      	cmp	r4, #0
100041b4:	d004      	beq.n	100041c0 <stdio_flush+0x18>
100041b6:	6863      	ldr	r3, [r4, #4]
100041b8:	2b00      	cmp	r3, #0
100041ba:	d0f9      	beq.n	100041b0 <stdio_flush+0x8>
100041bc:	4798      	blx	r3
100041be:	e7f7      	b.n	100041b0 <stdio_flush+0x8>
100041c0:	bd10      	pop	{r4, pc}
100041c2:	46c0      	nop			; (mov r8, r8)
100041c4:	20001320 	.word	0x20001320

100041c8 <__wrap_puts>:
100041c8:	b570      	push	{r4, r5, r6, lr}
100041ca:	0005      	movs	r5, r0
100041cc:	f003 f864 	bl	10007298 <strlen>
100041d0:	0004      	movs	r4, r0
100041d2:	2201      	movs	r2, #1
100041d4:	0001      	movs	r1, r0
100041d6:	0028      	movs	r0, r5
100041d8:	f7ff ff88 	bl	100040ec <stdio_put_string>
100041dc:	f7ff ffe4 	bl	100041a8 <stdio_flush>
100041e0:	0020      	movs	r0, r4
100041e2:	bd70      	pop	{r4, r5, r6, pc}

100041e4 <__wrap_vprintf>:
100041e4:	b570      	push	{r4, r5, r6, lr}
100041e6:	b0a2      	sub	sp, #136	; 0x88
100041e8:	0004      	movs	r4, r0
100041ea:	000e      	movs	r6, r1
100041ec:	f7ff ff60 	bl	100040b0 <stdout_serialize_begin>
100041f0:	0005      	movs	r5, r0
100041f2:	2284      	movs	r2, #132	; 0x84
100041f4:	2100      	movs	r1, #0
100041f6:	a801      	add	r0, sp, #4
100041f8:	f7ff fedc 	bl	10003fb4 <__wrap_memset>
100041fc:	0033      	movs	r3, r6
100041fe:	0022      	movs	r2, r4
10004200:	a901      	add	r1, sp, #4
10004202:	4808      	ldr	r0, [pc, #32]	; (10004224 <__wrap_vprintf+0x40>)
10004204:	f7fe ff42 	bl	1000308c <vfctprintf>
10004208:	0004      	movs	r4, r0
1000420a:	a801      	add	r0, sp, #4
1000420c:	f7ff ff1e 	bl	1000404c <stdio_stack_buffer_flush>
10004210:	f7ff ffca 	bl	100041a8 <stdio_flush>
10004214:	2d00      	cmp	r5, #0
10004216:	d102      	bne.n	1000421e <__wrap_vprintf+0x3a>
10004218:	0020      	movs	r0, r4
1000421a:	b022      	add	sp, #136	; 0x88
1000421c:	bd70      	pop	{r4, r5, r6, pc}
1000421e:	f7ff ff5d 	bl	100040dc <stdout_serialize_end>
10004222:	e7f9      	b.n	10004218 <__wrap_vprintf+0x34>
10004224:	10004091 	.word	0x10004091

10004228 <__wrap_printf>:
10004228:	b40f      	push	{r0, r1, r2, r3}
1000422a:	b500      	push	{lr}
1000422c:	b083      	sub	sp, #12
1000422e:	a904      	add	r1, sp, #16
10004230:	c901      	ldmia	r1!, {r0}
10004232:	9101      	str	r1, [sp, #4]
10004234:	f7ff ffd6 	bl	100041e4 <__wrap_vprintf>
10004238:	b003      	add	sp, #12
1000423a:	bc08      	pop	{r3}
1000423c:	b004      	add	sp, #16
1000423e:	4718      	bx	r3

10004240 <stdio_init_all>:
10004240:	b510      	push	{r4, lr}
10004242:	f000 f87f 	bl	10004344 <stdio_uart_init>
10004246:	f000 f94b 	bl	100044e0 <stdio_usb_init>
1000424a:	bd10      	pop	{r4, pc}

1000424c <stdio_uart_out_chars>:
1000424c:	b5f0      	push	{r4, r5, r6, r7, lr}
1000424e:	b083      	sub	sp, #12
10004250:	2400      	movs	r4, #0
10004252:	e01e      	b.n	10004292 <stdio_uart_out_chars+0x46>
10004254:	466b      	mov	r3, sp
10004256:	3307      	adds	r3, #7
10004258:	220d      	movs	r2, #13
1000425a:	701a      	strb	r2, [r3, #0]
1000425c:	2200      	movs	r2, #0
1000425e:	e004      	b.n	1000426a <stdio_uart_out_chars+0x1e>
10004260:	781f      	ldrb	r7, [r3, #0]
10004262:	4e13      	ldr	r6, [pc, #76]	; (100042b0 <stdio_uart_out_chars+0x64>)
10004264:	6037      	str	r7, [r6, #0]
10004266:	3201      	adds	r2, #1
10004268:	3301      	adds	r3, #1
1000426a:	2a00      	cmp	r2, #0
1000426c:	d119      	bne.n	100042a2 <stdio_uart_out_chars+0x56>
1000426e:	4e10      	ldr	r6, [pc, #64]	; (100042b0 <stdio_uart_out_chars+0x64>)
10004270:	69b6      	ldr	r6, [r6, #24]
10004272:	06b6      	lsls	r6, r6, #26
10004274:	d4fb      	bmi.n	1000426e <stdio_uart_out_chars+0x22>
10004276:	e7f3      	b.n	10004260 <stdio_uart_out_chars+0x14>
10004278:	781e      	ldrb	r6, [r3, #0]
1000427a:	4d0d      	ldr	r5, [pc, #52]	; (100042b0 <stdio_uart_out_chars+0x64>)
1000427c:	602e      	str	r6, [r5, #0]
1000427e:	3201      	adds	r2, #1
10004280:	3301      	adds	r3, #1
10004282:	2a00      	cmp	r2, #0
10004284:	d104      	bne.n	10004290 <stdio_uart_out_chars+0x44>
10004286:	4d0a      	ldr	r5, [pc, #40]	; (100042b0 <stdio_uart_out_chars+0x64>)
10004288:	69ad      	ldr	r5, [r5, #24]
1000428a:	06ad      	lsls	r5, r5, #26
1000428c:	d4fb      	bmi.n	10004286 <stdio_uart_out_chars+0x3a>
1000428e:	e7f3      	b.n	10004278 <stdio_uart_out_chars+0x2c>
10004290:	3401      	adds	r4, #1
10004292:	42a1      	cmp	r1, r4
10004294:	d90a      	bls.n	100042ac <stdio_uart_out_chars+0x60>
10004296:	5d05      	ldrb	r5, [r0, r4]
10004298:	4b06      	ldr	r3, [pc, #24]	; (100042b4 <stdio_uart_out_chars+0x68>)
1000429a:	2200      	movs	r2, #0
1000429c:	5e9b      	ldrsh	r3, [r3, r2]
1000429e:	42ab      	cmp	r3, r5
100042a0:	d0d8      	beq.n	10004254 <stdio_uart_out_chars+0x8>
100042a2:	466b      	mov	r3, sp
100042a4:	3307      	adds	r3, #7
100042a6:	701d      	strb	r5, [r3, #0]
100042a8:	2200      	movs	r2, #0
100042aa:	e7ea      	b.n	10004282 <stdio_uart_out_chars+0x36>
100042ac:	b003      	add	sp, #12
100042ae:	bdf0      	pop	{r4, r5, r6, r7, pc}
100042b0:	40034000 	.word	0x40034000
100042b4:	200019e0 	.word	0x200019e0

100042b8 <stdio_uart_in_chars>:
100042b8:	b570      	push	{r4, r5, r6, lr}
100042ba:	b082      	sub	sp, #8
100042bc:	0005      	movs	r5, r0
100042be:	2000      	movs	r0, #0
100042c0:	e00f      	b.n	100042e2 <stdio_uart_in_chars+0x2a>
100042c2:	4b12      	ldr	r3, [pc, #72]	; (1000430c <stdio_uart_in_chars+0x54>)
100042c4:	699b      	ldr	r3, [r3, #24]
100042c6:	06db      	lsls	r3, r3, #27
100042c8:	d4fb      	bmi.n	100042c2 <stdio_uart_in_chars+0xa>
100042ca:	4b10      	ldr	r3, [pc, #64]	; (1000430c <stdio_uart_in_chars+0x54>)
100042cc:	681b      	ldr	r3, [r3, #0]
100042ce:	7023      	strb	r3, [r4, #0]
100042d0:	3201      	adds	r2, #1
100042d2:	3401      	adds	r4, #1
100042d4:	2a00      	cmp	r2, #0
100042d6:	d0f4      	beq.n	100042c2 <stdio_uart_in_chars+0xa>
100042d8:	466b      	mov	r3, sp
100042da:	3307      	adds	r3, #7
100042dc:	781b      	ldrb	r3, [r3, #0]
100042de:	7003      	strb	r3, [r0, #0]
100042e0:	0030      	movs	r0, r6
100042e2:	4288      	cmp	r0, r1
100042e4:	da0b      	bge.n	100042fe <stdio_uart_in_chars+0x46>
100042e6:	4b09      	ldr	r3, [pc, #36]	; (1000430c <stdio_uart_in_chars+0x54>)
100042e8:	699b      	ldr	r3, [r3, #24]
100042ea:	2410      	movs	r4, #16
100042ec:	0022      	movs	r2, r4
100042ee:	401a      	ands	r2, r3
100042f0:	421c      	tst	r4, r3
100042f2:	d104      	bne.n	100042fe <stdio_uart_in_chars+0x46>
100042f4:	1c46      	adds	r6, r0, #1
100042f6:	1828      	adds	r0, r5, r0
100042f8:	466b      	mov	r3, sp
100042fa:	1ddc      	adds	r4, r3, #7
100042fc:	e7ea      	b.n	100042d4 <stdio_uart_in_chars+0x1c>
100042fe:	2800      	cmp	r0, #0
10004300:	d001      	beq.n	10004306 <stdio_uart_in_chars+0x4e>
10004302:	b002      	add	sp, #8
10004304:	bd70      	pop	{r4, r5, r6, pc}
10004306:	3803      	subs	r0, #3
10004308:	e7fb      	b.n	10004302 <stdio_uart_in_chars+0x4a>
1000430a:	46c0      	nop			; (mov r8, r8)
1000430c:	40034000 	.word	0x40034000

10004310 <stdio_uart_init_full>:
10004310:	b570      	push	{r4, r5, r6, lr}
10004312:	0015      	movs	r5, r2
10004314:	001c      	movs	r4, r3
10004316:	f7fc f8fd 	bl	10000514 <uart_init>
1000431a:	1c6b      	adds	r3, r5, #1
1000431c:	d106      	bne.n	1000432c <stdio_uart_init_full+0x1c>
1000431e:	1c63      	adds	r3, r4, #1
10004320:	d109      	bne.n	10004336 <stdio_uart_init_full+0x26>
10004322:	2101      	movs	r1, #1
10004324:	4806      	ldr	r0, [pc, #24]	; (10004340 <stdio_uart_init_full+0x30>)
10004326:	f7ff ff23 	bl	10004170 <stdio_set_driver_enabled>
1000432a:	bd70      	pop	{r4, r5, r6, pc}
1000432c:	2102      	movs	r1, #2
1000432e:	0028      	movs	r0, r5
10004330:	f7fb fff2 	bl	10000318 <gpio_set_function>
10004334:	e7f3      	b.n	1000431e <stdio_uart_init_full+0xe>
10004336:	2102      	movs	r1, #2
10004338:	0020      	movs	r0, r4
1000433a:	f7fb ffed 	bl	10000318 <gpio_set_function>
1000433e:	e7f0      	b.n	10004322 <stdio_uart_init_full+0x12>
10004340:	20000360 	.word	0x20000360

10004344 <stdio_uart_init>:
10004344:	b510      	push	{r4, lr}
10004346:	4b06      	ldr	r3, [pc, #24]	; (10004360 <stdio_uart_init+0x1c>)
10004348:	781b      	ldrb	r3, [r3, #0]
1000434a:	4b06      	ldr	r3, [pc, #24]	; (10004364 <stdio_uart_init+0x20>)
1000434c:	781b      	ldrb	r3, [r3, #0]
1000434e:	21e1      	movs	r1, #225	; 0xe1
10004350:	2301      	movs	r3, #1
10004352:	2200      	movs	r2, #0
10004354:	0249      	lsls	r1, r1, #9
10004356:	4804      	ldr	r0, [pc, #16]	; (10004368 <stdio_uart_init+0x24>)
10004358:	f7ff ffda 	bl	10004310 <stdio_uart_init_full>
1000435c:	bd10      	pop	{r4, pc}
1000435e:	46c0      	nop			; (mov r8, r8)
10004360:	10008900 	.word	0x10008900
10004364:	10008904 	.word	0x10008904
10004368:	40034000 	.word	0x40034000

1000436c <stdio_usb_in_chars>:
1000436c:	b530      	push	{r4, r5, lr}
1000436e:	b083      	sub	sp, #12
10004370:	0005      	movs	r5, r0
10004372:	000c      	movs	r4, r1
10004374:	a901      	add	r1, sp, #4
10004376:	4818      	ldr	r0, [pc, #96]	; (100043d8 <stdio_usb_in_chars+0x6c>)
10004378:	f003 f90a 	bl	10007590 <__mutex_try_enter_veneer>
1000437c:	2800      	cmp	r0, #0
1000437e:	d108      	bne.n	10004392 <stdio_usb_in_chars+0x26>
10004380:	23d0      	movs	r3, #208	; 0xd0
10004382:	061b      	lsls	r3, r3, #24
10004384:	681b      	ldr	r3, [r3, #0]
10004386:	9a01      	ldr	r2, [sp, #4]
10004388:	429a      	cmp	r2, r3
1000438a:	d021      	beq.n	100043d0 <stdio_usb_in_chars+0x64>
1000438c:	4812      	ldr	r0, [pc, #72]	; (100043d8 <stdio_usb_in_chars+0x6c>)
1000438e:	f003 f917 	bl	100075c0 <__mutex_enter_blocking_veneer>
10004392:	2000      	movs	r0, #0
10004394:	f001 fde2 	bl	10005f5c <tud_cdc_n_connected>
10004398:	2800      	cmp	r0, #0
1000439a:	d107      	bne.n	100043ac <stdio_usb_in_chars+0x40>
1000439c:	2403      	movs	r4, #3
1000439e:	4264      	negs	r4, r4
100043a0:	480d      	ldr	r0, [pc, #52]	; (100043d8 <stdio_usb_in_chars+0x6c>)
100043a2:	f003 f8dd 	bl	10007560 <__mutex_exit_veneer>
100043a6:	0020      	movs	r0, r4
100043a8:	b003      	add	sp, #12
100043aa:	bd30      	pop	{r4, r5, pc}
100043ac:	2000      	movs	r0, #0
100043ae:	f001 fdf9 	bl	10005fa4 <tud_cdc_n_available>
100043b2:	2800      	cmp	r0, #0
100043b4:	d102      	bne.n	100043bc <stdio_usb_in_chars+0x50>
100043b6:	2403      	movs	r4, #3
100043b8:	4264      	negs	r4, r4
100043ba:	e7f1      	b.n	100043a0 <stdio_usb_in_chars+0x34>
100043bc:	0022      	movs	r2, r4
100043be:	0029      	movs	r1, r5
100043c0:	2000      	movs	r0, #0
100043c2:	f001 fdff 	bl	10005fc4 <tud_cdc_n_read>
100043c6:	1e04      	subs	r4, r0, #0
100043c8:	d1ea      	bne.n	100043a0 <stdio_usb_in_chars+0x34>
100043ca:	2403      	movs	r4, #3
100043cc:	4264      	negs	r4, r4
100043ce:	e7e7      	b.n	100043a0 <stdio_usb_in_chars+0x34>
100043d0:	2403      	movs	r4, #3
100043d2:	4264      	negs	r4, r4
100043d4:	e7e7      	b.n	100043a6 <stdio_usb_in_chars+0x3a>
100043d6:	46c0      	nop			; (mov r8, r8)
100043d8:	200019c0 	.word	0x200019c0

100043dc <low_priority_worker_irq>:
100043dc:	b510      	push	{r4, lr}
100043de:	2100      	movs	r1, #0
100043e0:	4805      	ldr	r0, [pc, #20]	; (100043f8 <low_priority_worker_irq+0x1c>)
100043e2:	f003 f8d5 	bl	10007590 <__mutex_try_enter_veneer>
100043e6:	2800      	cmp	r0, #0
100043e8:	d100      	bne.n	100043ec <low_priority_worker_irq+0x10>
100043ea:	bd10      	pop	{r4, pc}
100043ec:	f001 fb62 	bl	10005ab4 <tud_task>
100043f0:	4801      	ldr	r0, [pc, #4]	; (100043f8 <low_priority_worker_irq+0x1c>)
100043f2:	f003 f8b5 	bl	10007560 <__mutex_exit_veneer>
100043f6:	e7f8      	b.n	100043ea <low_priority_worker_irq+0xe>
100043f8:	200019c0 	.word	0x200019c0

100043fc <stdio_usb_out_chars>:
100043fc:	b5f0      	push	{r4, r5, r6, r7, lr}
100043fe:	46c6      	mov	lr, r8
10004400:	b500      	push	{lr}
10004402:	b082      	sub	sp, #8
10004404:	4680      	mov	r8, r0
10004406:	000d      	movs	r5, r1
10004408:	a901      	add	r1, sp, #4
1000440a:	482e      	ldr	r0, [pc, #184]	; (100044c4 <stdio_usb_out_chars+0xc8>)
1000440c:	f003 f8c0 	bl	10007590 <__mutex_try_enter_veneer>
10004410:	2800      	cmp	r0, #0
10004412:	d108      	bne.n	10004426 <stdio_usb_out_chars+0x2a>
10004414:	23d0      	movs	r3, #208	; 0xd0
10004416:	061b      	lsls	r3, r3, #24
10004418:	681b      	ldr	r3, [r3, #0]
1000441a:	9a01      	ldr	r2, [sp, #4]
1000441c:	429a      	cmp	r2, r3
1000441e:	d00f      	beq.n	10004440 <stdio_usb_out_chars+0x44>
10004420:	4828      	ldr	r0, [pc, #160]	; (100044c4 <stdio_usb_out_chars+0xc8>)
10004422:	f003 f8cd 	bl	100075c0 <__mutex_enter_blocking_veneer>
10004426:	2000      	movs	r0, #0
10004428:	f001 fd98 	bl	10005f5c <tud_cdc_n_connected>
1000442c:	2800      	cmp	r0, #0
1000442e:	d147      	bne.n	100044c0 <stdio_usb_out_chars+0xc4>
10004430:	4b25      	ldr	r3, [pc, #148]	; (100044c8 <stdio_usb_out_chars+0xcc>)
10004432:	2000      	movs	r0, #0
10004434:	2100      	movs	r1, #0
10004436:	6018      	str	r0, [r3, #0]
10004438:	6059      	str	r1, [r3, #4]
1000443a:	4822      	ldr	r0, [pc, #136]	; (100044c4 <stdio_usb_out_chars+0xc8>)
1000443c:	f003 f890 	bl	10007560 <__mutex_exit_veneer>
10004440:	b002      	add	sp, #8
10004442:	bc04      	pop	{r2}
10004444:	4690      	mov	r8, r2
10004446:	bdf0      	pop	{r4, r5, r6, r7, pc}
10004448:	f001 fb34 	bl	10005ab4 <tud_task>
1000444c:	2000      	movs	r0, #0
1000444e:	f001 fdd1 	bl	10005ff4 <tud_cdc_n_write_flush>
10004452:	2000      	movs	r0, #0
10004454:	f001 fd82 	bl	10005f5c <tud_cdc_n_connected>
10004458:	2800      	cmp	r0, #0
1000445a:	d0ee      	beq.n	1000443a <stdio_usb_out_chars+0x3e>
1000445c:	2000      	movs	r0, #0
1000445e:	f001 fe47 	bl	100060f0 <tud_cdc_n_write_available>
10004462:	2800      	cmp	r0, #0
10004464:	d01d      	beq.n	100044a2 <stdio_usb_out_chars+0xa6>
10004466:	42ac      	cmp	r4, r5
10004468:	dae7      	bge.n	1000443a <stdio_usb_out_chars+0x3e>
1000446a:	1b2e      	subs	r6, r5, r4
1000446c:	2000      	movs	r0, #0
1000446e:	f001 fe3f 	bl	100060f0 <tud_cdc_n_write_available>
10004472:	0002      	movs	r2, r0
10004474:	4286      	cmp	r6, r0
10004476:	dc00      	bgt.n	1000447a <stdio_usb_out_chars+0x7e>
10004478:	0032      	movs	r2, r6
1000447a:	2a00      	cmp	r2, #0
1000447c:	d0e4      	beq.n	10004448 <stdio_usb_out_chars+0x4c>
1000447e:	4643      	mov	r3, r8
10004480:	1919      	adds	r1, r3, r4
10004482:	2000      	movs	r0, #0
10004484:	f001 fe18 	bl	100060b8 <tud_cdc_n_write>
10004488:	0006      	movs	r6, r0
1000448a:	f001 fb13 	bl	10005ab4 <tud_task>
1000448e:	2000      	movs	r0, #0
10004490:	f001 fdb0 	bl	10005ff4 <tud_cdc_n_write_flush>
10004494:	19a4      	adds	r4, r4, r6
10004496:	f7fc fdc3 	bl	10001020 <time_us_64>
1000449a:	4b0b      	ldr	r3, [pc, #44]	; (100044c8 <stdio_usb_out_chars+0xcc>)
1000449c:	6018      	str	r0, [r3, #0]
1000449e:	6059      	str	r1, [r3, #4]
100044a0:	e7e1      	b.n	10004466 <stdio_usb_out_chars+0x6a>
100044a2:	f7fc fdbd 	bl	10001020 <time_us_64>
100044a6:	4b08      	ldr	r3, [pc, #32]	; (100044c8 <stdio_usb_out_chars+0xcc>)
100044a8:	681e      	ldr	r6, [r3, #0]
100044aa:	685f      	ldr	r7, [r3, #4]
100044ac:	4a07      	ldr	r2, [pc, #28]	; (100044cc <stdio_usb_out_chars+0xd0>)
100044ae:	2300      	movs	r3, #0
100044b0:	1992      	adds	r2, r2, r6
100044b2:	417b      	adcs	r3, r7
100044b4:	4299      	cmp	r1, r3
100044b6:	d8c0      	bhi.n	1000443a <stdio_usb_out_chars+0x3e>
100044b8:	d1d5      	bne.n	10004466 <stdio_usb_out_chars+0x6a>
100044ba:	4290      	cmp	r0, r2
100044bc:	d9d3      	bls.n	10004466 <stdio_usb_out_chars+0x6a>
100044be:	e7bc      	b.n	1000443a <stdio_usb_out_chars+0x3e>
100044c0:	2400      	movs	r4, #0
100044c2:	e7d0      	b.n	10004466 <stdio_usb_out_chars+0x6a>
100044c4:	200019c0 	.word	0x200019c0
100044c8:	20000c20 	.word	0x20000c20
100044cc:	0007a120 	.word	0x0007a120

100044d0 <timer_task>:
100044d0:	b510      	push	{r4, lr}
100044d2:	201f      	movs	r0, #31
100044d4:	f7fd fbaa 	bl	10001c2c <irq_set_pending>
100044d8:	20fa      	movs	r0, #250	; 0xfa
100044da:	0080      	lsls	r0, r0, #2
100044dc:	2100      	movs	r1, #0
100044de:	bd10      	pop	{r4, pc}

100044e0 <stdio_usb_init>:
100044e0:	b570      	push	{r4, r5, r6, lr}
100044e2:	b084      	sub	sp, #16
100044e4:	4b1c      	ldr	r3, [pc, #112]	; (10004558 <stdio_usb_init+0x78>)
100044e6:	781b      	ldrb	r3, [r3, #0]
100044e8:	f002 f848 	bl	1000657c <tusb_init>
100044ec:	491b      	ldr	r1, [pc, #108]	; (1000455c <stdio_usb_init+0x7c>)
100044ee:	201f      	movs	r0, #31
100044f0:	f7fd fbac 	bl	10001c4c <irq_set_exclusive_handler>
100044f4:	2101      	movs	r1, #1
100044f6:	201f      	movs	r0, #31
100044f8:	f7fd fb90 	bl	10001c1c <irq_set_enabled>
100044fc:	4818      	ldr	r0, [pc, #96]	; (10004560 <stdio_usb_init+0x80>)
100044fe:	f7fc fe95 	bl	1000122c <mutex_init>
10004502:	f7fc fb2b 	bl	10000b5c <alarm_pool_get_default>
10004506:	0006      	movs	r6, r0
10004508:	f7fc fd8a 	bl	10001020 <time_us_64>
1000450c:	0004      	movs	r4, r0
1000450e:	000d      	movs	r5, r1
10004510:	22fa      	movs	r2, #250	; 0xfa
10004512:	0092      	lsls	r2, r2, #2
10004514:	2300      	movs	r3, #0
10004516:	1912      	adds	r2, r2, r4
10004518:	416b      	adcs	r3, r5
1000451a:	4299      	cmp	r1, r3
1000451c:	d802      	bhi.n	10004524 <stdio_usb_init+0x44>
1000451e:	d104      	bne.n	1000452a <stdio_usb_init+0x4a>
10004520:	4290      	cmp	r0, r2
10004522:	d902      	bls.n	1000452a <stdio_usb_init+0x4a>
10004524:	2201      	movs	r2, #1
10004526:	4252      	negs	r2, r2
10004528:	17d3      	asrs	r3, r2, #31
1000452a:	2101      	movs	r1, #1
1000452c:	9102      	str	r1, [sp, #8]
1000452e:	2100      	movs	r1, #0
10004530:	9101      	str	r1, [sp, #4]
10004532:	490c      	ldr	r1, [pc, #48]	; (10004564 <stdio_usb_init+0x84>)
10004534:	9100      	str	r1, [sp, #0]
10004536:	0030      	movs	r0, r6
10004538:	f7fc fb6a 	bl	10000c10 <alarm_pool_add_alarm_at>
1000453c:	0004      	movs	r4, r0
1000453e:	1e63      	subs	r3, r4, #1
10004540:	419c      	sbcs	r4, r3
10004542:	b2e4      	uxtb	r4, r4
10004544:	2800      	cmp	r0, #0
10004546:	d102      	bne.n	1000454e <stdio_usb_init+0x6e>
10004548:	0020      	movs	r0, r4
1000454a:	b004      	add	sp, #16
1000454c:	bd70      	pop	{r4, r5, r6, pc}
1000454e:	2101      	movs	r1, #1
10004550:	4805      	ldr	r0, [pc, #20]	; (10004568 <stdio_usb_init+0x88>)
10004552:	f7ff fe0d 	bl	10004170 <stdio_set_driver_enabled>
10004556:	e7f7      	b.n	10004548 <stdio_usb_init+0x68>
10004558:	10008908 	.word	0x10008908
1000455c:	100043dd 	.word	0x100043dd
10004560:	200019c0 	.word	0x200019c0
10004564:	100044d1 	.word	0x100044d1
10004568:	20000374 	.word	0x20000374

1000456c <tud_descriptor_device_cb>:
1000456c:	4800      	ldr	r0, [pc, #0]	; (10004570 <tud_descriptor_device_cb+0x4>)
1000456e:	4770      	bx	lr
10004570:	10008378 	.word	0x10008378

10004574 <tud_descriptor_configuration_cb>:
10004574:	4800      	ldr	r0, [pc, #0]	; (10004578 <tud_descriptor_configuration_cb+0x4>)
10004576:	4770      	bx	lr
10004578:	1000832c 	.word	0x1000832c

1000457c <tud_descriptor_string_cb>:
1000457c:	b510      	push	{r4, lr}
1000457e:	2800      	cmp	r0, #0
10004580:	d10b      	bne.n	1000459a <tud_descriptor_string_cb+0x1e>
10004582:	4b0f      	ldr	r3, [pc, #60]	; (100045c0 <tud_descriptor_string_cb+0x44>)
10004584:	4a0f      	ldr	r2, [pc, #60]	; (100045c4 <tud_descriptor_string_cb+0x48>)
10004586:	805a      	strh	r2, [r3, #2]
10004588:	2301      	movs	r3, #1
1000458a:	3301      	adds	r3, #1
1000458c:	005b      	lsls	r3, r3, #1
1000458e:	22c0      	movs	r2, #192	; 0xc0
10004590:	0092      	lsls	r2, r2, #2
10004592:	4313      	orrs	r3, r2
10004594:	480a      	ldr	r0, [pc, #40]	; (100045c0 <tud_descriptor_string_cb+0x44>)
10004596:	8003      	strh	r3, [r0, #0]
10004598:	bd10      	pop	{r4, pc}
1000459a:	2804      	cmp	r0, #4
1000459c:	d80e      	bhi.n	100045bc <tud_descriptor_string_cb+0x40>
1000459e:	0080      	lsls	r0, r0, #2
100045a0:	4b09      	ldr	r3, [pc, #36]	; (100045c8 <tud_descriptor_string_cb+0x4c>)
100045a2:	58c4      	ldr	r4, [r0, r3]
100045a4:	2300      	movs	r3, #0
100045a6:	2b12      	cmp	r3, #18
100045a8:	d8ef      	bhi.n	1000458a <tud_descriptor_string_cb+0xe>
100045aa:	5ce2      	ldrb	r2, [r4, r3]
100045ac:	2a00      	cmp	r2, #0
100045ae:	d0ec      	beq.n	1000458a <tud_descriptor_string_cb+0xe>
100045b0:	3301      	adds	r3, #1
100045b2:	0059      	lsls	r1, r3, #1
100045b4:	4802      	ldr	r0, [pc, #8]	; (100045c0 <tud_descriptor_string_cb+0x44>)
100045b6:	5242      	strh	r2, [r0, r1]
100045b8:	b2db      	uxtb	r3, r3
100045ba:	e7f4      	b.n	100045a6 <tud_descriptor_string_cb+0x2a>
100045bc:	2000      	movs	r0, #0
100045be:	e7eb      	b.n	10004598 <tud_descriptor_string_cb+0x1c>
100045c0:	200012f8 	.word	0x200012f8
100045c4:	00000409 	.word	0x00000409
100045c8:	1000838c 	.word	0x1000838c

100045cc <hw_endpoint_get_by_addr>:
100045cc:	227f      	movs	r2, #127	; 0x7f
100045ce:	4002      	ands	r2, r0
100045d0:	09c3      	lsrs	r3, r0, #7
100045d2:	2034      	movs	r0, #52	; 0x34
100045d4:	4358      	muls	r0, r3
100045d6:	2368      	movs	r3, #104	; 0x68
100045d8:	4353      	muls	r3, r2
100045da:	18c0      	adds	r0, r0, r3
100045dc:	4b01      	ldr	r3, [pc, #4]	; (100045e4 <hw_endpoint_get_by_addr+0x18>)
100045de:	18c0      	adds	r0, r0, r3
100045e0:	4770      	bx	lr
100045e2:	46c0      	nop			; (mov r8, r8)
100045e4:	2000132c 	.word	0x2000132c

100045e8 <reset_ep0>:
100045e8:	b510      	push	{r4, lr}
100045ea:	b082      	sub	sp, #8
100045ec:	ab01      	add	r3, sp, #4
100045ee:	4a08      	ldr	r2, [pc, #32]	; (10004610 <reset_ep0+0x28>)
100045f0:	801a      	strh	r2, [r3, #0]
100045f2:	2400      	movs	r4, #0
100045f4:	e008      	b.n	10004608 <reset_ep0+0x20>
100045f6:	ab01      	add	r3, sp, #4
100045f8:	5d18      	ldrb	r0, [r3, r4]
100045fa:	f7ff ffe7 	bl	100045cc <hw_endpoint_get_by_addr>
100045fe:	2301      	movs	r3, #1
10004600:	7143      	strb	r3, [r0, #5]
10004602:	2300      	movs	r3, #0
10004604:	7503      	strb	r3, [r0, #20]
10004606:	3401      	adds	r4, #1
10004608:	2c01      	cmp	r4, #1
1000460a:	d9f4      	bls.n	100045f6 <reset_ep0+0xe>
1000460c:	b002      	add	sp, #8
1000460e:	bd10      	pop	{r4, pc}
10004610:	ffff8000 	.word	0xffff8000

10004614 <_hw_endpoint_alloc>:
10004614:	b510      	push	{r4, lr}
10004616:	6ac3      	ldr	r3, [r0, #44]	; 0x2c
10004618:	2b40      	cmp	r3, #64	; 0x40
1000461a:	d800      	bhi.n	1000461e <_hw_endpoint_alloc+0xa>
1000461c:	2340      	movs	r3, #64	; 0x40
1000461e:	4916      	ldr	r1, [pc, #88]	; (10004678 <_hw_endpoint_alloc+0x64>)
10004620:	680a      	ldr	r2, [r1, #0]
10004622:	6102      	str	r2, [r0, #16]
10004624:	18d3      	adds	r3, r2, r3
10004626:	600b      	str	r3, [r1, #0]
10004628:	0699      	lsls	r1, r3, #26
1000462a:	d004      	beq.n	10004636 <_hw_endpoint_alloc+0x22>
1000462c:	213f      	movs	r1, #63	; 0x3f
1000462e:	438b      	bics	r3, r1
10004630:	3340      	adds	r3, #64	; 0x40
10004632:	4911      	ldr	r1, [pc, #68]	; (10004678 <_hw_endpoint_alloc+0x64>)
10004634:	600b      	str	r3, [r1, #0]
10004636:	4b10      	ldr	r3, [pc, #64]	; (10004678 <_hw_endpoint_alloc+0x64>)
10004638:	6819      	ldr	r1, [r3, #0]
1000463a:	068b      	lsls	r3, r1, #26
1000463c:	d110      	bne.n	10004660 <_hw_endpoint_alloc+0x4c>
1000463e:	4b0f      	ldr	r3, [pc, #60]	; (1000467c <_hw_endpoint_alloc+0x68>)
10004640:	405a      	eors	r2, r3
10004642:	404b      	eors	r3, r1
10004644:	2180      	movs	r1, #128	; 0x80
10004646:	0149      	lsls	r1, r1, #5
10004648:	428b      	cmp	r3, r1
1000464a:	d80f      	bhi.n	1000466c <_hw_endpoint_alloc+0x58>
1000464c:	2330      	movs	r3, #48	; 0x30
1000464e:	5cc3      	ldrb	r3, [r0, r3]
10004650:	069b      	lsls	r3, r3, #26
10004652:	431a      	orrs	r2, r3
10004654:	23a0      	movs	r3, #160	; 0xa0
10004656:	061b      	lsls	r3, r3, #24
10004658:	431a      	orrs	r2, r3
1000465a:	6883      	ldr	r3, [r0, #8]
1000465c:	601a      	str	r2, [r3, #0]
1000465e:	bd10      	pop	{r4, pc}
10004660:	4b07      	ldr	r3, [pc, #28]	; (10004680 <_hw_endpoint_alloc+0x6c>)
10004662:	4a08      	ldr	r2, [pc, #32]	; (10004684 <_hw_endpoint_alloc+0x70>)
10004664:	2159      	movs	r1, #89	; 0x59
10004666:	4808      	ldr	r0, [pc, #32]	; (10004688 <_hw_endpoint_alloc+0x74>)
10004668:	f7fd f8a6 	bl	100017b8 <__assert_func>
1000466c:	4b07      	ldr	r3, [pc, #28]	; (1000468c <_hw_endpoint_alloc+0x78>)
1000466e:	4a05      	ldr	r2, [pc, #20]	; (10004684 <_hw_endpoint_alloc+0x70>)
10004670:	215b      	movs	r1, #91	; 0x5b
10004672:	4805      	ldr	r0, [pc, #20]	; (10004688 <_hw_endpoint_alloc+0x74>)
10004674:	f7fd f8a0 	bl	100017b8 <__assert_func>
10004678:	200019ac 	.word	0x200019ac
1000467c:	50100000 	.word	0x50100000
10004680:	100083a0 	.word	0x100083a0
10004684:	100084b4 	.word	0x100084b4
10004688:	100083d0 	.word	0x100083d0
1000468c:	1000841c 	.word	0x1000841c

10004690 <_hw_endpoint_init>:
10004690:	b570      	push	{r4, r5, r6, lr}
10004692:	0004      	movs	r4, r0
10004694:	207f      	movs	r0, #127	; 0x7f
10004696:	4008      	ands	r0, r1
10004698:	b24e      	sxtb	r6, r1
1000469a:	09cd      	lsrs	r5, r1, #7
1000469c:	7121      	strb	r1, [r4, #4]
1000469e:	7065      	strb	r5, [r4, #1]
100046a0:	43f1      	mvns	r1, r6
100046a2:	0fc9      	lsrs	r1, r1, #31
100046a4:	70e1      	strb	r1, [r4, #3]
100046a6:	70a0      	strb	r0, [r4, #2]
100046a8:	2800      	cmp	r0, #0
100046aa:	d11b      	bne.n	100046e4 <_hw_endpoint_init+0x54>
100046ac:	2101      	movs	r1, #1
100046ae:	7161      	strb	r1, [r4, #5]
100046b0:	2b01      	cmp	r3, #1
100046b2:	d019      	beq.n	100046e8 <_hw_endpoint_init+0x58>
100046b4:	2a40      	cmp	r2, #64	; 0x40
100046b6:	d81f      	bhi.n	100046f8 <_hw_endpoint_init+0x68>
100046b8:	62e2      	str	r2, [r4, #44]	; 0x2c
100046ba:	2230      	movs	r2, #48	; 0x30
100046bc:	54a3      	strb	r3, [r4, r2]
100046be:	2d00      	cmp	r5, #0
100046c0:	d01e      	beq.n	10004700 <_hw_endpoint_init+0x70>
100046c2:	00c3      	lsls	r3, r0, #3
100046c4:	4a1b      	ldr	r2, [pc, #108]	; (10004734 <_hw_endpoint_init+0xa4>)
100046c6:	4694      	mov	ip, r2
100046c8:	4463      	add	r3, ip
100046ca:	60e3      	str	r3, [r4, #12]
100046cc:	68e3      	ldr	r3, [r4, #12]
100046ce:	2200      	movs	r2, #0
100046d0:	601a      	str	r2, [r3, #0]
100046d2:	78a3      	ldrb	r3, [r4, #2]
100046d4:	2b00      	cmp	r3, #0
100046d6:	d119      	bne.n	1000470c <_hw_endpoint_init+0x7c>
100046d8:	60a3      	str	r3, [r4, #8]
100046da:	4b17      	ldr	r3, [pc, #92]	; (10004738 <_hw_endpoint_init+0xa8>)
100046dc:	6123      	str	r3, [r4, #16]
100046de:	2301      	movs	r3, #1
100046e0:	7023      	strb	r3, [r4, #0]
100046e2:	bd70      	pop	{r4, r5, r6, pc}
100046e4:	2100      	movs	r1, #0
100046e6:	e7e2      	b.n	100046ae <_hw_endpoint_init+0x1e>
100046e8:	2180      	movs	r1, #128	; 0x80
100046ea:	00c9      	lsls	r1, r1, #3
100046ec:	428a      	cmp	r2, r1
100046ee:	d3e3      	bcc.n	100046b8 <_hw_endpoint_init+0x28>
100046f0:	0011      	movs	r1, r2
100046f2:	4812      	ldr	r0, [pc, #72]	; (1000473c <_hw_endpoint_init+0xac>)
100046f4:	f7fd f87e 	bl	100017f4 <panic>
100046f8:	0011      	movs	r1, r2
100046fa:	4810      	ldr	r0, [pc, #64]	; (1000473c <_hw_endpoint_init+0xac>)
100046fc:	f7fd f87a 	bl	100017f4 <panic>
10004700:	00c3      	lsls	r3, r0, #3
10004702:	4a0f      	ldr	r2, [pc, #60]	; (10004740 <_hw_endpoint_init+0xb0>)
10004704:	4694      	mov	ip, r2
10004706:	4463      	add	r3, ip
10004708:	60e3      	str	r3, [r4, #12]
1000470a:	e7df      	b.n	100046cc <_hw_endpoint_init+0x3c>
1000470c:	2e00      	cmp	r6, #0
1000470e:	db09      	blt.n	10004724 <_hw_endpoint_init+0x94>
10004710:	3801      	subs	r0, #1
10004712:	00c0      	lsls	r0, r0, #3
10004714:	4b0b      	ldr	r3, [pc, #44]	; (10004744 <_hw_endpoint_init+0xb4>)
10004716:	469c      	mov	ip, r3
10004718:	4460      	add	r0, ip
1000471a:	60a0      	str	r0, [r4, #8]
1000471c:	0020      	movs	r0, r4
1000471e:	f7ff ff79 	bl	10004614 <_hw_endpoint_alloc>
10004722:	e7dc      	b.n	100046de <_hw_endpoint_init+0x4e>
10004724:	3801      	subs	r0, #1
10004726:	00c0      	lsls	r0, r0, #3
10004728:	4b07      	ldr	r3, [pc, #28]	; (10004748 <_hw_endpoint_init+0xb8>)
1000472a:	469c      	mov	ip, r3
1000472c:	4460      	add	r0, ip
1000472e:	60a0      	str	r0, [r4, #8]
10004730:	e7f4      	b.n	1000471c <_hw_endpoint_init+0x8c>
10004732:	46c0      	nop			; (mov r8, r8)
10004734:	50100080 	.word	0x50100080
10004738:	50100100 	.word	0x50100100
1000473c:	10008450 	.word	0x10008450
10004740:	50100084 	.word	0x50100084
10004744:	5010000c 	.word	0x5010000c
10004748:	50100008 	.word	0x50100008

1000474c <hw_endpoint_init>:
1000474c:	b570      	push	{r4, r5, r6, lr}
1000474e:	0004      	movs	r4, r0
10004750:	000d      	movs	r5, r1
10004752:	0016      	movs	r6, r2
10004754:	f7ff ff3a 	bl	100045cc <hw_endpoint_get_by_addr>
10004758:	0033      	movs	r3, r6
1000475a:	002a      	movs	r2, r5
1000475c:	0021      	movs	r1, r4
1000475e:	f7ff ff97 	bl	10004690 <_hw_endpoint_init>
10004762:	bd70      	pop	{r4, r5, r6, pc}

10004764 <hw_handle_buff_status>:
10004764:	b5f0      	push	{r4, r5, r6, r7, lr}
10004766:	46ce      	mov	lr, r9
10004768:	4647      	mov	r7, r8
1000476a:	b580      	push	{r7, lr}
1000476c:	b083      	sub	sp, #12
1000476e:	4b26      	ldr	r3, [pc, #152]	; (10004808 <hw_handle_buff_status+0xa4>)
10004770:	6d9b      	ldr	r3, [r3, #88]	; 0x58
10004772:	4698      	mov	r8, r3
10004774:	2700      	movs	r7, #0
10004776:	2401      	movs	r4, #1
10004778:	e01d      	b.n	100047b6 <hw_handle_buff_status+0x52>
1000477a:	4b24      	ldr	r3, [pc, #144]	; (1000480c <hw_handle_buff_status+0xa8>)
1000477c:	4a24      	ldr	r2, [pc, #144]	; (10004810 <hw_handle_buff_status+0xac>)
1000477e:	21df      	movs	r1, #223	; 0xdf
10004780:	4824      	ldr	r0, [pc, #144]	; (10004814 <hw_handle_buff_status+0xb0>)
10004782:	f7fd f819 	bl	100017b8 <__assert_func>
10004786:	2334      	movs	r3, #52	; 0x34
10004788:	435e      	muls	r6, r3
1000478a:	3334      	adds	r3, #52	; 0x34
1000478c:	464a      	mov	r2, r9
1000478e:	4353      	muls	r3, r2
10004790:	18f6      	adds	r6, r6, r3
10004792:	4b21      	ldr	r3, [pc, #132]	; (10004818 <hw_handle_buff_status+0xb4>)
10004794:	199e      	adds	r6, r3, r6
10004796:	69f2      	ldr	r2, [r6, #28]
10004798:	7931      	ldrb	r1, [r6, #4]
1000479a:	2301      	movs	r3, #1
1000479c:	9300      	str	r3, [sp, #0]
1000479e:	2300      	movs	r3, #0
100047a0:	2000      	movs	r0, #0
100047a2:	f000 fe68 	bl	10005476 <dcd_event_xfer_complete>
100047a6:	0028      	movs	r0, r5
100047a8:	f000 fa20 	bl	10004bec <hw_endpoint_reset_transfer>
100047ac:	4643      	mov	r3, r8
100047ae:	43a3      	bics	r3, r4
100047b0:	4698      	mov	r8, r3
100047b2:	0064      	lsls	r4, r4, #1
100047b4:	3701      	adds	r7, #1
100047b6:	4643      	mov	r3, r8
100047b8:	2b00      	cmp	r3, #0
100047ba:	d020      	beq.n	100047fe <hw_handle_buff_status+0x9a>
100047bc:	2f1f      	cmp	r7, #31
100047be:	d81e      	bhi.n	100047fe <hw_handle_buff_status+0x9a>
100047c0:	4643      	mov	r3, r8
100047c2:	421c      	tst	r4, r3
100047c4:	d0f5      	beq.n	100047b2 <hw_handle_buff_status+0x4e>
100047c6:	4b10      	ldr	r3, [pc, #64]	; (10004808 <hw_handle_buff_status+0xa4>)
100047c8:	6ddb      	ldr	r3, [r3, #92]	; 0x5c
100047ca:	421c      	tst	r4, r3
100047cc:	d1d5      	bne.n	1000477a <hw_handle_buff_status+0x16>
100047ce:	4b13      	ldr	r3, [pc, #76]	; (1000481c <hw_handle_buff_status+0xb8>)
100047d0:	659c      	str	r4, [r3, #88]	; 0x58
100047d2:	087b      	lsrs	r3, r7, #1
100047d4:	2601      	movs	r6, #1
100047d6:	403e      	ands	r6, r7
100047d8:	4272      	negs	r2, r6
100047da:	4156      	adcs	r6, r2
100047dc:	b2f6      	uxtb	r6, r6
100047de:	22ff      	movs	r2, #255	; 0xff
100047e0:	401a      	ands	r2, r3
100047e2:	4691      	mov	r9, r2
100047e4:	2534      	movs	r5, #52	; 0x34
100047e6:	4375      	muls	r5, r6
100047e8:	2368      	movs	r3, #104	; 0x68
100047ea:	4353      	muls	r3, r2
100047ec:	18ed      	adds	r5, r5, r3
100047ee:	4b0a      	ldr	r3, [pc, #40]	; (10004818 <hw_handle_buff_status+0xb4>)
100047f0:	18ed      	adds	r5, r5, r3
100047f2:	0028      	movs	r0, r5
100047f4:	f000 fab8 	bl	10004d68 <_hw_endpoint_xfer_continue>
100047f8:	2800      	cmp	r0, #0
100047fa:	d0d7      	beq.n	100047ac <hw_handle_buff_status+0x48>
100047fc:	e7c3      	b.n	10004786 <hw_handle_buff_status+0x22>
100047fe:	b003      	add	sp, #12
10004800:	bc0c      	pop	{r2, r3}
10004802:	4690      	mov	r8, r2
10004804:	4699      	mov	r9, r3
10004806:	bdf0      	pop	{r4, r5, r6, r7, pc}
10004808:	50110000 	.word	0x50110000
1000480c:	10008478 	.word	0x10008478
10004810:	100084c8 	.word	0x100084c8
10004814:	100083d0 	.word	0x100083d0
10004818:	2000132c 	.word	0x2000132c
1000481c:	50113000 	.word	0x50113000

10004820 <dcd_rp2040_irq>:
10004820:	b570      	push	{r4, r5, r6, lr}
10004822:	4a1d      	ldr	r2, [pc, #116]	; (10004898 <dcd_rp2040_irq+0x78>)
10004824:	2398      	movs	r3, #152	; 0x98
10004826:	58d4      	ldr	r4, [r2, r3]
10004828:	2380      	movs	r3, #128	; 0x80
1000482a:	025b      	lsls	r3, r3, #9
1000482c:	0025      	movs	r5, r4
1000482e:	401d      	ands	r5, r3
10004830:	421c      	tst	r4, r3
10004832:	d106      	bne.n	10004842 <dcd_rp2040_irq+0x22>
10004834:	06e3      	lsls	r3, r4, #27
10004836:	d412      	bmi.n	1000485e <dcd_rp2040_irq+0x3e>
10004838:	04e3      	lsls	r3, r4, #19
1000483a:	d415      	bmi.n	10004868 <dcd_rp2040_irq+0x48>
1000483c:	42a5      	cmp	r5, r4
1000483e:	d125      	bne.n	1000488c <dcd_rp2040_irq+0x6c>
10004840:	bd70      	pop	{r4, r5, r6, pc}
10004842:	f7ff fed1 	bl	100045e8 <reset_ep0>
10004846:	2201      	movs	r2, #1
10004848:	4914      	ldr	r1, [pc, #80]	; (1000489c <dcd_rp2040_irq+0x7c>)
1000484a:	2000      	movs	r0, #0
1000484c:	f000 fdf9 	bl	10005442 <dcd_event_setup_received>
10004850:	4b13      	ldr	r3, [pc, #76]	; (100048a0 <dcd_rp2040_irq+0x80>)
10004852:	2280      	movs	r2, #128	; 0x80
10004854:	0292      	lsls	r2, r2, #10
10004856:	651a      	str	r2, [r3, #80]	; 0x50
10004858:	2580      	movs	r5, #128	; 0x80
1000485a:	026d      	lsls	r5, r5, #9
1000485c:	e7ea      	b.n	10004834 <dcd_rp2040_irq+0x14>
1000485e:	2310      	movs	r3, #16
10004860:	431d      	orrs	r5, r3
10004862:	f7ff ff7f 	bl	10004764 <hw_handle_buff_status>
10004866:	e7e7      	b.n	10004838 <dcd_rp2040_irq+0x18>
10004868:	2300      	movs	r3, #0
1000486a:	4a0e      	ldr	r2, [pc, #56]	; (100048a4 <dcd_rp2040_irq+0x84>)
1000486c:	7013      	strb	r3, [r2, #0]
1000486e:	4a0a      	ldr	r2, [pc, #40]	; (10004898 <dcd_rp2040_irq+0x78>)
10004870:	6013      	str	r3, [r2, #0]
10004872:	2380      	movs	r3, #128	; 0x80
10004874:	015b      	lsls	r3, r3, #5
10004876:	431d      	orrs	r5, r3
10004878:	2201      	movs	r2, #1
1000487a:	2101      	movs	r1, #1
1000487c:	2000      	movs	r0, #0
1000487e:	f000 fdcd 	bl	1000541c <dcd_event_bus_signal>
10004882:	4b07      	ldr	r3, [pc, #28]	; (100048a0 <dcd_rp2040_irq+0x80>)
10004884:	2280      	movs	r2, #128	; 0x80
10004886:	0312      	lsls	r2, r2, #12
10004888:	651a      	str	r2, [r3, #80]	; 0x50
1000488a:	e7d7      	b.n	1000483c <dcd_rp2040_irq+0x1c>
1000488c:	0029      	movs	r1, r5
1000488e:	4061      	eors	r1, r4
10004890:	4805      	ldr	r0, [pc, #20]	; (100048a8 <dcd_rp2040_irq+0x88>)
10004892:	f7fc ffaf 	bl	100017f4 <panic>
10004896:	46c0      	nop			; (mov r8, r8)
10004898:	50110000 	.word	0x50110000
1000489c:	50100000 	.word	0x50100000
100048a0:	50113000 	.word	0x50113000
100048a4:	200019da 	.word	0x200019da
100048a8:	10008484 	.word	0x10008484

100048ac <hw_endpoint_xfer>:
100048ac:	b570      	push	{r4, r5, r6, lr}
100048ae:	000c      	movs	r4, r1
100048b0:	0015      	movs	r5, r2
100048b2:	001e      	movs	r6, r3
100048b4:	f7ff fe8a 	bl	100045cc <hw_endpoint_get_by_addr>
100048b8:	0033      	movs	r3, r6
100048ba:	002a      	movs	r2, r5
100048bc:	0021      	movs	r1, r4
100048be:	f000 fa7f 	bl	10004dc0 <_hw_endpoint_xfer>
100048c2:	bd70      	pop	{r4, r5, r6, pc}

100048c4 <ep0_0len_status>:
100048c4:	b510      	push	{r4, lr}
100048c6:	f7ff fe8f 	bl	100045e8 <reset_ep0>
100048ca:	2301      	movs	r3, #1
100048cc:	2200      	movs	r2, #0
100048ce:	2100      	movs	r1, #0
100048d0:	2080      	movs	r0, #128	; 0x80
100048d2:	f7ff ffeb 	bl	100048ac <hw_endpoint_xfer>
100048d6:	bd10      	pop	{r4, pc}

100048d8 <_hw_endpoint_stall>:
100048d8:	b510      	push	{r4, lr}
100048da:	0004      	movs	r4, r0
100048dc:	7d03      	ldrb	r3, [r0, #20]
100048de:	2b00      	cmp	r3, #0
100048e0:	d111      	bne.n	10004906 <_hw_endpoint_stall+0x2e>
100048e2:	7883      	ldrb	r3, [r0, #2]
100048e4:	2b00      	cmp	r3, #0
100048e6:	d105      	bne.n	100048f4 <_hw_endpoint_stall+0x1c>
100048e8:	7843      	ldrb	r3, [r0, #1]
100048ea:	2b00      	cmp	r3, #0
100048ec:	d012      	beq.n	10004914 <_hw_endpoint_stall+0x3c>
100048ee:	2201      	movs	r2, #1
100048f0:	4b09      	ldr	r3, [pc, #36]	; (10004918 <_hw_endpoint_stall+0x40>)
100048f2:	669a      	str	r2, [r3, #104]	; 0x68
100048f4:	2280      	movs	r2, #128	; 0x80
100048f6:	0112      	lsls	r2, r2, #4
100048f8:	4908      	ldr	r1, [pc, #32]	; (1000491c <_hw_endpoint_stall+0x44>)
100048fa:	0020      	movs	r0, r4
100048fc:	f000 f980 	bl	10004c00 <_hw_endpoint_buffer_control_update32>
10004900:	2301      	movs	r3, #1
10004902:	7523      	strb	r3, [r4, #20]
10004904:	bd10      	pop	{r4, pc}
10004906:	2184      	movs	r1, #132	; 0x84
10004908:	4b05      	ldr	r3, [pc, #20]	; (10004920 <_hw_endpoint_stall+0x48>)
1000490a:	4a06      	ldr	r2, [pc, #24]	; (10004924 <_hw_endpoint_stall+0x4c>)
1000490c:	0049      	lsls	r1, r1, #1
1000490e:	4806      	ldr	r0, [pc, #24]	; (10004928 <_hw_endpoint_stall+0x50>)
10004910:	f7fc ff52 	bl	100017b8 <__assert_func>
10004914:	2202      	movs	r2, #2
10004916:	e7eb      	b.n	100048f0 <_hw_endpoint_stall+0x18>
10004918:	50112000 	.word	0x50112000
1000491c:	fffff7ff 	.word	0xfffff7ff
10004920:	10008498 	.word	0x10008498
10004924:	100084e0 	.word	0x100084e0
10004928:	100083d0 	.word	0x100083d0

1000492c <hw_endpoint_stall>:
1000492c:	b510      	push	{r4, lr}
1000492e:	f7ff fe4d 	bl	100045cc <hw_endpoint_get_by_addr>
10004932:	f7ff ffd1 	bl	100048d8 <_hw_endpoint_stall>
10004936:	bd10      	pop	{r4, pc}

10004938 <_hw_endpoint_clear_stall>:
10004938:	b510      	push	{r4, lr}
1000493a:	0004      	movs	r4, r0
1000493c:	7883      	ldrb	r3, [r0, #2]
1000493e:	2b00      	cmp	r3, #0
10004940:	d105      	bne.n	1000494e <_hw_endpoint_clear_stall+0x16>
10004942:	7843      	ldrb	r3, [r0, #1]
10004944:	2b00      	cmp	r3, #0
10004946:	d00a      	beq.n	1000495e <_hw_endpoint_clear_stall+0x26>
10004948:	2201      	movs	r2, #1
1000494a:	4b06      	ldr	r3, [pc, #24]	; (10004964 <_hw_endpoint_clear_stall+0x2c>)
1000494c:	669a      	str	r2, [r3, #104]	; 0x68
1000494e:	2200      	movs	r2, #0
10004950:	4905      	ldr	r1, [pc, #20]	; (10004968 <_hw_endpoint_clear_stall+0x30>)
10004952:	0020      	movs	r0, r4
10004954:	f000 f954 	bl	10004c00 <_hw_endpoint_buffer_control_update32>
10004958:	2300      	movs	r3, #0
1000495a:	7523      	strb	r3, [r4, #20]
1000495c:	bd10      	pop	{r4, pc}
1000495e:	2202      	movs	r2, #2
10004960:	e7f3      	b.n	1000494a <_hw_endpoint_clear_stall+0x12>
10004962:	46c0      	nop			; (mov r8, r8)
10004964:	50113000 	.word	0x50113000
10004968:	fffff7ff 	.word	0xfffff7ff

1000496c <hw_endpoint_clear_stall>:
1000496c:	b510      	push	{r4, lr}
1000496e:	f7ff fe2d 	bl	100045cc <hw_endpoint_get_by_addr>
10004972:	f7ff ffe1 	bl	10004938 <_hw_endpoint_clear_stall>
10004976:	bd10      	pop	{r4, pc}

10004978 <dcd_int_enable>:
10004978:	b510      	push	{r4, lr}
1000497a:	2800      	cmp	r0, #0
1000497c:	d104      	bne.n	10004988 <dcd_int_enable+0x10>
1000497e:	2101      	movs	r1, #1
10004980:	2005      	movs	r0, #5
10004982:	f7fd f94b 	bl	10001c1c <irq_set_enabled>
10004986:	bd10      	pop	{r4, pc}
10004988:	217e      	movs	r1, #126	; 0x7e
1000498a:	4b03      	ldr	r3, [pc, #12]	; (10004998 <dcd_int_enable+0x20>)
1000498c:	4a03      	ldr	r2, [pc, #12]	; (1000499c <dcd_int_enable+0x24>)
1000498e:	31ff      	adds	r1, #255	; 0xff
10004990:	4803      	ldr	r0, [pc, #12]	; (100049a0 <dcd_int_enable+0x28>)
10004992:	f7fc ff11 	bl	100017b8 <__assert_func>
10004996:	46c0      	nop			; (mov r8, r8)
10004998:	100084a8 	.word	0x100084a8
1000499c:	10008500 	.word	0x10008500
100049a0:	100083d0 	.word	0x100083d0

100049a4 <dcd_set_address>:
100049a4:	b510      	push	{r4, lr}
100049a6:	2800      	cmp	r0, #0
100049a8:	d104      	bne.n	100049b4 <dcd_set_address+0x10>
100049aa:	4b06      	ldr	r3, [pc, #24]	; (100049c4 <dcd_set_address+0x20>)
100049ac:	7019      	strb	r1, [r3, #0]
100049ae:	f7ff ff89 	bl	100048c4 <ep0_0len_status>
100049b2:	bd10      	pop	{r4, pc}
100049b4:	21c5      	movs	r1, #197	; 0xc5
100049b6:	4b04      	ldr	r3, [pc, #16]	; (100049c8 <dcd_set_address+0x24>)
100049b8:	4a04      	ldr	r2, [pc, #16]	; (100049cc <dcd_set_address+0x28>)
100049ba:	0049      	lsls	r1, r1, #1
100049bc:	4804      	ldr	r0, [pc, #16]	; (100049d0 <dcd_set_address+0x2c>)
100049be:	f7fc fefb 	bl	100017b8 <__assert_func>
100049c2:	46c0      	nop			; (mov r8, r8)
100049c4:	200019da 	.word	0x200019da
100049c8:	100084a8 	.word	0x100084a8
100049cc:	10008510 	.word	0x10008510
100049d0:	100083d0 	.word	0x100083d0

100049d4 <dcd_connect>:
100049d4:	b510      	push	{r4, lr}
100049d6:	2800      	cmp	r0, #0
100049d8:	d104      	bne.n	100049e4 <dcd_connect+0x10>
100049da:	4b06      	ldr	r3, [pc, #24]	; (100049f4 <dcd_connect+0x20>)
100049dc:	2280      	movs	r2, #128	; 0x80
100049de:	0252      	lsls	r2, r2, #9
100049e0:	64da      	str	r2, [r3, #76]	; 0x4c
100049e2:	bd10      	pop	{r4, pc}
100049e4:	21d2      	movs	r1, #210	; 0xd2
100049e6:	4b04      	ldr	r3, [pc, #16]	; (100049f8 <dcd_connect+0x24>)
100049e8:	4a04      	ldr	r2, [pc, #16]	; (100049fc <dcd_connect+0x28>)
100049ea:	0049      	lsls	r1, r1, #1
100049ec:	4804      	ldr	r0, [pc, #16]	; (10004a00 <dcd_connect+0x2c>)
100049ee:	f7fc fee3 	bl	100017b8 <__assert_func>
100049f2:	46c0      	nop			; (mov r8, r8)
100049f4:	50112000 	.word	0x50112000
100049f8:	100084a8 	.word	0x100084a8
100049fc:	10008520 	.word	0x10008520
10004a00:	100083d0 	.word	0x100083d0

10004a04 <dcd_init>:
10004a04:	b510      	push	{r4, lr}
10004a06:	1e04      	subs	r4, r0, #0
10004a08:	d128      	bne.n	10004a5c <dcd_init+0x58>
10004a0a:	f000 f8c7 	bl	10004b9c <rp2040_usb_init>
10004a0e:	4917      	ldr	r1, [pc, #92]	; (10004a6c <dcd_init+0x68>)
10004a10:	2005      	movs	r0, #5
10004a12:	f7fd f91b 	bl	10001c4c <irq_set_exclusive_handler>
10004a16:	22d0      	movs	r2, #208	; 0xd0
10004a18:	00d2      	lsls	r2, r2, #3
10004a1a:	2100      	movs	r1, #0
10004a1c:	4814      	ldr	r0, [pc, #80]	; (10004a70 <dcd_init+0x6c>)
10004a1e:	f7ff fac9 	bl	10003fb4 <__wrap_memset>
10004a22:	4b14      	ldr	r3, [pc, #80]	; (10004a74 <dcd_init+0x70>)
10004a24:	2200      	movs	r2, #0
10004a26:	701a      	strb	r2, [r3, #0]
10004a28:	4b13      	ldr	r3, [pc, #76]	; (10004a78 <dcd_init+0x74>)
10004a2a:	4a14      	ldr	r2, [pc, #80]	; (10004a7c <dcd_init+0x78>)
10004a2c:	601a      	str	r2, [r3, #0]
10004a2e:	2200      	movs	r2, #0
10004a30:	2140      	movs	r1, #64	; 0x40
10004a32:	2000      	movs	r0, #0
10004a34:	f7ff fe8a 	bl	1000474c <hw_endpoint_init>
10004a38:	2200      	movs	r2, #0
10004a3a:	2140      	movs	r1, #64	; 0x40
10004a3c:	2080      	movs	r0, #128	; 0x80
10004a3e:	f7ff fe85 	bl	1000474c <hw_endpoint_init>
10004a42:	4b0f      	ldr	r3, [pc, #60]	; (10004a80 <dcd_init+0x7c>)
10004a44:	2201      	movs	r2, #1
10004a46:	641a      	str	r2, [r3, #64]	; 0x40
10004a48:	2280      	movs	r2, #128	; 0x80
10004a4a:	0592      	lsls	r2, r2, #22
10004a4c:	64da      	str	r2, [r3, #76]	; 0x4c
10004a4e:	2290      	movs	r2, #144	; 0x90
10004a50:	490c      	ldr	r1, [pc, #48]	; (10004a84 <dcd_init+0x80>)
10004a52:	5099      	str	r1, [r3, r2]
10004a54:	0020      	movs	r0, r4
10004a56:	f7ff ffbd 	bl	100049d4 <dcd_connect>
10004a5a:	bd10      	pop	{r4, pc}
10004a5c:	2160      	movs	r1, #96	; 0x60
10004a5e:	4b0a      	ldr	r3, [pc, #40]	; (10004a88 <dcd_init+0x84>)
10004a60:	4a0a      	ldr	r2, [pc, #40]	; (10004a8c <dcd_init+0x88>)
10004a62:	31ff      	adds	r1, #255	; 0xff
10004a64:	480a      	ldr	r0, [pc, #40]	; (10004a90 <dcd_init+0x8c>)
10004a66:	f7fc fea7 	bl	100017b8 <__assert_func>
10004a6a:	46c0      	nop			; (mov r8, r8)
10004a6c:	10004821 	.word	0x10004821
10004a70:	2000132c 	.word	0x2000132c
10004a74:	200019da 	.word	0x200019da
10004a78:	200019ac 	.word	0x200019ac
10004a7c:	50100180 	.word	0x50100180
10004a80:	50110000 	.word	0x50110000
10004a84:	00011010 	.word	0x00011010
10004a88:	100084a8 	.word	0x100084a8
10004a8c:	100084f4 	.word	0x100084f4
10004a90:	100083d0 	.word	0x100083d0

10004a94 <dcd_edpt0_status_complete>:
10004a94:	b510      	push	{r4, lr}
10004a96:	2800      	cmp	r0, #0
10004a98:	d108      	bne.n	10004aac <dcd_edpt0_status_complete+0x18>
10004a9a:	780b      	ldrb	r3, [r1, #0]
10004a9c:	065b      	lsls	r3, r3, #25
10004a9e:	d102      	bne.n	10004aa6 <dcd_edpt0_status_complete+0x12>
10004aa0:	784b      	ldrb	r3, [r1, #1]
10004aa2:	2b05      	cmp	r3, #5
10004aa4:	d009      	beq.n	10004aba <dcd_edpt0_status_complete+0x26>
10004aa6:	f7ff fd9f 	bl	100045e8 <reset_ep0>
10004aaa:	bd10      	pop	{r4, pc}
10004aac:	21b0      	movs	r1, #176	; 0xb0
10004aae:	4b05      	ldr	r3, [pc, #20]	; (10004ac4 <dcd_edpt0_status_complete+0x30>)
10004ab0:	4a05      	ldr	r2, [pc, #20]	; (10004ac8 <dcd_edpt0_status_complete+0x34>)
10004ab2:	31ff      	adds	r1, #255	; 0xff
10004ab4:	4805      	ldr	r0, [pc, #20]	; (10004acc <dcd_edpt0_status_complete+0x38>)
10004ab6:	f7fc fe7f 	bl	100017b8 <__assert_func>
10004aba:	4b05      	ldr	r3, [pc, #20]	; (10004ad0 <dcd_edpt0_status_complete+0x3c>)
10004abc:	781a      	ldrb	r2, [r3, #0]
10004abe:	4b05      	ldr	r3, [pc, #20]	; (10004ad4 <dcd_edpt0_status_complete+0x40>)
10004ac0:	601a      	str	r2, [r3, #0]
10004ac2:	e7f0      	b.n	10004aa6 <dcd_edpt0_status_complete+0x12>
10004ac4:	100084a8 	.word	0x100084a8
10004ac8:	1000852c 	.word	0x1000852c
10004acc:	100083d0 	.word	0x100083d0
10004ad0:	200019da 	.word	0x200019da
10004ad4:	50110000 	.word	0x50110000

10004ad8 <dcd_edpt_open>:
10004ad8:	b510      	push	{r4, lr}
10004ada:	000b      	movs	r3, r1
10004adc:	2800      	cmp	r0, #0
10004ade:	d10d      	bne.n	10004afc <dcd_edpt_open+0x24>
10004ae0:	790a      	ldrb	r2, [r1, #4]
10004ae2:	7948      	ldrb	r0, [r1, #5]
10004ae4:	2107      	movs	r1, #7
10004ae6:	4001      	ands	r1, r0
10004ae8:	0209      	lsls	r1, r1, #8
10004aea:	4311      	orrs	r1, r2
10004aec:	78da      	ldrb	r2, [r3, #3]
10004aee:	0792      	lsls	r2, r2, #30
10004af0:	0f92      	lsrs	r2, r2, #30
10004af2:	7898      	ldrb	r0, [r3, #2]
10004af4:	f7ff fe2a 	bl	1000474c <hw_endpoint_init>
10004af8:	2001      	movs	r0, #1
10004afa:	bd10      	pop	{r4, pc}
10004afc:	21c0      	movs	r1, #192	; 0xc0
10004afe:	4b03      	ldr	r3, [pc, #12]	; (10004b0c <dcd_edpt_open+0x34>)
10004b00:	4a03      	ldr	r2, [pc, #12]	; (10004b10 <dcd_edpt_open+0x38>)
10004b02:	31ff      	adds	r1, #255	; 0xff
10004b04:	4803      	ldr	r0, [pc, #12]	; (10004b14 <dcd_edpt_open+0x3c>)
10004b06:	f7fc fe57 	bl	100017b8 <__assert_func>
10004b0a:	46c0      	nop			; (mov r8, r8)
10004b0c:	100084a8 	.word	0x100084a8
10004b10:	10008548 	.word	0x10008548
10004b14:	100083d0 	.word	0x100083d0

10004b18 <dcd_edpt_xfer>:
10004b18:	b510      	push	{r4, lr}
10004b1a:	0004      	movs	r4, r0
10004b1c:	0008      	movs	r0, r1
10004b1e:	0011      	movs	r1, r2
10004b20:	001a      	movs	r2, r3
10004b22:	2c00      	cmp	r4, #0
10004b24:	d104      	bne.n	10004b30 <dcd_edpt_xfer+0x18>
10004b26:	2301      	movs	r3, #1
10004b28:	f7ff fec0 	bl	100048ac <hw_endpoint_xfer>
10004b2c:	2001      	movs	r0, #1
10004b2e:	bd10      	pop	{r4, pc}
10004b30:	21e3      	movs	r1, #227	; 0xe3
10004b32:	4b03      	ldr	r3, [pc, #12]	; (10004b40 <dcd_edpt_xfer+0x28>)
10004b34:	4a03      	ldr	r2, [pc, #12]	; (10004b44 <dcd_edpt_xfer+0x2c>)
10004b36:	0049      	lsls	r1, r1, #1
10004b38:	4803      	ldr	r0, [pc, #12]	; (10004b48 <dcd_edpt_xfer+0x30>)
10004b3a:	f7fc fe3d 	bl	100017b8 <__assert_func>
10004b3e:	46c0      	nop			; (mov r8, r8)
10004b40:	100084a8 	.word	0x100084a8
10004b44:	10008558 	.word	0x10008558
10004b48:	100083d0 	.word	0x100083d0

10004b4c <dcd_edpt_stall>:
10004b4c:	b510      	push	{r4, lr}
10004b4e:	2800      	cmp	r0, #0
10004b50:	d103      	bne.n	10004b5a <dcd_edpt_stall+0xe>
10004b52:	0008      	movs	r0, r1
10004b54:	f7ff feea 	bl	1000492c <hw_endpoint_stall>
10004b58:	bd10      	pop	{r4, pc}
10004b5a:	21d0      	movs	r1, #208	; 0xd0
10004b5c:	4b02      	ldr	r3, [pc, #8]	; (10004b68 <dcd_edpt_stall+0x1c>)
10004b5e:	4a03      	ldr	r2, [pc, #12]	; (10004b6c <dcd_edpt_stall+0x20>)
10004b60:	31ff      	adds	r1, #255	; 0xff
10004b62:	4803      	ldr	r0, [pc, #12]	; (10004b70 <dcd_edpt_stall+0x24>)
10004b64:	f7fc fe28 	bl	100017b8 <__assert_func>
10004b68:	100084a8 	.word	0x100084a8
10004b6c:	10008568 	.word	0x10008568
10004b70:	100083d0 	.word	0x100083d0

10004b74 <dcd_edpt_clear_stall>:
10004b74:	b510      	push	{r4, lr}
10004b76:	2800      	cmp	r0, #0
10004b78:	d103      	bne.n	10004b82 <dcd_edpt_clear_stall+0xe>
10004b7a:	0008      	movs	r0, r1
10004b7c:	f7ff fef6 	bl	1000496c <hw_endpoint_clear_stall>
10004b80:	bd10      	pop	{r4, pc}
10004b82:	21eb      	movs	r1, #235	; 0xeb
10004b84:	4b02      	ldr	r3, [pc, #8]	; (10004b90 <dcd_edpt_clear_stall+0x1c>)
10004b86:	4a03      	ldr	r2, [pc, #12]	; (10004b94 <dcd_edpt_clear_stall+0x20>)
10004b88:	0049      	lsls	r1, r1, #1
10004b8a:	4803      	ldr	r0, [pc, #12]	; (10004b98 <dcd_edpt_clear_stall+0x24>)
10004b8c:	f7fc fe14 	bl	100017b8 <__assert_func>
10004b90:	100084a8 	.word	0x100084a8
10004b94:	10008578 	.word	0x10008578
10004b98:	100083d0 	.word	0x100083d0

10004b9c <rp2040_usb_init>:
10004b9c:	b510      	push	{r4, lr}
10004b9e:	2380      	movs	r3, #128	; 0x80
10004ba0:	045b      	lsls	r3, r3, #17
10004ba2:	4a0d      	ldr	r2, [pc, #52]	; (10004bd8 <rp2040_usb_init+0x3c>)
10004ba4:	6013      	str	r3, [r2, #0]
10004ba6:	4a0d      	ldr	r2, [pc, #52]	; (10004bdc <rp2040_usb_init+0x40>)
10004ba8:	6013      	str	r3, [r2, #0]
10004baa:	4b0d      	ldr	r3, [pc, #52]	; (10004be0 <rp2040_usb_init+0x44>)
10004bac:	689a      	ldr	r2, [r3, #8]
10004bae:	2380      	movs	r3, #128	; 0x80
10004bb0:	045b      	lsls	r3, r3, #17
10004bb2:	4393      	bics	r3, r2
10004bb4:	d1f9      	bne.n	10004baa <rp2040_usb_init+0xe>
10004bb6:	4c0b      	ldr	r4, [pc, #44]	; (10004be4 <rp2040_usb_init+0x48>)
10004bb8:	229c      	movs	r2, #156	; 0x9c
10004bba:	2100      	movs	r1, #0
10004bbc:	0020      	movs	r0, r4
10004bbe:	f7ff f9f9 	bl	10003fb4 <__wrap_memset>
10004bc2:	2280      	movs	r2, #128	; 0x80
10004bc4:	0152      	lsls	r2, r2, #5
10004bc6:	2100      	movs	r1, #0
10004bc8:	4807      	ldr	r0, [pc, #28]	; (10004be8 <rp2040_usb_init+0x4c>)
10004bca:	f7ff f9f3 	bl	10003fb4 <__wrap_memset>
10004bce:	2309      	movs	r3, #9
10004bd0:	6763      	str	r3, [r4, #116]	; 0x74
10004bd2:	3303      	adds	r3, #3
10004bd4:	67a3      	str	r3, [r4, #120]	; 0x78
10004bd6:	bd10      	pop	{r4, pc}
10004bd8:	4000e000 	.word	0x4000e000
10004bdc:	4000f000 	.word	0x4000f000
10004be0:	4000c000 	.word	0x4000c000
10004be4:	50110000 	.word	0x50110000
10004be8:	50100000 	.word	0x50100000

10004bec <hw_endpoint_reset_transfer>:
10004bec:	2300      	movs	r3, #0
10004bee:	7503      	strb	r3, [r0, #20]
10004bf0:	7543      	strb	r3, [r0, #21]
10004bf2:	2232      	movs	r2, #50	; 0x32
10004bf4:	5483      	strb	r3, [r0, r2]
10004bf6:	6183      	str	r3, [r0, #24]
10004bf8:	61c3      	str	r3, [r0, #28]
10004bfa:	6203      	str	r3, [r0, #32]
10004bfc:	6283      	str	r3, [r0, #40]	; 0x28
10004bfe:	4770      	bx	lr

10004c00 <_hw_endpoint_buffer_control_update32>:
10004c00:	b510      	push	{r4, lr}
10004c02:	2900      	cmp	r1, #0
10004c04:	d002      	beq.n	10004c0c <_hw_endpoint_buffer_control_update32+0xc>
10004c06:	68c3      	ldr	r3, [r0, #12]
10004c08:	681b      	ldr	r3, [r3, #0]
10004c0a:	4019      	ands	r1, r3
10004c0c:	2a00      	cmp	r2, #0
10004c0e:	d00f      	beq.n	10004c30 <_hw_endpoint_buffer_control_update32+0x30>
10004c10:	4311      	orrs	r1, r2
10004c12:	0553      	lsls	r3, r2, #21
10004c14:	d50c      	bpl.n	10004c30 <_hw_endpoint_buffer_control_update32+0x30>
10004c16:	68c2      	ldr	r2, [r0, #12]
10004c18:	6813      	ldr	r3, [r2, #0]
10004c1a:	055b      	lsls	r3, r3, #21
10004c1c:	d40b      	bmi.n	10004c36 <_hw_endpoint_buffer_control_update32+0x36>
10004c1e:	4b0a      	ldr	r3, [pc, #40]	; (10004c48 <_hw_endpoint_buffer_control_update32+0x48>)
10004c20:	400b      	ands	r3, r1
10004c22:	6013      	str	r3, [r2, #0]
10004c24:	e7ff      	b.n	10004c26 <_hw_endpoint_buffer_control_update32+0x26>
10004c26:	e7ff      	b.n	10004c28 <_hw_endpoint_buffer_control_update32+0x28>
10004c28:	e7ff      	b.n	10004c2a <_hw_endpoint_buffer_control_update32+0x2a>
10004c2a:	e7ff      	b.n	10004c2c <_hw_endpoint_buffer_control_update32+0x2c>
10004c2c:	e7ff      	b.n	10004c2e <_hw_endpoint_buffer_control_update32+0x2e>
10004c2e:	e7ff      	b.n	10004c30 <_hw_endpoint_buffer_control_update32+0x30>
10004c30:	68c3      	ldr	r3, [r0, #12]
10004c32:	6019      	str	r1, [r3, #0]
10004c34:	bd10      	pop	{r4, pc}
10004c36:	7881      	ldrb	r1, [r0, #2]
10004c38:	7843      	ldrb	r3, [r0, #1]
10004c3a:	009b      	lsls	r3, r3, #2
10004c3c:	4a03      	ldr	r2, [pc, #12]	; (10004c4c <_hw_endpoint_buffer_control_update32+0x4c>)
10004c3e:	589a      	ldr	r2, [r3, r2]
10004c40:	4803      	ldr	r0, [pc, #12]	; (10004c50 <_hw_endpoint_buffer_control_update32+0x50>)
10004c42:	f7fc fdd7 	bl	100017f4 <panic>
10004c46:	46c0      	nop			; (mov r8, r8)
10004c48:	fffffbff 	.word	0xfffffbff
10004c4c:	20000388 	.word	0x20000388
10004c50:	10008590 	.word	0x10008590

10004c54 <_hw_endpoint_start_next_buffer>:
10004c54:	b570      	push	{r4, r5, r6, lr}
10004c56:	0004      	movs	r4, r0
10004c58:	6a05      	ldr	r5, [r0, #32]
10004c5a:	2280      	movs	r2, #128	; 0x80
10004c5c:	00d2      	lsls	r2, r2, #3
10004c5e:	432a      	orrs	r2, r5
10004c60:	78c3      	ldrb	r3, [r0, #3]
10004c62:	2b00      	cmp	r3, #0
10004c64:	d014      	beq.n	10004c90 <_hw_endpoint_start_next_buffer+0x3c>
10004c66:	7963      	ldrb	r3, [r4, #5]
10004c68:	2b00      	cmp	r3, #0
10004c6a:	d01e      	beq.n	10004caa <_hw_endpoint_start_next_buffer+0x56>
10004c6c:	2180      	movs	r1, #128	; 0x80
10004c6e:	0189      	lsls	r1, r1, #6
10004c70:	430a      	orrs	r2, r1
10004c72:	2101      	movs	r1, #1
10004c74:	404b      	eors	r3, r1
10004c76:	7163      	strb	r3, [r4, #5]
10004c78:	2324      	movs	r3, #36	; 0x24
10004c7a:	5ce3      	ldrb	r3, [r4, r3]
10004c7c:	2b00      	cmp	r3, #0
10004c7e:	d002      	beq.n	10004c86 <_hw_endpoint_start_next_buffer+0x32>
10004c80:	2380      	movs	r3, #128	; 0x80
10004c82:	01db      	lsls	r3, r3, #7
10004c84:	431a      	orrs	r2, r3
10004c86:	2100      	movs	r1, #0
10004c88:	0020      	movs	r0, r4
10004c8a:	f7ff ffb9 	bl	10004c00 <_hw_endpoint_buffer_control_update32>
10004c8e:	bd70      	pop	{r4, r5, r6, pc}
10004c90:	6a83      	ldr	r3, [r0, #40]	; 0x28
10004c92:	69c2      	ldr	r2, [r0, #28]
10004c94:	4694      	mov	ip, r2
10004c96:	4463      	add	r3, ip
10004c98:	0019      	movs	r1, r3
10004c9a:	002a      	movs	r2, r5
10004c9c:	6900      	ldr	r0, [r0, #16]
10004c9e:	f7ff f98f 	bl	10003fc0 <__wrap___aeabi_memcpy>
10004ca2:	2284      	movs	r2, #132	; 0x84
10004ca4:	0212      	lsls	r2, r2, #8
10004ca6:	432a      	orrs	r2, r5
10004ca8:	e7dd      	b.n	10004c66 <_hw_endpoint_start_next_buffer+0x12>
10004caa:	2100      	movs	r1, #0
10004cac:	e7e0      	b.n	10004c70 <_hw_endpoint_start_next_buffer+0x1c>

10004cae <_hw_endpoint_xfer_start>:
10004cae:	b570      	push	{r4, r5, r6, lr}
10004cb0:	0004      	movs	r4, r0
10004cb2:	000e      	movs	r6, r1
10004cb4:	0015      	movs	r5, r2
10004cb6:	7d43      	ldrb	r3, [r0, #21]
10004cb8:	2b00      	cmp	r3, #0
10004cba:	d118      	bne.n	10004cee <_hw_endpoint_xfer_start+0x40>
10004cbc:	61a5      	str	r5, [r4, #24]
10004cbe:	2300      	movs	r3, #0
10004cc0:	61e3      	str	r3, [r4, #28]
10004cc2:	1c2a      	adds	r2, r5, #0
10004cc4:	b2ab      	uxth	r3, r5
10004cc6:	2b40      	cmp	r3, #64	; 0x40
10004cc8:	d900      	bls.n	10004ccc <_hw_endpoint_xfer_start+0x1e>
10004cca:	2240      	movs	r2, #64	; 0x40
10004ccc:	b292      	uxth	r2, r2
10004cce:	6222      	str	r2, [r4, #32]
10004cd0:	2301      	movs	r3, #1
10004cd2:	7563      	strb	r3, [r4, #21]
10004cd4:	62a6      	str	r6, [r4, #40]	; 0x28
10004cd6:	1aad      	subs	r5, r5, r2
10004cd8:	426a      	negs	r2, r5
10004cda:	4155      	adcs	r5, r2
10004cdc:	3323      	adds	r3, #35	; 0x23
10004cde:	54e5      	strb	r5, [r4, r3]
10004ce0:	3301      	adds	r3, #1
10004ce2:	2200      	movs	r2, #0
10004ce4:	54e2      	strb	r2, [r4, r3]
10004ce6:	0020      	movs	r0, r4
10004ce8:	f7ff ffb4 	bl	10004c54 <_hw_endpoint_start_next_buffer>
10004cec:	bd70      	pop	{r4, r5, r6, pc}
10004cee:	f7ff ff7d 	bl	10004bec <hw_endpoint_reset_transfer>
10004cf2:	e7e3      	b.n	10004cbc <_hw_endpoint_xfer_start+0xe>

10004cf4 <_hw_endpoint_xfer_sync>:
10004cf4:	b570      	push	{r4, r5, r6, lr}
10004cf6:	0004      	movs	r4, r0
10004cf8:	68c3      	ldr	r3, [r0, #12]
10004cfa:	681b      	ldr	r3, [r3, #0]
10004cfc:	059d      	lsls	r5, r3, #22
10004cfe:	0dad      	lsrs	r5, r5, #22
10004d00:	78c2      	ldrb	r2, [r0, #3]
10004d02:	2a00      	cmp	r2, #0
10004d04:	d113      	bne.n	10004d2e <_hw_endpoint_xfer_sync+0x3a>
10004d06:	041b      	lsls	r3, r3, #16
10004d08:	d40b      	bmi.n	10004d22 <_hw_endpoint_xfer_sync+0x2e>
10004d0a:	69c3      	ldr	r3, [r0, #28]
10004d0c:	195b      	adds	r3, r3, r5
10004d0e:	61c3      	str	r3, [r0, #28]
10004d10:	78e3      	ldrb	r3, [r4, #3]
10004d12:	2b00      	cmp	r3, #0
10004d14:	d004      	beq.n	10004d20 <_hw_endpoint_xfer_sync+0x2c>
10004d16:	6a23      	ldr	r3, [r4, #32]
10004d18:	42ab      	cmp	r3, r5
10004d1a:	d901      	bls.n	10004d20 <_hw_endpoint_xfer_sync+0x2c>
10004d1c:	69e3      	ldr	r3, [r4, #28]
10004d1e:	61a3      	str	r3, [r4, #24]
10004d20:	bd70      	pop	{r4, r5, r6, pc}
10004d22:	4b0d      	ldr	r3, [pc, #52]	; (10004d58 <_hw_endpoint_xfer_sync+0x64>)
10004d24:	4a0d      	ldr	r2, [pc, #52]	; (10004d5c <_hw_endpoint_xfer_sync+0x68>)
10004d26:	21bf      	movs	r1, #191	; 0xbf
10004d28:	480d      	ldr	r0, [pc, #52]	; (10004d60 <_hw_endpoint_xfer_sync+0x6c>)
10004d2a:	f7fc fd45 	bl	100017b8 <__assert_func>
10004d2e:	041b      	lsls	r3, r3, #16
10004d30:	d50c      	bpl.n	10004d4c <_hw_endpoint_xfer_sync+0x58>
10004d32:	6a83      	ldr	r3, [r0, #40]	; 0x28
10004d34:	69c2      	ldr	r2, [r0, #28]
10004d36:	4694      	mov	ip, r2
10004d38:	4463      	add	r3, ip
10004d3a:	0018      	movs	r0, r3
10004d3c:	002a      	movs	r2, r5
10004d3e:	6921      	ldr	r1, [r4, #16]
10004d40:	f7ff f93e 	bl	10003fc0 <__wrap___aeabi_memcpy>
10004d44:	69e3      	ldr	r3, [r4, #28]
10004d46:	195b      	adds	r3, r3, r5
10004d48:	61e3      	str	r3, [r4, #28]
10004d4a:	e7e1      	b.n	10004d10 <_hw_endpoint_xfer_sync+0x1c>
10004d4c:	4b05      	ldr	r3, [pc, #20]	; (10004d64 <_hw_endpoint_xfer_sync+0x70>)
10004d4e:	4a03      	ldr	r2, [pc, #12]	; (10004d5c <_hw_endpoint_xfer_sync+0x68>)
10004d50:	21c9      	movs	r1, #201	; 0xc9
10004d52:	4803      	ldr	r0, [pc, #12]	; (10004d60 <_hw_endpoint_xfer_sync+0x6c>)
10004d54:	f7fc fd30 	bl	100017b8 <__assert_func>
10004d58:	100085b0 	.word	0x100085b0
10004d5c:	1000869c 	.word	0x1000869c
10004d60:	100085d0 	.word	0x100085d0
10004d64:	1000861c 	.word	0x1000861c

10004d68 <_hw_endpoint_xfer_continue>:
10004d68:	b570      	push	{r4, r5, r6, lr}
10004d6a:	0004      	movs	r4, r0
10004d6c:	7d45      	ldrb	r5, [r0, #21]
10004d6e:	2d00      	cmp	r5, #0
10004d70:	d017      	beq.n	10004da2 <_hw_endpoint_xfer_continue+0x3a>
10004d72:	f7ff ffbf 	bl	10004cf4 <_hw_endpoint_xfer_sync>
10004d76:	69a1      	ldr	r1, [r4, #24]
10004d78:	69e2      	ldr	r2, [r4, #28]
10004d7a:	1a8b      	subs	r3, r1, r2
10004d7c:	2b40      	cmp	r3, #64	; 0x40
10004d7e:	d900      	bls.n	10004d82 <_hw_endpoint_xfer_continue+0x1a>
10004d80:	2340      	movs	r3, #64	; 0x40
10004d82:	6223      	str	r3, [r4, #32]
10004d84:	18d3      	adds	r3, r2, r3
10004d86:	1acb      	subs	r3, r1, r3
10004d88:	4258      	negs	r0, r3
10004d8a:	4143      	adcs	r3, r0
10004d8c:	2024      	movs	r0, #36	; 0x24
10004d8e:	5423      	strb	r3, [r4, r0]
10004d90:	4291      	cmp	r1, r2
10004d92:	d30b      	bcc.n	10004dac <_hw_endpoint_xfer_continue+0x44>
10004d94:	d003      	beq.n	10004d9e <_hw_endpoint_xfer_continue+0x36>
10004d96:	0020      	movs	r0, r4
10004d98:	f7ff ff5c 	bl	10004c54 <_hw_endpoint_start_next_buffer>
10004d9c:	2500      	movs	r5, #0
10004d9e:	0028      	movs	r0, r5
10004da0:	bd70      	pop	{r4, r5, r6, pc}
10004da2:	7881      	ldrb	r1, [r0, #2]
10004da4:	4a03      	ldr	r2, [pc, #12]	; (10004db4 <_hw_endpoint_xfer_continue+0x4c>)
10004da6:	4804      	ldr	r0, [pc, #16]	; (10004db8 <_hw_endpoint_xfer_continue+0x50>)
10004da8:	f7fc fd24 	bl	100017f4 <panic>
10004dac:	4803      	ldr	r0, [pc, #12]	; (10004dbc <_hw_endpoint_xfer_continue+0x54>)
10004dae:	f7fc fd21 	bl	100017f4 <panic>
10004db2:	46c0      	nop			; (mov r8, r8)
10004db4:	20000388 	.word	0x20000388
10004db8:	1000863c 	.word	0x1000863c
10004dbc:	10008668 	.word	0x10008668

10004dc0 <_hw_endpoint_xfer>:
10004dc0:	b510      	push	{r4, lr}
10004dc2:	7804      	ldrb	r4, [r0, #0]
10004dc4:	2c00      	cmp	r4, #0
10004dc6:	d004      	beq.n	10004dd2 <_hw_endpoint_xfer+0x12>
10004dc8:	2b00      	cmp	r3, #0
10004dca:	d009      	beq.n	10004de0 <_hw_endpoint_xfer+0x20>
10004dcc:	f7ff ff6f 	bl	10004cae <_hw_endpoint_xfer_start>
10004dd0:	bd10      	pop	{r4, pc}
10004dd2:	210c      	movs	r1, #12
10004dd4:	4b04      	ldr	r3, [pc, #16]	; (10004de8 <_hw_endpoint_xfer+0x28>)
10004dd6:	4a05      	ldr	r2, [pc, #20]	; (10004dec <_hw_endpoint_xfer+0x2c>)
10004dd8:	31ff      	adds	r1, #255	; 0xff
10004dda:	4805      	ldr	r0, [pc, #20]	; (10004df0 <_hw_endpoint_xfer+0x30>)
10004ddc:	f7fc fcec 	bl	100017b8 <__assert_func>
10004de0:	f7ff ffc2 	bl	10004d68 <_hw_endpoint_xfer_continue>
10004de4:	e7f4      	b.n	10004dd0 <_hw_endpoint_xfer+0x10>
10004de6:	46c0      	nop			; (mov r8, r8)
10004de8:	1000868c 	.word	0x1000868c
10004dec:	100086b4 	.word	0x100086b4
10004df0:	100085d0 	.word	0x100085d0

10004df4 <mark_interface_endpoint>:
10004df4:	b570      	push	{r4, r5, r6, lr}
10004df6:	2500      	movs	r5, #0
10004df8:	e003      	b.n	10004e02 <mark_interface_endpoint+0xe>
10004dfa:	780e      	ldrb	r6, [r1, #0]
10004dfc:	1975      	adds	r5, r6, r5
10004dfe:	b2ad      	uxth	r5, r5
10004e00:	1989      	adds	r1, r1, r6
10004e02:	4295      	cmp	r5, r2
10004e04:	d20a      	bcs.n	10004e1c <mark_interface_endpoint+0x28>
10004e06:	784c      	ldrb	r4, [r1, #1]
10004e08:	2c05      	cmp	r4, #5
10004e0a:	d1f6      	bne.n	10004dfa <mark_interface_endpoint+0x6>
10004e0c:	788e      	ldrb	r6, [r1, #2]
10004e0e:	347a      	adds	r4, #122	; 0x7a
10004e10:	4034      	ands	r4, r6
10004e12:	0064      	lsls	r4, r4, #1
10004e14:	1904      	adds	r4, r0, r4
10004e16:	09f6      	lsrs	r6, r6, #7
10004e18:	55a3      	strb	r3, [r4, r6]
10004e1a:	e7ee      	b.n	10004dfa <mark_interface_endpoint+0x6>
10004e1c:	bd70      	pop	{r4, r5, r6, pc}
	...

10004e20 <usbd_reset>:
10004e20:	b570      	push	{r4, r5, r6, lr}
10004e22:	0005      	movs	r5, r0
10004e24:	4c1b      	ldr	r4, [pc, #108]	; (10004e94 <usbd_reset+0x74>)
10004e26:	2237      	movs	r2, #55	; 0x37
10004e28:	2100      	movs	r1, #0
10004e2a:	0020      	movs	r0, r4
10004e2c:	f7ff f8c2 	bl	10003fb4 <__wrap_memset>
10004e30:	1ce0      	adds	r0, r4, #3
10004e32:	2210      	movs	r2, #16
10004e34:	21ff      	movs	r1, #255	; 0xff
10004e36:	f7ff f8bd 	bl	10003fb4 <__wrap_memset>
10004e3a:	0020      	movs	r0, r4
10004e3c:	3013      	adds	r0, #19
10004e3e:	2212      	movs	r2, #18
10004e40:	21ff      	movs	r1, #255	; 0xff
10004e42:	f7ff f8b7 	bl	10003fb4 <__wrap_memset>
10004e46:	f000 ffd3 	bl	10005df0 <usbd_control_reset>
10004e4a:	2400      	movs	r4, #0
10004e4c:	e00e      	b.n	10004e6c <usbd_reset+0x4c>
10004e4e:	00e2      	lsls	r2, r4, #3
10004e50:	1b12      	subs	r2, r2, r4
10004e52:	0092      	lsls	r2, r2, #2
10004e54:	4b10      	ldr	r3, [pc, #64]	; (10004e98 <usbd_reset+0x78>)
10004e56:	681b      	ldr	r3, [r3, #0]
10004e58:	189b      	adds	r3, r3, r2
10004e5a:	e002      	b.n	10004e62 <usbd_reset+0x42>
10004e5c:	0023      	movs	r3, r4
10004e5e:	e010      	b.n	10004e82 <usbd_reset+0x62>
10004e60:	2300      	movs	r3, #0
10004e62:	685b      	ldr	r3, [r3, #4]
10004e64:	0028      	movs	r0, r5
10004e66:	4798      	blx	r3
10004e68:	3401      	adds	r4, #1
10004e6a:	b2e4      	uxtb	r4, r4
10004e6c:	4b0b      	ldr	r3, [pc, #44]	; (10004e9c <usbd_reset+0x7c>)
10004e6e:	781b      	ldrb	r3, [r3, #0]
10004e70:	42a3      	cmp	r3, r4
10004e72:	d30e      	bcc.n	10004e92 <usbd_reset+0x72>
10004e74:	4a0a      	ldr	r2, [pc, #40]	; (10004ea0 <usbd_reset+0x80>)
10004e76:	2a00      	cmp	r2, #0
10004e78:	d0f0      	beq.n	10004e5c <usbd_reset+0x3c>
10004e7a:	42a3      	cmp	r3, r4
10004e7c:	d8e7      	bhi.n	10004e4e <usbd_reset+0x2e>
10004e7e:	1ae3      	subs	r3, r4, r3
10004e80:	b2db      	uxtb	r3, r3
10004e82:	2b00      	cmp	r3, #0
10004e84:	d1ec      	bne.n	10004e60 <usbd_reset+0x40>
10004e86:	00da      	lsls	r2, r3, #3
10004e88:	1ad2      	subs	r2, r2, r3
10004e8a:	0092      	lsls	r2, r2, #2
10004e8c:	4b05      	ldr	r3, [pc, #20]	; (10004ea4 <usbd_reset+0x84>)
10004e8e:	189b      	adds	r3, r3, r2
10004e90:	e7e7      	b.n	10004e62 <usbd_reset+0x42>
10004e92:	bd70      	pop	{r4, r5, r6, pc}
10004e94:	20001278 	.word	0x20001278
10004e98:	20000c78 	.word	0x20000c78
10004e9c:	200019d8 	.word	0x200019d8
10004ea0:	00000000 	.word	0x00000000
10004ea4:	10008848 	.word	0x10008848

10004ea8 <invoke_class_control>:
10004ea8:	b570      	push	{r4, r5, r6, lr}
10004eaa:	0005      	movs	r5, r0
10004eac:	000c      	movs	r4, r1
10004eae:	0016      	movs	r6, r2
10004eb0:	6908      	ldr	r0, [r1, #16]
10004eb2:	f000 ffa7 	bl	10005e04 <usbd_control_set_complete_callback>
10004eb6:	68e3      	ldr	r3, [r4, #12]
10004eb8:	0031      	movs	r1, r6
10004eba:	0028      	movs	r0, r5
10004ebc:	4798      	blx	r3
10004ebe:	bd70      	pop	{r4, r5, r6, pc}

10004ec0 <process_set_config>:
10004ec0:	b5f0      	push	{r4, r5, r6, r7, lr}
10004ec2:	46d6      	mov	lr, sl
10004ec4:	464f      	mov	r7, r9
10004ec6:	4646      	mov	r6, r8
10004ec8:	b5c0      	push	{r6, r7, lr}
10004eca:	4682      	mov	sl, r0
10004ecc:	3901      	subs	r1, #1
10004ece:	b2c8      	uxtb	r0, r1
10004ed0:	f7ff fb50 	bl	10004574 <tud_descriptor_configuration_cb>
10004ed4:	2800      	cmp	r0, #0
10004ed6:	d002      	beq.n	10004ede <process_set_config+0x1e>
10004ed8:	7843      	ldrb	r3, [r0, #1]
10004eda:	2b02      	cmp	r3, #2
10004edc:	d00a      	beq.n	10004ef4 <process_set_config+0x34>
10004ede:	4a5f      	ldr	r2, [pc, #380]	; (1000505c <process_set_config+0x19c>)
10004ee0:	495f      	ldr	r1, [pc, #380]	; (10005060 <process_set_config+0x1a0>)
10004ee2:	4860      	ldr	r0, [pc, #384]	; (10005064 <process_set_config+0x1a4>)
10004ee4:	f7ff f9a0 	bl	10004228 <__wrap_printf>
10004ee8:	2000      	movs	r0, #0
10004eea:	bc1c      	pop	{r2, r3, r4}
10004eec:	4690      	mov	r8, r2
10004eee:	4699      	mov	r9, r3
10004ef0:	46a2      	mov	sl, r4
10004ef2:	bdf0      	pop	{r4, r5, r6, r7, pc}
10004ef4:	79c5      	ldrb	r5, [r0, #7]
10004ef6:	116b      	asrs	r3, r5, #5
10004ef8:	2201      	movs	r2, #1
10004efa:	4c5b      	ldr	r4, [pc, #364]	; (10005068 <process_set_config+0x1a8>)
10004efc:	4013      	ands	r3, r2
10004efe:	0119      	lsls	r1, r3, #4
10004f00:	7823      	ldrb	r3, [r4, #0]
10004f02:	2610      	movs	r6, #16
10004f04:	43b3      	bics	r3, r6
10004f06:	11ad      	asrs	r5, r5, #6
10004f08:	402a      	ands	r2, r5
10004f0a:	0152      	lsls	r2, r2, #5
10004f0c:	430b      	orrs	r3, r1
10004f0e:	2120      	movs	r1, #32
10004f10:	438b      	bics	r3, r1
10004f12:	4313      	orrs	r3, r2
10004f14:	7023      	strb	r3, [r4, #0]
10004f16:	0005      	movs	r5, r0
10004f18:	3509      	adds	r5, #9
10004f1a:	7882      	ldrb	r2, [r0, #2]
10004f1c:	78c3      	ldrb	r3, [r0, #3]
10004f1e:	021b      	lsls	r3, r3, #8
10004f20:	4313      	orrs	r3, r2
10004f22:	4681      	mov	r9, r0
10004f24:	4499      	add	r9, r3
10004f26:	e078      	b.n	1000501a <process_set_config+0x15a>
10004f28:	782b      	ldrb	r3, [r5, #0]
10004f2a:	46a8      	mov	r8, r5
10004f2c:	18ed      	adds	r5, r5, r3
10004f2e:	e07b      	b.n	10005028 <process_set_config+0x168>
10004f30:	22ca      	movs	r2, #202	; 0xca
10004f32:	0092      	lsls	r2, r2, #2
10004f34:	494a      	ldr	r1, [pc, #296]	; (10005060 <process_set_config+0x1a0>)
10004f36:	484b      	ldr	r0, [pc, #300]	; (10005064 <process_set_config+0x1a4>)
10004f38:	f7ff f976 	bl	10004228 <__wrap_printf>
10004f3c:	2000      	movs	r0, #0
10004f3e:	e7d4      	b.n	10004eea <process_set_config+0x2a>
10004f40:	00e2      	lsls	r2, r4, #3
10004f42:	1b12      	subs	r2, r2, r4
10004f44:	0092      	lsls	r2, r2, #2
10004f46:	4b49      	ldr	r3, [pc, #292]	; (1000506c <process_set_config+0x1ac>)
10004f48:	681b      	ldr	r3, [r3, #0]
10004f4a:	189b      	adds	r3, r3, r2
10004f4c:	e002      	b.n	10004f54 <process_set_config+0x94>
10004f4e:	0023      	movs	r3, r4
10004f50:	e014      	b.n	10004f7c <process_set_config+0xbc>
10004f52:	2300      	movs	r3, #0
10004f54:	689b      	ldr	r3, [r3, #8]
10004f56:	0032      	movs	r2, r6
10004f58:	0029      	movs	r1, r5
10004f5a:	4650      	mov	r0, sl
10004f5c:	4798      	blx	r3
10004f5e:	1e07      	subs	r7, r0, #0
10004f60:	d114      	bne.n	10004f8c <process_set_config+0xcc>
10004f62:	3401      	adds	r4, #1
10004f64:	b2e4      	uxtb	r4, r4
10004f66:	4b42      	ldr	r3, [pc, #264]	; (10005070 <process_set_config+0x1b0>)
10004f68:	781b      	ldrb	r3, [r3, #0]
10004f6a:	42a3      	cmp	r3, r4
10004f6c:	d351      	bcc.n	10005012 <process_set_config+0x152>
10004f6e:	4a41      	ldr	r2, [pc, #260]	; (10005074 <process_set_config+0x1b4>)
10004f70:	2a00      	cmp	r2, #0
10004f72:	d0ec      	beq.n	10004f4e <process_set_config+0x8e>
10004f74:	42a3      	cmp	r3, r4
10004f76:	d8e3      	bhi.n	10004f40 <process_set_config+0x80>
10004f78:	1ae3      	subs	r3, r4, r3
10004f7a:	b2db      	uxtb	r3, r3
10004f7c:	2b00      	cmp	r3, #0
10004f7e:	d1e8      	bne.n	10004f52 <process_set_config+0x92>
10004f80:	00da      	lsls	r2, r3, #3
10004f82:	1ad2      	subs	r2, r2, r3
10004f84:	0092      	lsls	r2, r2, #2
10004f86:	4b3c      	ldr	r3, [pc, #240]	; (10005078 <process_set_config+0x1b8>)
10004f88:	189b      	adds	r3, r3, r2
10004f8a:	e7e3      	b.n	10004f54 <process_set_config+0x94>
10004f8c:	2808      	cmp	r0, #8
10004f8e:	d918      	bls.n	10004fc2 <process_set_config+0x102>
10004f90:	4286      	cmp	r6, r0
10004f92:	d316      	bcc.n	10004fc2 <process_set_config+0x102>
10004f94:	78aa      	ldrb	r2, [r5, #2]
10004f96:	4b34      	ldr	r3, [pc, #208]	; (10005068 <process_set_config+0x1a8>)
10004f98:	189b      	adds	r3, r3, r2
10004f9a:	78db      	ldrb	r3, [r3, #3]
10004f9c:	2bff      	cmp	r3, #255	; 0xff
10004f9e:	d117      	bne.n	10004fd0 <process_set_config+0x110>
10004fa0:	4b31      	ldr	r3, [pc, #196]	; (10005068 <process_set_config+0x1a8>)
10004fa2:	189b      	adds	r3, r3, r2
10004fa4:	70dc      	strb	r4, [r3, #3]
10004fa6:	4643      	mov	r3, r8
10004fa8:	2b00      	cmp	r3, #0
10004faa:	d02a      	beq.n	10005002 <process_set_config+0x142>
10004fac:	789a      	ldrb	r2, [r3, #2]
10004fae:	78ab      	ldrb	r3, [r5, #2]
10004fb0:	429a      	cmp	r2, r3
10004fb2:	d114      	bne.n	10004fde <process_set_config+0x11e>
10004fb4:	4643      	mov	r3, r8
10004fb6:	791a      	ldrb	r2, [r3, #4]
10004fb8:	796b      	ldrb	r3, [r5, #5]
10004fba:	429a      	cmp	r2, r3
10004fbc:	d10f      	bne.n	10004fde <process_set_config+0x11e>
10004fbe:	2301      	movs	r3, #1
10004fc0:	e01b      	b.n	10004ffa <process_set_config+0x13a>
10004fc2:	4a2e      	ldr	r2, [pc, #184]	; (1000507c <process_set_config+0x1bc>)
10004fc4:	4926      	ldr	r1, [pc, #152]	; (10005060 <process_set_config+0x1a0>)
10004fc6:	4827      	ldr	r0, [pc, #156]	; (10005064 <process_set_config+0x1a4>)
10004fc8:	f7ff f92e 	bl	10004228 <__wrap_printf>
10004fcc:	2000      	movs	r0, #0
10004fce:	e78c      	b.n	10004eea <process_set_config+0x2a>
10004fd0:	4a2b      	ldr	r2, [pc, #172]	; (10005080 <process_set_config+0x1c0>)
10004fd2:	4923      	ldr	r1, [pc, #140]	; (10005060 <process_set_config+0x1a0>)
10004fd4:	4823      	ldr	r0, [pc, #140]	; (10005064 <process_set_config+0x1a4>)
10004fd6:	f7ff f927 	bl	10004228 <__wrap_printf>
10004fda:	2000      	movs	r0, #0
10004fdc:	e785      	b.n	10004eea <process_set_config+0x2a>
10004fde:	4a29      	ldr	r2, [pc, #164]	; (10005084 <process_set_config+0x1c4>)
10004fe0:	491f      	ldr	r1, [pc, #124]	; (10005060 <process_set_config+0x1a0>)
10004fe2:	4820      	ldr	r0, [pc, #128]	; (10005064 <process_set_config+0x1a4>)
10004fe4:	f7ff f920 	bl	10004228 <__wrap_printf>
10004fe8:	2000      	movs	r0, #0
10004fea:	e77e      	b.n	10004eea <process_set_config+0x2a>
10004fec:	78a9      	ldrb	r1, [r5, #2]
10004fee:	1859      	adds	r1, r3, r1
10004ff0:	4a1d      	ldr	r2, [pc, #116]	; (10005068 <process_set_config+0x1a8>)
10004ff2:	1852      	adds	r2, r2, r1
10004ff4:	70d4      	strb	r4, [r2, #3]
10004ff6:	3301      	adds	r3, #1
10004ff8:	b2db      	uxtb	r3, r3
10004ffa:	4642      	mov	r2, r8
10004ffc:	78d2      	ldrb	r2, [r2, #3]
10004ffe:	429a      	cmp	r2, r3
10005000:	d8f4      	bhi.n	10004fec <process_set_config+0x12c>
10005002:	4819      	ldr	r0, [pc, #100]	; (10005068 <process_set_config+0x1a8>)
10005004:	0023      	movs	r3, r4
10005006:	003a      	movs	r2, r7
10005008:	0029      	movs	r1, r5
1000500a:	3013      	adds	r0, #19
1000500c:	f7ff fef2 	bl	10004df4 <mark_interface_endpoint>
10005010:	19ed      	adds	r5, r5, r7
10005012:	4b17      	ldr	r3, [pc, #92]	; (10005070 <process_set_config+0x1b0>)
10005014:	781b      	ldrb	r3, [r3, #0]
10005016:	42a3      	cmp	r3, r4
10005018:	d30f      	bcc.n	1000503a <process_set_config+0x17a>
1000501a:	454d      	cmp	r5, r9
1000501c:	d215      	bcs.n	1000504a <process_set_config+0x18a>
1000501e:	786b      	ldrb	r3, [r5, #1]
10005020:	2b0b      	cmp	r3, #11
10005022:	d081      	beq.n	10004f28 <process_set_config+0x68>
10005024:	2300      	movs	r3, #0
10005026:	4698      	mov	r8, r3
10005028:	786b      	ldrb	r3, [r5, #1]
1000502a:	2b04      	cmp	r3, #4
1000502c:	d000      	beq.n	10005030 <process_set_config+0x170>
1000502e:	e77f      	b.n	10004f30 <process_set_config+0x70>
10005030:	464b      	mov	r3, r9
10005032:	1b5e      	subs	r6, r3, r5
10005034:	b2b6      	uxth	r6, r6
10005036:	2400      	movs	r4, #0
10005038:	e795      	b.n	10004f66 <process_set_config+0xa6>
1000503a:	22d5      	movs	r2, #213	; 0xd5
1000503c:	0092      	lsls	r2, r2, #2
1000503e:	4908      	ldr	r1, [pc, #32]	; (10005060 <process_set_config+0x1a0>)
10005040:	4808      	ldr	r0, [pc, #32]	; (10005064 <process_set_config+0x1a4>)
10005042:	f7ff f8f1 	bl	10004228 <__wrap_printf>
10005046:	2000      	movs	r0, #0
10005048:	e74f      	b.n	10004eea <process_set_config+0x2a>
1000504a:	4b0f      	ldr	r3, [pc, #60]	; (10005088 <process_set_config+0x1c8>)
1000504c:	2b00      	cmp	r3, #0
1000504e:	d003      	beq.n	10005058 <process_set_config+0x198>
10005050:	e000      	b.n	10005054 <process_set_config+0x194>
10005052:	bf00      	nop
10005054:	2001      	movs	r0, #1
10005056:	e748      	b.n	10004eea <process_set_config+0x2a>
10005058:	2001      	movs	r0, #1
1000505a:	e746      	b.n	10004eea <process_set_config+0x2a>
1000505c:	00000313 	.word	0x00000313
10005060:	100087f8 	.word	0x100087f8
10005064:	100086c8 	.word	0x100086c8
10005068:	20001278 	.word	0x20001278
1000506c:	20000c78 	.word	0x20000c78
10005070:	200019d8 	.word	0x200019d8
10005074:	00000000 	.word	0x00000000
10005078:	10008848 	.word	0x10008848
1000507c:	00000336 	.word	0x00000336
10005080:	00000339 	.word	0x00000339
10005084:	00000342 	.word	0x00000342
10005088:	00000000 	.word	0x00000000

1000508c <process_get_descriptor>:
1000508c:	b5f0      	push	{r4, r5, r6, r7, lr}
1000508e:	b083      	sub	sp, #12
10005090:	0005      	movs	r5, r0
10005092:	000c      	movs	r4, r1
10005094:	78cb      	ldrb	r3, [r1, #3]
10005096:	7888      	ldrb	r0, [r1, #2]
10005098:	2b0f      	cmp	r3, #15
1000509a:	d85e      	bhi.n	1000515a <process_get_descriptor+0xce>
1000509c:	009b      	lsls	r3, r3, #2
1000509e:	4a32      	ldr	r2, [pc, #200]	; (10005168 <process_get_descriptor+0xdc>)
100050a0:	58d3      	ldr	r3, [r2, r3]
100050a2:	469f      	mov	pc, r3
100050a4:	f7ff fa62 	bl	1000456c <tud_descriptor_device_cb>
100050a8:	0002      	movs	r2, r0
100050aa:	2312      	movs	r3, #18
100050ac:	0021      	movs	r1, r4
100050ae:	0028      	movs	r0, r5
100050b0:	f000 fe4a 	bl	10005d48 <tud_control_xfer>
100050b4:	e052      	b.n	1000515c <process_get_descriptor+0xd0>
100050b6:	4b2d      	ldr	r3, [pc, #180]	; (1000516c <process_get_descriptor+0xe0>)
100050b8:	2b00      	cmp	r3, #0
100050ba:	d010      	beq.n	100050de <process_get_descriptor+0x52>
100050bc:	e000      	b.n	100050c0 <process_get_descriptor+0x34>
100050be:	bf00      	nop
100050c0:	0006      	movs	r6, r0
100050c2:	466b      	mov	r3, sp
100050c4:	1d9f      	adds	r7, r3, #6
100050c6:	1c81      	adds	r1, r0, #2
100050c8:	2202      	movs	r2, #2
100050ca:	0038      	movs	r0, r7
100050cc:	f7fe ff78 	bl	10003fc0 <__wrap___aeabi_memcpy>
100050d0:	883b      	ldrh	r3, [r7, #0]
100050d2:	0032      	movs	r2, r6
100050d4:	0021      	movs	r1, r4
100050d6:	0028      	movs	r0, r5
100050d8:	f000 fe36 	bl	10005d48 <tud_control_xfer>
100050dc:	e03e      	b.n	1000515c <process_get_descriptor+0xd0>
100050de:	2000      	movs	r0, #0
100050e0:	e03c      	b.n	1000515c <process_get_descriptor+0xd0>
100050e2:	f7ff fa47 	bl	10004574 <tud_descriptor_configuration_cb>
100050e6:	1e06      	subs	r6, r0, #0
100050e8:	d00d      	beq.n	10005106 <process_get_descriptor+0x7a>
100050ea:	466b      	mov	r3, sp
100050ec:	1d9f      	adds	r7, r3, #6
100050ee:	1c81      	adds	r1, r0, #2
100050f0:	2202      	movs	r2, #2
100050f2:	0038      	movs	r0, r7
100050f4:	f7fe ff64 	bl	10003fc0 <__wrap___aeabi_memcpy>
100050f8:	883b      	ldrh	r3, [r7, #0]
100050fa:	0032      	movs	r2, r6
100050fc:	0021      	movs	r1, r4
100050fe:	0028      	movs	r0, r5
10005100:	f000 fe22 	bl	10005d48 <tud_control_xfer>
10005104:	e02a      	b.n	1000515c <process_get_descriptor+0xd0>
10005106:	4a1a      	ldr	r2, [pc, #104]	; (10005170 <process_get_descriptor+0xe4>)
10005108:	491a      	ldr	r1, [pc, #104]	; (10005174 <process_get_descriptor+0xe8>)
1000510a:	481b      	ldr	r0, [pc, #108]	; (10005178 <process_get_descriptor+0xec>)
1000510c:	f7ff f88c 	bl	10004228 <__wrap_printf>
10005110:	2000      	movs	r0, #0
10005112:	e023      	b.n	1000515c <process_get_descriptor+0xd0>
10005114:	790b      	ldrb	r3, [r1, #4]
10005116:	7949      	ldrb	r1, [r1, #5]
10005118:	0209      	lsls	r1, r1, #8
1000511a:	4319      	orrs	r1, r3
1000511c:	f7ff fa2e 	bl	1000457c <tud_descriptor_string_cb>
10005120:	1e02      	subs	r2, r0, #0
10005122:	d01d      	beq.n	10005160 <process_get_descriptor+0xd4>
10005124:	7803      	ldrb	r3, [r0, #0]
10005126:	0021      	movs	r1, r4
10005128:	0028      	movs	r0, r5
1000512a:	f000 fe0d 	bl	10005d48 <tud_control_xfer>
1000512e:	e015      	b.n	1000515c <process_get_descriptor+0xd0>
10005130:	4b12      	ldr	r3, [pc, #72]	; (1000517c <process_get_descriptor+0xf0>)
10005132:	2b00      	cmp	r3, #0
10005134:	d016      	beq.n	10005164 <process_get_descriptor+0xd8>
10005136:	e000      	b.n	1000513a <process_get_descriptor+0xae>
10005138:	bf00      	nop
1000513a:	1e02      	subs	r2, r0, #0
1000513c:	d005      	beq.n	1000514a <process_get_descriptor+0xbe>
1000513e:	7803      	ldrb	r3, [r0, #0]
10005140:	0021      	movs	r1, r4
10005142:	0028      	movs	r0, r5
10005144:	f000 fe00 	bl	10005d48 <tud_control_xfer>
10005148:	e008      	b.n	1000515c <process_get_descriptor+0xd0>
1000514a:	32f0      	adds	r2, #240	; 0xf0
1000514c:	0092      	lsls	r2, r2, #2
1000514e:	4909      	ldr	r1, [pc, #36]	; (10005174 <process_get_descriptor+0xe8>)
10005150:	4809      	ldr	r0, [pc, #36]	; (10005178 <process_get_descriptor+0xec>)
10005152:	f7ff f869 	bl	10004228 <__wrap_printf>
10005156:	2000      	movs	r0, #0
10005158:	e000      	b.n	1000515c <process_get_descriptor+0xd0>
1000515a:	2000      	movs	r0, #0
1000515c:	b003      	add	sp, #12
1000515e:	bdf0      	pop	{r4, r5, r6, r7, pc}
10005160:	2000      	movs	r0, #0
10005162:	e7fb      	b.n	1000515c <process_get_descriptor+0xd0>
10005164:	2000      	movs	r0, #0
10005166:	e7f9      	b.n	1000515c <process_get_descriptor+0xd0>
10005168:	100086e0 	.word	0x100086e0
1000516c:	00000000 	.word	0x00000000
10005170:	000003a2 	.word	0x000003a2
10005174:	1000880c 	.word	0x1000880c
10005178:	100086c8 	.word	0x100086c8
1000517c:	00000000 	.word	0x00000000

10005180 <tud_mounted>:
10005180:	4b02      	ldr	r3, [pc, #8]	; (1000518c <tud_mounted+0xc>)
10005182:	7858      	ldrb	r0, [r3, #1]
10005184:	1e43      	subs	r3, r0, #1
10005186:	4198      	sbcs	r0, r3
10005188:	b2c0      	uxtb	r0, r0
1000518a:	4770      	bx	lr
1000518c:	20001278 	.word	0x20001278

10005190 <tud_suspended>:
10005190:	4b02      	ldr	r3, [pc, #8]	; (1000519c <tud_suspended+0xc>)
10005192:	7818      	ldrb	r0, [r3, #0]
10005194:	0740      	lsls	r0, r0, #29
10005196:	0fc0      	lsrs	r0, r0, #31
10005198:	4770      	bx	lr
1000519a:	46c0      	nop			; (mov r8, r8)
1000519c:	20001278 	.word	0x20001278

100051a0 <tud_init>:
100051a0:	b510      	push	{r4, lr}
100051a2:	2237      	movs	r2, #55	; 0x37
100051a4:	2100      	movs	r1, #0
100051a6:	4823      	ldr	r0, [pc, #140]	; (10005234 <tud_init+0x94>)
100051a8:	f7fe ff04 	bl	10003fb4 <__wrap_memset>
100051ac:	4c22      	ldr	r4, [pc, #136]	; (10005238 <tud_init+0x98>)
100051ae:	0020      	movs	r0, r4
100051b0:	f7fc f83c 	bl	1000122c <mutex_init>
100051b4:	4b21      	ldr	r3, [pc, #132]	; (1000523c <tud_init+0x9c>)
100051b6:	601c      	str	r4, [r3, #0]
100051b8:	4c21      	ldr	r4, [pc, #132]	; (10005240 <tud_init+0xa0>)
100051ba:	0020      	movs	r0, r4
100051bc:	3018      	adds	r0, #24
100051be:	f7fc f848 	bl	10001252 <critical_section_init>
100051c2:	0020      	movs	r0, r4
100051c4:	f001 fbd3 	bl	1000696e <tu_fifo_clear>
100051c8:	4b1e      	ldr	r3, [pc, #120]	; (10005244 <tud_init+0xa4>)
100051ca:	601c      	str	r4, [r3, #0]
100051cc:	4b1e      	ldr	r3, [pc, #120]	; (10005248 <tud_init+0xa8>)
100051ce:	2b00      	cmp	r3, #0
100051d0:	d004      	beq.n	100051dc <tud_init+0x3c>
100051d2:	481e      	ldr	r0, [pc, #120]	; (1000524c <tud_init+0xac>)
100051d4:	e000      	b.n	100051d8 <tud_init+0x38>
100051d6:	bf00      	nop
100051d8:	4b1d      	ldr	r3, [pc, #116]	; (10005250 <tud_init+0xb0>)
100051da:	6018      	str	r0, [r3, #0]
100051dc:	2400      	movs	r4, #0
100051de:	e00d      	b.n	100051fc <tud_init+0x5c>
100051e0:	00e2      	lsls	r2, r4, #3
100051e2:	1b12      	subs	r2, r2, r4
100051e4:	0092      	lsls	r2, r2, #2
100051e6:	4b1a      	ldr	r3, [pc, #104]	; (10005250 <tud_init+0xb0>)
100051e8:	681b      	ldr	r3, [r3, #0]
100051ea:	189b      	adds	r3, r3, r2
100051ec:	e002      	b.n	100051f4 <tud_init+0x54>
100051ee:	0023      	movs	r3, r4
100051f0:	e00f      	b.n	10005212 <tud_init+0x72>
100051f2:	2300      	movs	r3, #0
100051f4:	681b      	ldr	r3, [r3, #0]
100051f6:	4798      	blx	r3
100051f8:	3401      	adds	r4, #1
100051fa:	b2e4      	uxtb	r4, r4
100051fc:	4b13      	ldr	r3, [pc, #76]	; (1000524c <tud_init+0xac>)
100051fe:	781b      	ldrb	r3, [r3, #0]
10005200:	42a3      	cmp	r3, r4
10005202:	d30e      	bcc.n	10005222 <tud_init+0x82>
10005204:	4a10      	ldr	r2, [pc, #64]	; (10005248 <tud_init+0xa8>)
10005206:	2a00      	cmp	r2, #0
10005208:	d0f1      	beq.n	100051ee <tud_init+0x4e>
1000520a:	42a3      	cmp	r3, r4
1000520c:	d8e8      	bhi.n	100051e0 <tud_init+0x40>
1000520e:	1ae3      	subs	r3, r4, r3
10005210:	b2db      	uxtb	r3, r3
10005212:	2b00      	cmp	r3, #0
10005214:	d1ed      	bne.n	100051f2 <tud_init+0x52>
10005216:	00da      	lsls	r2, r3, #3
10005218:	1ad2      	subs	r2, r2, r3
1000521a:	0092      	lsls	r2, r2, #2
1000521c:	4b0d      	ldr	r3, [pc, #52]	; (10005254 <tud_init+0xb4>)
1000521e:	189b      	adds	r3, r3, r2
10005220:	e7e8      	b.n	100051f4 <tud_init+0x54>
10005222:	2000      	movs	r0, #0
10005224:	f7ff fbee 	bl	10004a04 <dcd_init>
10005228:	2000      	movs	r0, #0
1000522a:	f7ff fba5 	bl	10004978 <dcd_int_enable>
1000522e:	2001      	movs	r0, #1
10005230:	bd10      	pop	{r4, pc}
10005232:	46c0      	nop			; (mov r8, r8)
10005234:	20001278 	.word	0x20001278
10005238:	20001230 	.word	0x20001230
1000523c:	200012b0 	.word	0x200012b0
10005240:	20000390 	.word	0x20000390
10005244:	200012b4 	.word	0x200012b4
10005248:	00000000 	.word	0x00000000
1000524c:	200019d8 	.word	0x200019d8
10005250:	20000c78 	.word	0x20000c78
10005254:	10008848 	.word	0x10008848

10005258 <dcd_event_handler>:
10005258:	b510      	push	{r4, lr}
1000525a:	0001      	movs	r1, r0
1000525c:	7843      	ldrb	r3, [r0, #1]
1000525e:	2b04      	cmp	r3, #4
10005260:	d100      	bne.n	10005264 <dcd_event_handler+0xc>
10005262:	e06c      	b.n	1000533e <dcd_event_handler+0xe6>
10005264:	d805      	bhi.n	10005272 <dcd_event_handler+0x1a>
10005266:	2b02      	cmp	r3, #2
10005268:	d032      	beq.n	100052d0 <dcd_event_handler+0x78>
1000526a:	2b03      	cmp	r3, #3
1000526c:	d000      	beq.n	10005270 <dcd_event_handler+0x18>
1000526e:	e09f      	b.n	100053b0 <dcd_event_handler+0x158>
10005270:	bd10      	pop	{r4, pc}
10005272:	2b05      	cmp	r3, #5
10005274:	d000      	beq.n	10005278 <dcd_event_handler+0x20>
10005276:	e09b      	b.n	100053b0 <dcd_event_handler+0x158>
10005278:	4b62      	ldr	r3, [pc, #392]	; (10005404 <dcd_event_handler+0x1ac>)
1000527a:	781b      	ldrb	r3, [r3, #0]
1000527c:	07db      	lsls	r3, r3, #31
1000527e:	d5f7      	bpl.n	10005270 <dcd_event_handler+0x18>
10005280:	4a60      	ldr	r2, [pc, #384]	; (10005404 <dcd_event_handler+0x1ac>)
10005282:	7813      	ldrb	r3, [r2, #0]
10005284:	2004      	movs	r0, #4
10005286:	4383      	bics	r3, r0
10005288:	7013      	strb	r3, [r2, #0]
1000528a:	4b5f      	ldr	r3, [pc, #380]	; (10005408 <dcd_event_handler+0x1b0>)
1000528c:	681c      	ldr	r4, [r3, #0]
1000528e:	6963      	ldr	r3, [r4, #20]
10005290:	2b00      	cmp	r3, #0
10005292:	d000      	beq.n	10005296 <dcd_event_handler+0x3e>
10005294:	e086      	b.n	100053a4 <dcd_event_handler+0x14c>
10005296:	69a2      	ldr	r2, [r4, #24]
10005298:	f3ef 8010 	mrs	r0, PRIMASK
1000529c:	b672      	cpsid	i
1000529e:	6813      	ldr	r3, [r2, #0]
100052a0:	2b00      	cmp	r3, #0
100052a2:	d0fc      	beq.n	1000529e <dcd_event_handler+0x46>
100052a4:	f3bf 8f5f 	dmb	sy
100052a8:	61e0      	str	r0, [r4, #28]
100052aa:	0020      	movs	r0, r4
100052ac:	f001 faf3 	bl	10006896 <tu_fifo_write>
100052b0:	69a2      	ldr	r2, [r4, #24]
100052b2:	69e3      	ldr	r3, [r4, #28]
100052b4:	f3bf 8f5f 	dmb	sy
100052b8:	2100      	movs	r1, #0
100052ba:	6011      	str	r1, [r2, #0]
100052bc:	f383 8810 	msr	PRIMASK, r3
100052c0:	2800      	cmp	r0, #0
100052c2:	d1d5      	bne.n	10005270 <dcd_event_handler+0x18>
100052c4:	22ad      	movs	r2, #173	; 0xad
100052c6:	4951      	ldr	r1, [pc, #324]	; (1000540c <dcd_event_handler+0x1b4>)
100052c8:	4851      	ldr	r0, [pc, #324]	; (10005410 <dcd_event_handler+0x1b8>)
100052ca:	f7fe ffad 	bl	10004228 <__wrap_printf>
100052ce:	e7cf      	b.n	10005270 <dcd_event_handler+0x18>
100052d0:	4b4c      	ldr	r3, [pc, #304]	; (10005404 <dcd_event_handler+0x1ac>)
100052d2:	781a      	ldrb	r2, [r3, #0]
100052d4:	2001      	movs	r0, #1
100052d6:	4382      	bics	r2, r0
100052d8:	701a      	strb	r2, [r3, #0]
100052da:	781a      	ldrb	r2, [r3, #0]
100052dc:	3001      	adds	r0, #1
100052de:	4382      	bics	r2, r0
100052e0:	701a      	strb	r2, [r3, #0]
100052e2:	2200      	movs	r2, #0
100052e4:	705a      	strb	r2, [r3, #1]
100052e6:	781a      	ldrb	r2, [r3, #0]
100052e8:	3002      	adds	r0, #2
100052ea:	4382      	bics	r2, r0
100052ec:	701a      	strb	r2, [r3, #0]
100052ee:	4b46      	ldr	r3, [pc, #280]	; (10005408 <dcd_event_handler+0x1b0>)
100052f0:	681c      	ldr	r4, [r3, #0]
100052f2:	6963      	ldr	r3, [r4, #20]
100052f4:	2b00      	cmp	r3, #0
100052f6:	d11c      	bne.n	10005332 <dcd_event_handler+0xda>
100052f8:	69a2      	ldr	r2, [r4, #24]
100052fa:	f3ef 8010 	mrs	r0, PRIMASK
100052fe:	b672      	cpsid	i
10005300:	6813      	ldr	r3, [r2, #0]
10005302:	2b00      	cmp	r3, #0
10005304:	d0fc      	beq.n	10005300 <dcd_event_handler+0xa8>
10005306:	f3bf 8f5f 	dmb	sy
1000530a:	61e0      	str	r0, [r4, #28]
1000530c:	0020      	movs	r0, r4
1000530e:	f001 fac2 	bl	10006896 <tu_fifo_write>
10005312:	69a2      	ldr	r2, [r4, #24]
10005314:	69e3      	ldr	r3, [r4, #28]
10005316:	f3bf 8f5f 	dmb	sy
1000531a:	2100      	movs	r1, #0
1000531c:	6011      	str	r1, [r2, #0]
1000531e:	f383 8810 	msr	PRIMASK, r3
10005322:	2800      	cmp	r0, #0
10005324:	d1a4      	bne.n	10005270 <dcd_event_handler+0x18>
10005326:	22ad      	movs	r2, #173	; 0xad
10005328:	4938      	ldr	r1, [pc, #224]	; (1000540c <dcd_event_handler+0x1b4>)
1000532a:	4839      	ldr	r0, [pc, #228]	; (10005410 <dcd_event_handler+0x1b8>)
1000532c:	f7fe ff7c 	bl	10004228 <__wrap_printf>
10005330:	e79e      	b.n	10005270 <dcd_event_handler+0x18>
10005332:	4b38      	ldr	r3, [pc, #224]	; (10005414 <dcd_event_handler+0x1bc>)
10005334:	4a35      	ldr	r2, [pc, #212]	; (1000540c <dcd_event_handler+0x1b4>)
10005336:	21a7      	movs	r1, #167	; 0xa7
10005338:	4837      	ldr	r0, [pc, #220]	; (10005418 <dcd_event_handler+0x1c0>)
1000533a:	f7fc fa3d 	bl	100017b8 <__assert_func>
1000533e:	4b31      	ldr	r3, [pc, #196]	; (10005404 <dcd_event_handler+0x1ac>)
10005340:	781b      	ldrb	r3, [r3, #0]
10005342:	07db      	lsls	r3, r3, #31
10005344:	d400      	bmi.n	10005348 <dcd_event_handler+0xf0>
10005346:	e793      	b.n	10005270 <dcd_event_handler+0x18>
10005348:	4a2e      	ldr	r2, [pc, #184]	; (10005404 <dcd_event_handler+0x1ac>)
1000534a:	7813      	ldrb	r3, [r2, #0]
1000534c:	2004      	movs	r0, #4
1000534e:	4303      	orrs	r3, r0
10005350:	7013      	strb	r3, [r2, #0]
10005352:	4b2d      	ldr	r3, [pc, #180]	; (10005408 <dcd_event_handler+0x1b0>)
10005354:	681c      	ldr	r4, [r3, #0]
10005356:	6963      	ldr	r3, [r4, #20]
10005358:	2b00      	cmp	r3, #0
1000535a:	d11d      	bne.n	10005398 <dcd_event_handler+0x140>
1000535c:	69a2      	ldr	r2, [r4, #24]
1000535e:	f3ef 8010 	mrs	r0, PRIMASK
10005362:	b672      	cpsid	i
10005364:	6813      	ldr	r3, [r2, #0]
10005366:	2b00      	cmp	r3, #0
10005368:	d0fc      	beq.n	10005364 <dcd_event_handler+0x10c>
1000536a:	f3bf 8f5f 	dmb	sy
1000536e:	61e0      	str	r0, [r4, #28]
10005370:	0020      	movs	r0, r4
10005372:	f001 fa90 	bl	10006896 <tu_fifo_write>
10005376:	69a2      	ldr	r2, [r4, #24]
10005378:	69e3      	ldr	r3, [r4, #28]
1000537a:	f3bf 8f5f 	dmb	sy
1000537e:	2100      	movs	r1, #0
10005380:	6011      	str	r1, [r2, #0]
10005382:	f383 8810 	msr	PRIMASK, r3
10005386:	2800      	cmp	r0, #0
10005388:	d000      	beq.n	1000538c <dcd_event_handler+0x134>
1000538a:	e771      	b.n	10005270 <dcd_event_handler+0x18>
1000538c:	22ad      	movs	r2, #173	; 0xad
1000538e:	491f      	ldr	r1, [pc, #124]	; (1000540c <dcd_event_handler+0x1b4>)
10005390:	481f      	ldr	r0, [pc, #124]	; (10005410 <dcd_event_handler+0x1b8>)
10005392:	f7fe ff49 	bl	10004228 <__wrap_printf>
10005396:	e76b      	b.n	10005270 <dcd_event_handler+0x18>
10005398:	4b1e      	ldr	r3, [pc, #120]	; (10005414 <dcd_event_handler+0x1bc>)
1000539a:	4a1c      	ldr	r2, [pc, #112]	; (1000540c <dcd_event_handler+0x1b4>)
1000539c:	21a7      	movs	r1, #167	; 0xa7
1000539e:	481e      	ldr	r0, [pc, #120]	; (10005418 <dcd_event_handler+0x1c0>)
100053a0:	f7fc fa0a 	bl	100017b8 <__assert_func>
100053a4:	4b1b      	ldr	r3, [pc, #108]	; (10005414 <dcd_event_handler+0x1bc>)
100053a6:	4a19      	ldr	r2, [pc, #100]	; (1000540c <dcd_event_handler+0x1b4>)
100053a8:	21a7      	movs	r1, #167	; 0xa7
100053aa:	481b      	ldr	r0, [pc, #108]	; (10005418 <dcd_event_handler+0x1c0>)
100053ac:	f7fc fa04 	bl	100017b8 <__assert_func>
100053b0:	4b15      	ldr	r3, [pc, #84]	; (10005408 <dcd_event_handler+0x1b0>)
100053b2:	681c      	ldr	r4, [r3, #0]
100053b4:	6963      	ldr	r3, [r4, #20]
100053b6:	2b00      	cmp	r3, #0
100053b8:	d11d      	bne.n	100053f6 <dcd_event_handler+0x19e>
100053ba:	69a2      	ldr	r2, [r4, #24]
100053bc:	f3ef 8010 	mrs	r0, PRIMASK
100053c0:	b672      	cpsid	i
100053c2:	6813      	ldr	r3, [r2, #0]
100053c4:	2b00      	cmp	r3, #0
100053c6:	d0fc      	beq.n	100053c2 <dcd_event_handler+0x16a>
100053c8:	f3bf 8f5f 	dmb	sy
100053cc:	61e0      	str	r0, [r4, #28]
100053ce:	0020      	movs	r0, r4
100053d0:	f001 fa61 	bl	10006896 <tu_fifo_write>
100053d4:	69a2      	ldr	r2, [r4, #24]
100053d6:	69e3      	ldr	r3, [r4, #28]
100053d8:	f3bf 8f5f 	dmb	sy
100053dc:	2100      	movs	r1, #0
100053de:	6011      	str	r1, [r2, #0]
100053e0:	f383 8810 	msr	PRIMASK, r3
100053e4:	2800      	cmp	r0, #0
100053e6:	d000      	beq.n	100053ea <dcd_event_handler+0x192>
100053e8:	e742      	b.n	10005270 <dcd_event_handler+0x18>
100053ea:	22ad      	movs	r2, #173	; 0xad
100053ec:	4907      	ldr	r1, [pc, #28]	; (1000540c <dcd_event_handler+0x1b4>)
100053ee:	4808      	ldr	r0, [pc, #32]	; (10005410 <dcd_event_handler+0x1b8>)
100053f0:	f7fe ff1a 	bl	10004228 <__wrap_printf>
100053f4:	e73c      	b.n	10005270 <dcd_event_handler+0x18>
100053f6:	4b07      	ldr	r3, [pc, #28]	; (10005414 <dcd_event_handler+0x1bc>)
100053f8:	4a04      	ldr	r2, [pc, #16]	; (1000540c <dcd_event_handler+0x1b4>)
100053fa:	21a7      	movs	r1, #167	; 0xa7
100053fc:	4806      	ldr	r0, [pc, #24]	; (10005418 <dcd_event_handler+0x1c0>)
100053fe:	f7fc f9db 	bl	100017b8 <__assert_func>
10005402:	46c0      	nop			; (mov r8, r8)
10005404:	20001278 	.word	0x20001278
10005408:	200012b4 	.word	0x200012b4
1000540c:	100087c4 	.word	0x100087c4
10005410:	100086c8 	.word	0x100086c8
10005414:	10008720 	.word	0x10008720
10005418:	10008730 	.word	0x10008730

1000541c <dcd_event_bus_signal>:
1000541c:	b570      	push	{r4, r5, r6, lr}
1000541e:	b084      	sub	sp, #16
10005420:	0006      	movs	r6, r0
10005422:	000d      	movs	r5, r1
10005424:	0014      	movs	r4, r2
10005426:	220c      	movs	r2, #12
10005428:	2100      	movs	r1, #0
1000542a:	a801      	add	r0, sp, #4
1000542c:	f7fe fdc2 	bl	10003fb4 <__wrap_memset>
10005430:	466b      	mov	r3, sp
10005432:	711e      	strb	r6, [r3, #4]
10005434:	715d      	strb	r5, [r3, #5]
10005436:	0021      	movs	r1, r4
10005438:	a801      	add	r0, sp, #4
1000543a:	f7ff ff0d 	bl	10005258 <dcd_event_handler>
1000543e:	b004      	add	sp, #16
10005440:	bd70      	pop	{r4, r5, r6, pc}

10005442 <dcd_event_setup_received>:
10005442:	b570      	push	{r4, r5, r6, lr}
10005444:	b084      	sub	sp, #16
10005446:	0006      	movs	r6, r0
10005448:	000d      	movs	r5, r1
1000544a:	0014      	movs	r4, r2
1000544c:	220c      	movs	r2, #12
1000544e:	2100      	movs	r1, #0
10005450:	a801      	add	r0, sp, #4
10005452:	f7fe fdaf 	bl	10003fb4 <__wrap_memset>
10005456:	466b      	mov	r3, sp
10005458:	711e      	strb	r6, [r3, #4]
1000545a:	2306      	movs	r3, #6
1000545c:	466a      	mov	r2, sp
1000545e:	7153      	strb	r3, [r2, #5]
10005460:	2208      	movs	r2, #8
10005462:	0029      	movs	r1, r5
10005464:	a802      	add	r0, sp, #8
10005466:	f7fe fdab 	bl	10003fc0 <__wrap___aeabi_memcpy>
1000546a:	0021      	movs	r1, r4
1000546c:	a801      	add	r0, sp, #4
1000546e:	f7ff fef3 	bl	10005258 <dcd_event_handler>
10005472:	b004      	add	sp, #16
10005474:	bd70      	pop	{r4, r5, r6, pc}

10005476 <dcd_event_xfer_complete>:
10005476:	b5f0      	push	{r4, r5, r6, r7, lr}
10005478:	46ce      	mov	lr, r9
1000547a:	4647      	mov	r7, r8
1000547c:	b580      	push	{r7, lr}
1000547e:	b085      	sub	sp, #20
10005480:	4680      	mov	r8, r0
10005482:	000f      	movs	r7, r1
10005484:	0016      	movs	r6, r2
10005486:	001d      	movs	r5, r3
10005488:	ab0c      	add	r3, sp, #48	; 0x30
1000548a:	781b      	ldrb	r3, [r3, #0]
1000548c:	4699      	mov	r9, r3
1000548e:	ac01      	add	r4, sp, #4
10005490:	2208      	movs	r2, #8
10005492:	2100      	movs	r1, #0
10005494:	0020      	movs	r0, r4
10005496:	f7fe fd8d 	bl	10003fb4 <__wrap_memset>
1000549a:	4643      	mov	r3, r8
1000549c:	7023      	strb	r3, [r4, #0]
1000549e:	2307      	movs	r3, #7
100054a0:	7063      	strb	r3, [r4, #1]
100054a2:	7127      	strb	r7, [r4, #4]
100054a4:	60a6      	str	r6, [r4, #8]
100054a6:	7165      	strb	r5, [r4, #5]
100054a8:	4649      	mov	r1, r9
100054aa:	0020      	movs	r0, r4
100054ac:	f7ff fed4 	bl	10005258 <dcd_event_handler>
100054b0:	b005      	add	sp, #20
100054b2:	bc0c      	pop	{r2, r3}
100054b4:	4690      	mov	r8, r2
100054b6:	4699      	mov	r9, r3
100054b8:	bdf0      	pop	{r4, r5, r6, r7, pc}

100054ba <usbd_edpt_open>:
100054ba:	b510      	push	{r4, lr}
100054bc:	f7ff fb0c 	bl	10004ad8 <dcd_edpt_open>
100054c0:	bd10      	pop	{r4, pc}
	...

100054c4 <usbd_open_edpt_pair>:
100054c4:	b5f0      	push	{r4, r5, r6, r7, lr}
100054c6:	46d6      	mov	lr, sl
100054c8:	464f      	mov	r7, r9
100054ca:	4646      	mov	r6, r8
100054cc:	b5c0      	push	{r6, r7, lr}
100054ce:	4681      	mov	r9, r0
100054d0:	000c      	movs	r4, r1
100054d2:	0017      	movs	r7, r2
100054d4:	4698      	mov	r8, r3
100054d6:	9b08      	ldr	r3, [sp, #32]
100054d8:	469a      	mov	sl, r3
100054da:	2500      	movs	r5, #0
100054dc:	e016      	b.n	1000550c <usbd_open_edpt_pair+0x48>
100054de:	4a18      	ldr	r2, [pc, #96]	; (10005540 <usbd_open_edpt_pair+0x7c>)
100054e0:	4918      	ldr	r1, [pc, #96]	; (10005544 <usbd_open_edpt_pair+0x80>)
100054e2:	4819      	ldr	r0, [pc, #100]	; (10005548 <usbd_open_edpt_pair+0x84>)
100054e4:	f7fe fea0 	bl	10004228 <__wrap_printf>
100054e8:	2600      	movs	r6, #0
100054ea:	0030      	movs	r0, r6
100054ec:	bc1c      	pop	{r2, r3, r4}
100054ee:	4690      	mov	r8, r2
100054f0:	4699      	mov	r9, r3
100054f2:	46a2      	mov	sl, r4
100054f4:	bdf0      	pop	{r4, r5, r6, r7, pc}
100054f6:	4a15      	ldr	r2, [pc, #84]	; (1000554c <usbd_open_edpt_pair+0x88>)
100054f8:	4912      	ldr	r1, [pc, #72]	; (10005544 <usbd_open_edpt_pair+0x80>)
100054fa:	4813      	ldr	r0, [pc, #76]	; (10005548 <usbd_open_edpt_pair+0x84>)
100054fc:	f7fe fe94 	bl	10004228 <__wrap_printf>
10005500:	e7f3      	b.n	100054ea <usbd_open_edpt_pair+0x26>
10005502:	4652      	mov	r2, sl
10005504:	7013      	strb	r3, [r2, #0]
10005506:	7823      	ldrb	r3, [r4, #0]
10005508:	18e4      	adds	r4, r4, r3
1000550a:	3501      	adds	r5, #1
1000550c:	42af      	cmp	r7, r5
1000550e:	dd14      	ble.n	1000553a <usbd_open_edpt_pair+0x76>
10005510:	7863      	ldrb	r3, [r4, #1]
10005512:	2b05      	cmp	r3, #5
10005514:	d1e3      	bne.n	100054de <usbd_open_edpt_pair+0x1a>
10005516:	78e1      	ldrb	r1, [r4, #3]
10005518:	0789      	lsls	r1, r1, #30
1000551a:	0f89      	lsrs	r1, r1, #30
1000551c:	4541      	cmp	r1, r8
1000551e:	d1de      	bne.n	100054de <usbd_open_edpt_pair+0x1a>
10005520:	0021      	movs	r1, r4
10005522:	4648      	mov	r0, r9
10005524:	f7ff ffc9 	bl	100054ba <usbd_edpt_open>
10005528:	1e06      	subs	r6, r0, #0
1000552a:	d0e4      	beq.n	100054f6 <usbd_open_edpt_pair+0x32>
1000552c:	78a3      	ldrb	r3, [r4, #2]
1000552e:	09da      	lsrs	r2, r3, #7
10005530:	2a01      	cmp	r2, #1
10005532:	d1e6      	bne.n	10005502 <usbd_open_edpt_pair+0x3e>
10005534:	9a09      	ldr	r2, [sp, #36]	; 0x24
10005536:	7013      	strb	r3, [r2, #0]
10005538:	e7e5      	b.n	10005506 <usbd_open_edpt_pair+0x42>
1000553a:	2601      	movs	r6, #1
1000553c:	e7d5      	b.n	100054ea <usbd_open_edpt_pair+0x26>
1000553e:	46c0      	nop			; (mov r8, r8)
10005540:	0000042d 	.word	0x0000042d
10005544:	10008824 	.word	0x10008824
10005548:	100086c8 	.word	0x100086c8
1000554c:	0000042e 	.word	0x0000042e

10005550 <usbd_edpt_claim>:
10005550:	b570      	push	{r4, r5, r6, lr}
10005552:	257f      	movs	r5, #127	; 0x7f
10005554:	400d      	ands	r5, r1
10005556:	09cc      	lsrs	r4, r1, #7
10005558:	006a      	lsls	r2, r5, #1
1000555a:	4b1e      	ldr	r3, [pc, #120]	; (100055d4 <usbd_edpt_claim+0x84>)
1000555c:	189b      	adds	r3, r3, r2
1000555e:	191b      	adds	r3, r3, r4
10005560:	3320      	adds	r3, #32
10005562:	795b      	ldrb	r3, [r3, #5]
10005564:	07db      	lsls	r3, r3, #31
10005566:	0fde      	lsrs	r6, r3, #31
10005568:	2b00      	cmp	r3, #0
1000556a:	d130      	bne.n	100055ce <usbd_edpt_claim+0x7e>
1000556c:	4b19      	ldr	r3, [pc, #100]	; (100055d4 <usbd_edpt_claim+0x84>)
1000556e:	189b      	adds	r3, r3, r2
10005570:	191b      	adds	r3, r3, r4
10005572:	3320      	adds	r3, #32
10005574:	795b      	ldrb	r3, [r3, #5]
10005576:	075b      	lsls	r3, r3, #29
10005578:	d42a      	bmi.n	100055d0 <usbd_edpt_claim+0x80>
1000557a:	4b17      	ldr	r3, [pc, #92]	; (100055d8 <usbd_edpt_claim+0x88>)
1000557c:	6818      	ldr	r0, [r3, #0]
1000557e:	2101      	movs	r1, #1
10005580:	4249      	negs	r1, r1
10005582:	f002 f80d 	bl	100075a0 <__mutex_enter_timeout_ms_veneer>
10005586:	006a      	lsls	r2, r5, #1
10005588:	4b12      	ldr	r3, [pc, #72]	; (100055d4 <usbd_edpt_claim+0x84>)
1000558a:	189b      	adds	r3, r3, r2
1000558c:	191b      	adds	r3, r3, r4
1000558e:	3320      	adds	r3, #32
10005590:	795b      	ldrb	r3, [r3, #5]
10005592:	07db      	lsls	r3, r3, #31
10005594:	d408      	bmi.n	100055a8 <usbd_edpt_claim+0x58>
10005596:	4b0f      	ldr	r3, [pc, #60]	; (100055d4 <usbd_edpt_claim+0x84>)
10005598:	189b      	adds	r3, r3, r2
1000559a:	191b      	adds	r3, r3, r4
1000559c:	3320      	adds	r3, #32
1000559e:	795b      	ldrb	r3, [r3, #5]
100055a0:	075b      	lsls	r3, r3, #29
100055a2:	d512      	bpl.n	100055ca <usbd_edpt_claim+0x7a>
100055a4:	2600      	movs	r6, #0
100055a6:	e000      	b.n	100055aa <usbd_edpt_claim+0x5a>
100055a8:	2600      	movs	r6, #0
100055aa:	2e00      	cmp	r6, #0
100055ac:	d008      	beq.n	100055c0 <usbd_edpt_claim+0x70>
100055ae:	006d      	lsls	r5, r5, #1
100055b0:	4908      	ldr	r1, [pc, #32]	; (100055d4 <usbd_edpt_claim+0x84>)
100055b2:	194d      	adds	r5, r1, r5
100055b4:	192c      	adds	r4, r5, r4
100055b6:	3420      	adds	r4, #32
100055b8:	7963      	ldrb	r3, [r4, #5]
100055ba:	2204      	movs	r2, #4
100055bc:	4313      	orrs	r3, r2
100055be:	7163      	strb	r3, [r4, #5]
100055c0:	4b05      	ldr	r3, [pc, #20]	; (100055d8 <usbd_edpt_claim+0x88>)
100055c2:	6818      	ldr	r0, [r3, #0]
100055c4:	f001 ffcc 	bl	10007560 <__mutex_exit_veneer>
100055c8:	e002      	b.n	100055d0 <usbd_edpt_claim+0x80>
100055ca:	2601      	movs	r6, #1
100055cc:	e7ed      	b.n	100055aa <usbd_edpt_claim+0x5a>
100055ce:	2600      	movs	r6, #0
100055d0:	0030      	movs	r0, r6
100055d2:	bd70      	pop	{r4, r5, r6, pc}
100055d4:	20001278 	.word	0x20001278
100055d8:	200012b0 	.word	0x200012b0

100055dc <usbd_edpt_release>:
100055dc:	b570      	push	{r4, r5, r6, lr}
100055de:	257f      	movs	r5, #127	; 0x7f
100055e0:	400d      	ands	r5, r1
100055e2:	09cc      	lsrs	r4, r1, #7
100055e4:	4b15      	ldr	r3, [pc, #84]	; (1000563c <usbd_edpt_release+0x60>)
100055e6:	6818      	ldr	r0, [r3, #0]
100055e8:	2101      	movs	r1, #1
100055ea:	4249      	negs	r1, r1
100055ec:	f001 ffd8 	bl	100075a0 <__mutex_enter_timeout_ms_veneer>
100055f0:	006a      	lsls	r2, r5, #1
100055f2:	4b13      	ldr	r3, [pc, #76]	; (10005640 <usbd_edpt_release+0x64>)
100055f4:	189b      	adds	r3, r3, r2
100055f6:	191b      	adds	r3, r3, r4
100055f8:	3320      	adds	r3, #32
100055fa:	795b      	ldrb	r3, [r3, #5]
100055fc:	07db      	lsls	r3, r3, #31
100055fe:	d408      	bmi.n	10005612 <usbd_edpt_release+0x36>
10005600:	4b0f      	ldr	r3, [pc, #60]	; (10005640 <usbd_edpt_release+0x64>)
10005602:	189b      	adds	r3, r3, r2
10005604:	191b      	adds	r3, r3, r4
10005606:	3320      	adds	r3, #32
10005608:	795b      	ldrb	r3, [r3, #5]
1000560a:	075b      	lsls	r3, r3, #29
1000560c:	d413      	bmi.n	10005636 <usbd_edpt_release+0x5a>
1000560e:	2600      	movs	r6, #0
10005610:	e000      	b.n	10005614 <usbd_edpt_release+0x38>
10005612:	2600      	movs	r6, #0
10005614:	2e00      	cmp	r6, #0
10005616:	d008      	beq.n	1000562a <usbd_edpt_release+0x4e>
10005618:	006d      	lsls	r5, r5, #1
1000561a:	4909      	ldr	r1, [pc, #36]	; (10005640 <usbd_edpt_release+0x64>)
1000561c:	194d      	adds	r5, r1, r5
1000561e:	192c      	adds	r4, r5, r4
10005620:	3420      	adds	r4, #32
10005622:	7963      	ldrb	r3, [r4, #5]
10005624:	2204      	movs	r2, #4
10005626:	4393      	bics	r3, r2
10005628:	7163      	strb	r3, [r4, #5]
1000562a:	4b04      	ldr	r3, [pc, #16]	; (1000563c <usbd_edpt_release+0x60>)
1000562c:	6818      	ldr	r0, [r3, #0]
1000562e:	f001 ff97 	bl	10007560 <__mutex_exit_veneer>
10005632:	0030      	movs	r0, r6
10005634:	bd70      	pop	{r4, r5, r6, pc}
10005636:	2601      	movs	r6, #1
10005638:	e7ec      	b.n	10005614 <usbd_edpt_release+0x38>
1000563a:	46c0      	nop			; (mov r8, r8)
1000563c:	200012b0 	.word	0x200012b0
10005640:	20001278 	.word	0x20001278

10005644 <usbd_edpt_xfer>:
10005644:	b5f0      	push	{r4, r5, r6, r7, lr}
10005646:	46c6      	mov	lr, r8
10005648:	b500      	push	{lr}
1000564a:	b082      	sub	sp, #8
1000564c:	9301      	str	r3, [sp, #4]
1000564e:	257f      	movs	r5, #127	; 0x7f
10005650:	400d      	ands	r5, r1
10005652:	09ce      	lsrs	r6, r1, #7
10005654:	006f      	lsls	r7, r5, #1
10005656:	4c17      	ldr	r4, [pc, #92]	; (100056b4 <usbd_edpt_xfer+0x70>)
10005658:	19e4      	adds	r4, r4, r7
1000565a:	19a4      	adds	r4, r4, r6
1000565c:	3420      	adds	r4, #32
1000565e:	7964      	ldrb	r4, [r4, #5]
10005660:	07e4      	lsls	r4, r4, #31
10005662:	d41d      	bmi.n	100056a0 <usbd_edpt_xfer+0x5c>
10005664:	006f      	lsls	r7, r5, #1
10005666:	4c13      	ldr	r4, [pc, #76]	; (100056b4 <usbd_edpt_xfer+0x70>)
10005668:	19e4      	adds	r4, r4, r7
1000566a:	19a4      	adds	r4, r4, r6
1000566c:	3420      	adds	r4, #32
1000566e:	7963      	ldrb	r3, [r4, #5]
10005670:	2701      	movs	r7, #1
10005672:	46bc      	mov	ip, r7
10005674:	4667      	mov	r7, ip
10005676:	433b      	orrs	r3, r7
10005678:	7163      	strb	r3, [r4, #5]
1000567a:	9b01      	ldr	r3, [sp, #4]
1000567c:	f7ff fa4c 	bl	10004b18 <dcd_edpt_xfer>
10005680:	2800      	cmp	r0, #0
10005682:	d113      	bne.n	100056ac <usbd_edpt_xfer+0x68>
10005684:	006d      	lsls	r5, r5, #1
10005686:	4b0b      	ldr	r3, [pc, #44]	; (100056b4 <usbd_edpt_xfer+0x70>)
10005688:	195d      	adds	r5, r3, r5
1000568a:	19ae      	adds	r6, r5, r6
1000568c:	3620      	adds	r6, #32
1000568e:	7973      	ldrb	r3, [r6, #5]
10005690:	2201      	movs	r2, #1
10005692:	4393      	bics	r3, r2
10005694:	7173      	strb	r3, [r6, #5]
10005696:	7973      	ldrb	r3, [r6, #5]
10005698:	3203      	adds	r2, #3
1000569a:	4393      	bics	r3, r2
1000569c:	7173      	strb	r3, [r6, #5]
1000569e:	e005      	b.n	100056ac <usbd_edpt_xfer+0x68>
100056a0:	4a05      	ldr	r2, [pc, #20]	; (100056b8 <usbd_edpt_xfer+0x74>)
100056a2:	4906      	ldr	r1, [pc, #24]	; (100056bc <usbd_edpt_xfer+0x78>)
100056a4:	4806      	ldr	r0, [pc, #24]	; (100056c0 <usbd_edpt_xfer+0x7c>)
100056a6:	f7fe fdbf 	bl	10004228 <__wrap_printf>
100056aa:	2000      	movs	r0, #0
100056ac:	b002      	add	sp, #8
100056ae:	bc04      	pop	{r2}
100056b0:	4690      	mov	r8, r2
100056b2:	bdf0      	pop	{r4, r5, r6, r7, pc}
100056b4:	20001278 	.word	0x20001278
100056b8:	00000495 	.word	0x00000495
100056bc:	10008838 	.word	0x10008838
100056c0:	100086c8 	.word	0x100086c8

100056c4 <usbd_edpt_stall>:
100056c4:	b570      	push	{r4, r5, r6, lr}
100056c6:	247f      	movs	r4, #127	; 0x7f
100056c8:	400c      	ands	r4, r1
100056ca:	09cd      	lsrs	r5, r1, #7
100056cc:	f7ff fa3e 	bl	10004b4c <dcd_edpt_stall>
100056d0:	0064      	lsls	r4, r4, #1
100056d2:	4b06      	ldr	r3, [pc, #24]	; (100056ec <usbd_edpt_stall+0x28>)
100056d4:	191b      	adds	r3, r3, r4
100056d6:	195b      	adds	r3, r3, r5
100056d8:	3320      	adds	r3, #32
100056da:	795a      	ldrb	r2, [r3, #5]
100056dc:	2102      	movs	r1, #2
100056de:	430a      	orrs	r2, r1
100056e0:	715a      	strb	r2, [r3, #5]
100056e2:	795a      	ldrb	r2, [r3, #5]
100056e4:	2101      	movs	r1, #1
100056e6:	430a      	orrs	r2, r1
100056e8:	715a      	strb	r2, [r3, #5]
100056ea:	bd70      	pop	{r4, r5, r6, pc}
100056ec:	20001278 	.word	0x20001278

100056f0 <usbd_edpt_clear_stall>:
100056f0:	b570      	push	{r4, r5, r6, lr}
100056f2:	247f      	movs	r4, #127	; 0x7f
100056f4:	400c      	ands	r4, r1
100056f6:	09cd      	lsrs	r5, r1, #7
100056f8:	f7ff fa3c 	bl	10004b74 <dcd_edpt_clear_stall>
100056fc:	0064      	lsls	r4, r4, #1
100056fe:	4b06      	ldr	r3, [pc, #24]	; (10005718 <usbd_edpt_clear_stall+0x28>)
10005700:	191b      	adds	r3, r3, r4
10005702:	195b      	adds	r3, r3, r5
10005704:	3320      	adds	r3, #32
10005706:	795a      	ldrb	r2, [r3, #5]
10005708:	2102      	movs	r1, #2
1000570a:	438a      	bics	r2, r1
1000570c:	715a      	strb	r2, [r3, #5]
1000570e:	795a      	ldrb	r2, [r3, #5]
10005710:	3901      	subs	r1, #1
10005712:	438a      	bics	r2, r1
10005714:	715a      	strb	r2, [r3, #5]
10005716:	bd70      	pop	{r4, r5, r6, pc}
10005718:	20001278 	.word	0x20001278

1000571c <usbd_edpt_stalled>:
1000571c:	227f      	movs	r2, #127	; 0x7f
1000571e:	400a      	ands	r2, r1
10005720:	09cb      	lsrs	r3, r1, #7
10005722:	0052      	lsls	r2, r2, #1
10005724:	4903      	ldr	r1, [pc, #12]	; (10005734 <usbd_edpt_stalled+0x18>)
10005726:	1889      	adds	r1, r1, r2
10005728:	18c9      	adds	r1, r1, r3
1000572a:	3120      	adds	r1, #32
1000572c:	7948      	ldrb	r0, [r1, #5]
1000572e:	0780      	lsls	r0, r0, #30
10005730:	0fc0      	lsrs	r0, r0, #31
10005732:	4770      	bx	lr
10005734:	20001278 	.word	0x20001278

10005738 <process_control_request>:
10005738:	b5f0      	push	{r4, r5, r6, r7, lr}
1000573a:	46c6      	mov	lr, r8
1000573c:	b500      	push	{lr}
1000573e:	b082      	sub	sp, #8
10005740:	0005      	movs	r5, r0
10005742:	000c      	movs	r4, r1
10005744:	2000      	movs	r0, #0
10005746:	f000 fb5d 	bl	10005e04 <usbd_control_set_complete_callback>
1000574a:	7822      	ldrb	r2, [r4, #0]
1000574c:	2360      	movs	r3, #96	; 0x60
1000574e:	4013      	ands	r3, r2
10005750:	2b60      	cmp	r3, #96	; 0x60
10005752:	d012      	beq.n	1000577a <process_control_request+0x42>
10005754:	2b40      	cmp	r3, #64	; 0x40
10005756:	d017      	beq.n	10005788 <process_control_request+0x50>
10005758:	7822      	ldrb	r2, [r4, #0]
1000575a:	06d2      	lsls	r2, r2, #27
1000575c:	0ed2      	lsrs	r2, r2, #27
1000575e:	2a01      	cmp	r2, #1
10005760:	d100      	bne.n	10005764 <process_control_request+0x2c>
10005762:	e0ca      	b.n	100058fa <process_control_request+0x1c2>
10005764:	2a02      	cmp	r2, #2
10005766:	d100      	bne.n	1000576a <process_control_request+0x32>
10005768:	e104      	b.n	10005974 <process_control_request+0x23c>
1000576a:	2a00      	cmp	r2, #0
1000576c:	d01c      	beq.n	100057a8 <process_control_request+0x70>
1000576e:	2600      	movs	r6, #0
10005770:	0030      	movs	r0, r6
10005772:	b002      	add	sp, #8
10005774:	bc04      	pop	{r2}
10005776:	4690      	mov	r8, r2
10005778:	bdf0      	pop	{r4, r5, r6, r7, pc}
1000577a:	4ac1      	ldr	r2, [pc, #772]	; (10005a80 <process_control_request+0x348>)
1000577c:	49c1      	ldr	r1, [pc, #772]	; (10005a84 <process_control_request+0x34c>)
1000577e:	48c2      	ldr	r0, [pc, #776]	; (10005a88 <process_control_request+0x350>)
10005780:	f7fe fd52 	bl	10004228 <__wrap_printf>
10005784:	2600      	movs	r6, #0
10005786:	e7f3      	b.n	10005770 <process_control_request+0x38>
10005788:	4bc0      	ldr	r3, [pc, #768]	; (10005a8c <process_control_request+0x354>)
1000578a:	2b00      	cmp	r3, #0
1000578c:	d100      	bne.n	10005790 <process_control_request+0x58>
1000578e:	e164      	b.n	10005a5a <process_control_request+0x322>
10005790:	4bbf      	ldr	r3, [pc, #764]	; (10005a90 <process_control_request+0x358>)
10005792:	2b00      	cmp	r3, #0
10005794:	d002      	beq.n	1000579c <process_control_request+0x64>
10005796:	0018      	movs	r0, r3
10005798:	f000 fb34 	bl	10005e04 <usbd_control_set_complete_callback>
1000579c:	0021      	movs	r1, r4
1000579e:	0028      	movs	r0, r5
100057a0:	e000      	b.n	100057a4 <process_control_request+0x6c>
100057a2:	bf00      	nop
100057a4:	0006      	movs	r6, r0
100057a6:	e7e3      	b.n	10005770 <process_control_request+0x38>
100057a8:	2b20      	cmp	r3, #32
100057aa:	d00a      	beq.n	100057c2 <process_control_request+0x8a>
100057ac:	2b00      	cmp	r3, #0
100057ae:	d000      	beq.n	100057b2 <process_control_request+0x7a>
100057b0:	e15b      	b.n	10005a6a <process_control_request+0x332>
100057b2:	7863      	ldrb	r3, [r4, #1]
100057b4:	2b09      	cmp	r3, #9
100057b6:	d900      	bls.n	100057ba <process_control_request+0x82>
100057b8:	e159      	b.n	10005a6e <process_control_request+0x336>
100057ba:	009b      	lsls	r3, r3, #2
100057bc:	4ab5      	ldr	r2, [pc, #724]	; (10005a94 <process_control_request+0x35c>)
100057be:	58d3      	ldr	r3, [r2, r3]
100057c0:	469f      	mov	pc, r3
100057c2:	7923      	ldrb	r3, [r4, #4]
100057c4:	2b0f      	cmp	r3, #15
100057c6:	d900      	bls.n	100057ca <process_control_request+0x92>
100057c8:	e149      	b.n	10005a5e <process_control_request+0x326>
100057ca:	4ab3      	ldr	r2, [pc, #716]	; (10005a98 <process_control_request+0x360>)
100057cc:	18d3      	adds	r3, r2, r3
100057ce:	78db      	ldrb	r3, [r3, #3]
100057d0:	4ab2      	ldr	r2, [pc, #712]	; (10005a9c <process_control_request+0x364>)
100057d2:	2a00      	cmp	r2, #0
100057d4:	d005      	beq.n	100057e2 <process_control_request+0xaa>
100057d6:	4ab2      	ldr	r2, [pc, #712]	; (10005aa0 <process_control_request+0x368>)
100057d8:	7812      	ldrb	r2, [r2, #0]
100057da:	4293      	cmp	r3, r2
100057dc:	d312      	bcc.n	10005804 <process_control_request+0xcc>
100057de:	1a9b      	subs	r3, r3, r2
100057e0:	b2db      	uxtb	r3, r3
100057e2:	2b00      	cmp	r3, #0
100057e4:	d000      	beq.n	100057e8 <process_control_request+0xb0>
100057e6:	e13c      	b.n	10005a62 <process_control_request+0x32a>
100057e8:	00d9      	lsls	r1, r3, #3
100057ea:	1acb      	subs	r3, r1, r3
100057ec:	009b      	lsls	r3, r3, #2
100057ee:	49ad      	ldr	r1, [pc, #692]	; (10005aa4 <process_control_request+0x36c>)
100057f0:	18c9      	adds	r1, r1, r3
100057f2:	2900      	cmp	r1, #0
100057f4:	d100      	bne.n	100057f8 <process_control_request+0xc0>
100057f6:	e136      	b.n	10005a66 <process_control_request+0x32e>
100057f8:	0022      	movs	r2, r4
100057fa:	0028      	movs	r0, r5
100057fc:	f7ff fb54 	bl	10004ea8 <invoke_class_control>
10005800:	0006      	movs	r6, r0
10005802:	e7b5      	b.n	10005770 <process_control_request+0x38>
10005804:	00d9      	lsls	r1, r3, #3
10005806:	1acb      	subs	r3, r1, r3
10005808:	009b      	lsls	r3, r3, #2
1000580a:	4aa7      	ldr	r2, [pc, #668]	; (10005aa8 <process_control_request+0x370>)
1000580c:	6811      	ldr	r1, [r2, #0]
1000580e:	18c9      	adds	r1, r1, r3
10005810:	e7ef      	b.n	100057f2 <process_control_request+0xba>
10005812:	0020      	movs	r0, r4
10005814:	f000 fafc 	bl	10005e10 <usbd_control_set_request>
10005818:	78a1      	ldrb	r1, [r4, #2]
1000581a:	0028      	movs	r0, r5
1000581c:	f7ff f8c2 	bl	100049a4 <dcd_set_address>
10005820:	4a9d      	ldr	r2, [pc, #628]	; (10005a98 <process_control_request+0x360>)
10005822:	7813      	ldrb	r3, [r2, #0]
10005824:	2102      	movs	r1, #2
10005826:	430b      	orrs	r3, r1
10005828:	7013      	strb	r3, [r2, #0]
1000582a:	2601      	movs	r6, #1
1000582c:	e7a0      	b.n	10005770 <process_control_request+0x38>
1000582e:	4b9a      	ldr	r3, [pc, #616]	; (10005a98 <process_control_request+0x360>)
10005830:	785b      	ldrb	r3, [r3, #1]
10005832:	466a      	mov	r2, sp
10005834:	3206      	adds	r2, #6
10005836:	7013      	strb	r3, [r2, #0]
10005838:	2301      	movs	r3, #1
1000583a:	0021      	movs	r1, r4
1000583c:	0028      	movs	r0, r5
1000583e:	f000 fa83 	bl	10005d48 <tud_control_xfer>
10005842:	2601      	movs	r6, #1
10005844:	e794      	b.n	10005770 <process_control_request+0x38>
10005846:	78a7      	ldrb	r7, [r4, #2]
10005848:	4b93      	ldr	r3, [pc, #588]	; (10005a98 <process_control_request+0x360>)
1000584a:	785b      	ldrb	r3, [r3, #1]
1000584c:	2b00      	cmp	r3, #0
1000584e:	d101      	bne.n	10005854 <process_control_request+0x11c>
10005850:	2f00      	cmp	r7, #0
10005852:	d107      	bne.n	10005864 <process_control_request+0x12c>
10005854:	4b90      	ldr	r3, [pc, #576]	; (10005a98 <process_control_request+0x360>)
10005856:	705f      	strb	r7, [r3, #1]
10005858:	0021      	movs	r1, r4
1000585a:	0028      	movs	r0, r5
1000585c:	f000 fa58 	bl	10005d10 <tud_control_status>
10005860:	2601      	movs	r6, #1
10005862:	e785      	b.n	10005770 <process_control_request+0x38>
10005864:	0039      	movs	r1, r7
10005866:	0028      	movs	r0, r5
10005868:	f7ff fb2a 	bl	10004ec0 <process_set_config>
1000586c:	1e06      	subs	r6, r0, #0
1000586e:	d1f1      	bne.n	10005854 <process_control_request+0x11c>
10005870:	4a8e      	ldr	r2, [pc, #568]	; (10005aac <process_control_request+0x374>)
10005872:	4984      	ldr	r1, [pc, #528]	; (10005a84 <process_control_request+0x34c>)
10005874:	4884      	ldr	r0, [pc, #528]	; (10005a88 <process_control_request+0x350>)
10005876:	f7fe fcd7 	bl	10004228 <__wrap_printf>
1000587a:	e779      	b.n	10005770 <process_control_request+0x38>
1000587c:	0021      	movs	r1, r4
1000587e:	0028      	movs	r0, r5
10005880:	f7ff fc04 	bl	1000508c <process_get_descriptor>
10005884:	0006      	movs	r6, r0
10005886:	e773      	b.n	10005770 <process_control_request+0x38>
10005888:	78a2      	ldrb	r2, [r4, #2]
1000588a:	78e3      	ldrb	r3, [r4, #3]
1000588c:	021b      	lsls	r3, r3, #8
1000588e:	4313      	orrs	r3, r2
10005890:	2b01      	cmp	r3, #1
10005892:	d001      	beq.n	10005898 <process_control_request+0x160>
10005894:	2600      	movs	r6, #0
10005896:	e76b      	b.n	10005770 <process_control_request+0x38>
10005898:	4a7f      	ldr	r2, [pc, #508]	; (10005a98 <process_control_request+0x360>)
1000589a:	7813      	ldrb	r3, [r2, #0]
1000589c:	2108      	movs	r1, #8
1000589e:	430b      	orrs	r3, r1
100058a0:	7013      	strb	r3, [r2, #0]
100058a2:	0021      	movs	r1, r4
100058a4:	0028      	movs	r0, r5
100058a6:	f000 fa33 	bl	10005d10 <tud_control_status>
100058aa:	2601      	movs	r6, #1
100058ac:	e760      	b.n	10005770 <process_control_request+0x38>
100058ae:	78a2      	ldrb	r2, [r4, #2]
100058b0:	78e3      	ldrb	r3, [r4, #3]
100058b2:	021b      	lsls	r3, r3, #8
100058b4:	4313      	orrs	r3, r2
100058b6:	2b01      	cmp	r3, #1
100058b8:	d001      	beq.n	100058be <process_control_request+0x186>
100058ba:	2600      	movs	r6, #0
100058bc:	e758      	b.n	10005770 <process_control_request+0x38>
100058be:	4a76      	ldr	r2, [pc, #472]	; (10005a98 <process_control_request+0x360>)
100058c0:	7813      	ldrb	r3, [r2, #0]
100058c2:	2108      	movs	r1, #8
100058c4:	438b      	bics	r3, r1
100058c6:	7013      	strb	r3, [r2, #0]
100058c8:	0021      	movs	r1, r4
100058ca:	0028      	movs	r0, r5
100058cc:	f000 fa20 	bl	10005d10 <tud_control_status>
100058d0:	2601      	movs	r6, #1
100058d2:	e74d      	b.n	10005770 <process_control_request+0x38>
100058d4:	4b70      	ldr	r3, [pc, #448]	; (10005a98 <process_control_request+0x360>)
100058d6:	781a      	ldrb	r2, [r3, #0]
100058d8:	0951      	lsrs	r1, r2, #5
100058da:	0892      	lsrs	r2, r2, #2
100058dc:	2302      	movs	r3, #2
100058de:	4013      	ands	r3, r2
100058e0:	2201      	movs	r2, #1
100058e2:	400a      	ands	r2, r1
100058e4:	4313      	orrs	r3, r2
100058e6:	466a      	mov	r2, sp
100058e8:	3206      	adds	r2, #6
100058ea:	8013      	strh	r3, [r2, #0]
100058ec:	2302      	movs	r3, #2
100058ee:	0021      	movs	r1, r4
100058f0:	0028      	movs	r0, r5
100058f2:	f000 fa29 	bl	10005d48 <tud_control_xfer>
100058f6:	2601      	movs	r6, #1
100058f8:	e73a      	b.n	10005770 <process_control_request+0x38>
100058fa:	7923      	ldrb	r3, [r4, #4]
100058fc:	2b0f      	cmp	r3, #15
100058fe:	d900      	bls.n	10005902 <process_control_request+0x1ca>
10005900:	e0b7      	b.n	10005a72 <process_control_request+0x33a>
10005902:	4a65      	ldr	r2, [pc, #404]	; (10005a98 <process_control_request+0x360>)
10005904:	18d3      	adds	r3, r2, r3
10005906:	78db      	ldrb	r3, [r3, #3]
10005908:	4a64      	ldr	r2, [pc, #400]	; (10005a9c <process_control_request+0x364>)
1000590a:	2a00      	cmp	r2, #0
1000590c:	d005      	beq.n	1000591a <process_control_request+0x1e2>
1000590e:	4a64      	ldr	r2, [pc, #400]	; (10005aa0 <process_control_request+0x368>)
10005910:	7812      	ldrb	r2, [r2, #0]
10005912:	4293      	cmp	r3, r2
10005914:	d327      	bcc.n	10005966 <process_control_request+0x22e>
10005916:	1a9b      	subs	r3, r3, r2
10005918:	b2db      	uxtb	r3, r3
1000591a:	2b00      	cmp	r3, #0
1000591c:	d000      	beq.n	10005920 <process_control_request+0x1e8>
1000591e:	e0aa      	b.n	10005a76 <process_control_request+0x33e>
10005920:	00d9      	lsls	r1, r3, #3
10005922:	1acb      	subs	r3, r1, r3
10005924:	009b      	lsls	r3, r3, #2
10005926:	495f      	ldr	r1, [pc, #380]	; (10005aa4 <process_control_request+0x36c>)
10005928:	18c9      	adds	r1, r1, r3
1000592a:	2900      	cmp	r1, #0
1000592c:	d100      	bne.n	10005930 <process_control_request+0x1f8>
1000592e:	e0a4      	b.n	10005a7a <process_control_request+0x342>
10005930:	0022      	movs	r2, r4
10005932:	0028      	movs	r0, r5
10005934:	f7ff fab8 	bl	10004ea8 <invoke_class_control>
10005938:	1e06      	subs	r6, r0, #0
1000593a:	d000      	beq.n	1000593e <process_control_request+0x206>
1000593c:	e718      	b.n	10005770 <process_control_request+0x38>
1000593e:	7823      	ldrb	r3, [r4, #0]
10005940:	2260      	movs	r2, #96	; 0x60
10005942:	421a      	tst	r2, r3
10005944:	d000      	beq.n	10005948 <process_control_request+0x210>
10005946:	e713      	b.n	10005770 <process_control_request+0x38>
10005948:	7863      	ldrb	r3, [r4, #1]
1000594a:	2b0a      	cmp	r3, #10
1000594c:	d000      	beq.n	10005950 <process_control_request+0x218>
1000594e:	e70f      	b.n	10005770 <process_control_request+0x38>
10005950:	466b      	mov	r3, sp
10005952:	1d9a      	adds	r2, r3, #6
10005954:	2300      	movs	r3, #0
10005956:	7013      	strb	r3, [r2, #0]
10005958:	3301      	adds	r3, #1
1000595a:	0021      	movs	r1, r4
1000595c:	0028      	movs	r0, r5
1000595e:	f000 f9f3 	bl	10005d48 <tud_control_xfer>
10005962:	3601      	adds	r6, #1
10005964:	e704      	b.n	10005770 <process_control_request+0x38>
10005966:	00d9      	lsls	r1, r3, #3
10005968:	1acb      	subs	r3, r1, r3
1000596a:	009b      	lsls	r3, r3, #2
1000596c:	4a4e      	ldr	r2, [pc, #312]	; (10005aa8 <process_control_request+0x370>)
1000596e:	6811      	ldr	r1, [r2, #0]
10005970:	18c9      	adds	r1, r1, r3
10005972:	e7da      	b.n	1000592a <process_control_request+0x1f2>
10005974:	7921      	ldrb	r1, [r4, #4]
10005976:	277f      	movs	r7, #127	; 0x7f
10005978:	400f      	ands	r7, r1
1000597a:	09ca      	lsrs	r2, r1, #7
1000597c:	4690      	mov	r8, r2
1000597e:	2f08      	cmp	r7, #8
10005980:	d80a      	bhi.n	10005998 <process_control_request+0x260>
10005982:	2b00      	cmp	r3, #0
10005984:	d13a      	bne.n	100059fc <process_control_request+0x2c4>
10005986:	7863      	ldrb	r3, [r4, #1]
10005988:	2b01      	cmp	r3, #1
1000598a:	d019      	beq.n	100059c0 <process_control_request+0x288>
1000598c:	2b03      	cmp	r3, #3
1000598e:	d026      	beq.n	100059de <process_control_request+0x2a6>
10005990:	2b00      	cmp	r3, #0
10005992:	d008      	beq.n	100059a6 <process_control_request+0x26e>
10005994:	2600      	movs	r6, #0
10005996:	e6eb      	b.n	10005770 <process_control_request+0x38>
10005998:	4a45      	ldr	r2, [pc, #276]	; (10005ab0 <process_control_request+0x378>)
1000599a:	493a      	ldr	r1, [pc, #232]	; (10005a84 <process_control_request+0x34c>)
1000599c:	483a      	ldr	r0, [pc, #232]	; (10005a88 <process_control_request+0x350>)
1000599e:	f7fe fc43 	bl	10004228 <__wrap_printf>
100059a2:	2600      	movs	r6, #0
100059a4:	e6e4      	b.n	10005770 <process_control_request+0x38>
100059a6:	0028      	movs	r0, r5
100059a8:	f7ff feb8 	bl	1000571c <usbd_edpt_stalled>
100059ac:	466b      	mov	r3, sp
100059ae:	1d9a      	adds	r2, r3, #6
100059b0:	8010      	strh	r0, [r2, #0]
100059b2:	2302      	movs	r3, #2
100059b4:	0021      	movs	r1, r4
100059b6:	0028      	movs	r0, r5
100059b8:	f000 f9c6 	bl	10005d48 <tud_control_xfer>
100059bc:	2601      	movs	r6, #1
100059be:	e01e      	b.n	100059fe <process_control_request+0x2c6>
100059c0:	78a2      	ldrb	r2, [r4, #2]
100059c2:	78e3      	ldrb	r3, [r4, #3]
100059c4:	021b      	lsls	r3, r3, #8
100059c6:	4313      	orrs	r3, r2
100059c8:	d005      	beq.n	100059d6 <process_control_request+0x29e>
100059ca:	0021      	movs	r1, r4
100059cc:	0028      	movs	r0, r5
100059ce:	f000 f99f 	bl	10005d10 <tud_control_status>
100059d2:	2601      	movs	r6, #1
100059d4:	e013      	b.n	100059fe <process_control_request+0x2c6>
100059d6:	0028      	movs	r0, r5
100059d8:	f7ff fe8a 	bl	100056f0 <usbd_edpt_clear_stall>
100059dc:	e7f5      	b.n	100059ca <process_control_request+0x292>
100059de:	78a2      	ldrb	r2, [r4, #2]
100059e0:	78e3      	ldrb	r3, [r4, #3]
100059e2:	021b      	lsls	r3, r3, #8
100059e4:	4313      	orrs	r3, r2
100059e6:	d005      	beq.n	100059f4 <process_control_request+0x2bc>
100059e8:	0021      	movs	r1, r4
100059ea:	0028      	movs	r0, r5
100059ec:	f000 f990 	bl	10005d10 <tud_control_status>
100059f0:	2601      	movs	r6, #1
100059f2:	e004      	b.n	100059fe <process_control_request+0x2c6>
100059f4:	0028      	movs	r0, r5
100059f6:	f7ff fe65 	bl	100056c4 <usbd_edpt_stall>
100059fa:	e7f5      	b.n	100059e8 <process_control_request+0x2b0>
100059fc:	2600      	movs	r6, #0
100059fe:	007b      	lsls	r3, r7, #1
10005a00:	4f25      	ldr	r7, [pc, #148]	; (10005a98 <process_control_request+0x360>)
10005a02:	18ff      	adds	r7, r7, r3
10005a04:	4447      	add	r7, r8
10005a06:	7cfb      	ldrb	r3, [r7, #19]
10005a08:	4a24      	ldr	r2, [pc, #144]	; (10005a9c <process_control_request+0x364>)
10005a0a:	2a00      	cmp	r2, #0
10005a0c:	d005      	beq.n	10005a1a <process_control_request+0x2e2>
10005a0e:	4a24      	ldr	r2, [pc, #144]	; (10005aa0 <process_control_request+0x368>)
10005a10:	7812      	ldrb	r2, [r2, #0]
10005a12:	4293      	cmp	r3, r2
10005a14:	d31a      	bcc.n	10005a4c <process_control_request+0x314>
10005a16:	1a9b      	subs	r3, r3, r2
10005a18:	b2db      	uxtb	r3, r3
10005a1a:	2b00      	cmp	r3, #0
10005a1c:	d10d      	bne.n	10005a3a <process_control_request+0x302>
10005a1e:	00d9      	lsls	r1, r3, #3
10005a20:	1acb      	subs	r3, r1, r3
10005a22:	009b      	lsls	r3, r3, #2
10005a24:	491f      	ldr	r1, [pc, #124]	; (10005aa4 <process_control_request+0x36c>)
10005a26:	18c9      	adds	r1, r1, r3
10005a28:	2900      	cmp	r1, #0
10005a2a:	d006      	beq.n	10005a3a <process_control_request+0x302>
10005a2c:	0022      	movs	r2, r4
10005a2e:	0028      	movs	r0, r5
10005a30:	f7ff fa3a 	bl	10004ea8 <invoke_class_control>
10005a34:	2800      	cmp	r0, #0
10005a36:	d000      	beq.n	10005a3a <process_control_request+0x302>
10005a38:	0006      	movs	r6, r0
10005a3a:	7823      	ldrb	r3, [r4, #0]
10005a3c:	2260      	movs	r2, #96	; 0x60
10005a3e:	421a      	tst	r2, r3
10005a40:	d000      	beq.n	10005a44 <process_control_request+0x30c>
10005a42:	e695      	b.n	10005770 <process_control_request+0x38>
10005a44:	2000      	movs	r0, #0
10005a46:	f000 f9dd 	bl	10005e04 <usbd_control_set_complete_callback>
10005a4a:	e691      	b.n	10005770 <process_control_request+0x38>
10005a4c:	00d9      	lsls	r1, r3, #3
10005a4e:	1acb      	subs	r3, r1, r3
10005a50:	009b      	lsls	r3, r3, #2
10005a52:	4a15      	ldr	r2, [pc, #84]	; (10005aa8 <process_control_request+0x370>)
10005a54:	6811      	ldr	r1, [r2, #0]
10005a56:	18c9      	adds	r1, r1, r3
10005a58:	e7e6      	b.n	10005a28 <process_control_request+0x2f0>
10005a5a:	2600      	movs	r6, #0
10005a5c:	e688      	b.n	10005770 <process_control_request+0x38>
10005a5e:	2600      	movs	r6, #0
10005a60:	e686      	b.n	10005770 <process_control_request+0x38>
10005a62:	2600      	movs	r6, #0
10005a64:	e684      	b.n	10005770 <process_control_request+0x38>
10005a66:	2600      	movs	r6, #0
10005a68:	e682      	b.n	10005770 <process_control_request+0x38>
10005a6a:	2600      	movs	r6, #0
10005a6c:	e680      	b.n	10005770 <process_control_request+0x38>
10005a6e:	2600      	movs	r6, #0
10005a70:	e67e      	b.n	10005770 <process_control_request+0x38>
10005a72:	2600      	movs	r6, #0
10005a74:	e67c      	b.n	10005770 <process_control_request+0x38>
10005a76:	2600      	movs	r6, #0
10005a78:	e67a      	b.n	10005770 <process_control_request+0x38>
10005a7a:	2600      	movs	r6, #0
10005a7c:	e678      	b.n	10005770 <process_control_request+0x38>
10005a7e:	46c0      	nop			; (mov r8, r8)
10005a80:	00000243 	.word	0x00000243
10005a84:	100087e0 	.word	0x100087e0
10005a88:	100086c8 	.word	0x100086c8
	...
10005a94:	10008764 	.word	0x10008764
10005a98:	20001278 	.word	0x20001278
10005a9c:	00000000 	.word	0x00000000
10005aa0:	200019d8 	.word	0x200019d8
10005aa4:	10008848 	.word	0x10008848
10005aa8:	20000c78 	.word	0x20000c78
10005aac:	00000283 	.word	0x00000283
10005ab0:	000002ce 	.word	0x000002ce

10005ab4 <tud_task>:
10005ab4:	b530      	push	{r4, r5, lr}
10005ab6:	b085      	sub	sp, #20
10005ab8:	f000 fd7c 	bl	100065b4 <tusb_inited>
10005abc:	2800      	cmp	r0, #0
10005abe:	d10e      	bne.n	10005ade <tud_task+0x2a>
10005ac0:	b005      	add	sp, #20
10005ac2:	bd30      	pop	{r4, r5, pc}
10005ac4:	4b6c      	ldr	r3, [pc, #432]	; (10005c78 <tud_task+0x1c4>)
10005ac6:	4a6d      	ldr	r2, [pc, #436]	; (10005c7c <tud_task+0x1c8>)
10005ac8:	2199      	movs	r1, #153	; 0x99
10005aca:	486d      	ldr	r0, [pc, #436]	; (10005c80 <tud_task+0x1cc>)
10005acc:	f7fb fe74 	bl	100017b8 <__assert_func>
10005ad0:	ac01      	add	r4, sp, #4
10005ad2:	7820      	ldrb	r0, [r4, #0]
10005ad4:	f7ff f9a4 	bl	10004e20 <usbd_reset>
10005ad8:	7922      	ldrb	r2, [r4, #4]
10005ada:	4b6a      	ldr	r3, [pc, #424]	; (10005c84 <tud_task+0x1d0>)
10005adc:	709a      	strb	r2, [r3, #2]
10005ade:	4b6a      	ldr	r3, [pc, #424]	; (10005c88 <tud_task+0x1d4>)
10005ae0:	681c      	ldr	r4, [r3, #0]
10005ae2:	6965      	ldr	r5, [r4, #20]
10005ae4:	2d00      	cmp	r5, #0
10005ae6:	d1ed      	bne.n	10005ac4 <tud_task+0x10>
10005ae8:	69a2      	ldr	r2, [r4, #24]
10005aea:	f3ef 8110 	mrs	r1, PRIMASK
10005aee:	b672      	cpsid	i
10005af0:	6813      	ldr	r3, [r2, #0]
10005af2:	2b00      	cmp	r3, #0
10005af4:	d0fc      	beq.n	10005af0 <tud_task+0x3c>
10005af6:	f3bf 8f5f 	dmb	sy
10005afa:	61e1      	str	r1, [r4, #28]
10005afc:	a901      	add	r1, sp, #4
10005afe:	0020      	movs	r0, r4
10005b00:	f000 fe8d 	bl	1000681e <tu_fifo_read>
10005b04:	69a2      	ldr	r2, [r4, #24]
10005b06:	69e3      	ldr	r3, [r4, #28]
10005b08:	f3bf 8f5f 	dmb	sy
10005b0c:	2100      	movs	r1, #0
10005b0e:	6011      	str	r1, [r2, #0]
10005b10:	f383 8810 	msr	PRIMASK, r3
10005b14:	2800      	cmp	r0, #0
10005b16:	d0d3      	beq.n	10005ac0 <tud_task+0xc>
10005b18:	ab01      	add	r3, sp, #4
10005b1a:	785b      	ldrb	r3, [r3, #1]
10005b1c:	2b08      	cmp	r3, #8
10005b1e:	d8de      	bhi.n	10005ade <tud_task+0x2a>
10005b20:	009b      	lsls	r3, r3, #2
10005b22:	4a5a      	ldr	r2, [pc, #360]	; (10005c8c <tud_task+0x1d8>)
10005b24:	58d3      	ldr	r3, [r2, r3]
10005b26:	469f      	mov	pc, r3
10005b28:	ab01      	add	r3, sp, #4
10005b2a:	7818      	ldrb	r0, [r3, #0]
10005b2c:	f7ff f978 	bl	10004e20 <usbd_reset>
10005b30:	4b57      	ldr	r3, [pc, #348]	; (10005c90 <tud_task+0x1dc>)
10005b32:	2b00      	cmp	r3, #0
10005b34:	d0d3      	beq.n	10005ade <tud_task+0x2a>
10005b36:	e000      	b.n	10005b3a <tud_task+0x86>
10005b38:	bf00      	nop
10005b3a:	e7d0      	b.n	10005ade <tud_task+0x2a>
10005b3c:	4a51      	ldr	r2, [pc, #324]	; (10005c84 <tud_task+0x1d0>)
10005b3e:	7813      	ldrb	r3, [r2, #0]
10005b40:	2101      	movs	r1, #1
10005b42:	430b      	orrs	r3, r1
10005b44:	7013      	strb	r3, [r2, #0]
10005b46:	ab01      	add	r3, sp, #4
10005b48:	7818      	ldrb	r0, [r3, #0]
10005b4a:	a902      	add	r1, sp, #8
10005b4c:	f7ff fdf4 	bl	10005738 <process_control_request>
10005b50:	2800      	cmp	r0, #0
10005b52:	d1c4      	bne.n	10005ade <tud_task+0x2a>
10005b54:	ac01      	add	r4, sp, #4
10005b56:	7820      	ldrb	r0, [r4, #0]
10005b58:	2100      	movs	r1, #0
10005b5a:	f7fe fff7 	bl	10004b4c <dcd_edpt_stall>
10005b5e:	7820      	ldrb	r0, [r4, #0]
10005b60:	2180      	movs	r1, #128	; 0x80
10005b62:	f7fe fff3 	bl	10004b4c <dcd_edpt_stall>
10005b66:	e7ba      	b.n	10005ade <tud_task+0x2a>
10005b68:	ab01      	add	r3, sp, #4
10005b6a:	7919      	ldrb	r1, [r3, #4]
10005b6c:	227f      	movs	r2, #127	; 0x7f
10005b6e:	400a      	ands	r2, r1
10005b70:	09cc      	lsrs	r4, r1, #7
10005b72:	0050      	lsls	r0, r2, #1
10005b74:	4b43      	ldr	r3, [pc, #268]	; (10005c84 <tud_task+0x1d0>)
10005b76:	181b      	adds	r3, r3, r0
10005b78:	191b      	adds	r3, r3, r4
10005b7a:	3320      	adds	r3, #32
10005b7c:	7958      	ldrb	r0, [r3, #5]
10005b7e:	2501      	movs	r5, #1
10005b80:	43a8      	bics	r0, r5
10005b82:	7158      	strb	r0, [r3, #5]
10005b84:	7958      	ldrb	r0, [r3, #5]
10005b86:	3503      	adds	r5, #3
10005b88:	43a8      	bics	r0, r5
10005b8a:	7158      	strb	r0, [r3, #5]
10005b8c:	2a00      	cmp	r2, #0
10005b8e:	d01d      	beq.n	10005bcc <tud_task+0x118>
10005b90:	0052      	lsls	r2, r2, #1
10005b92:	4b3c      	ldr	r3, [pc, #240]	; (10005c84 <tud_task+0x1d0>)
10005b94:	189a      	adds	r2, r3, r2
10005b96:	1912      	adds	r2, r2, r4
10005b98:	7cd3      	ldrb	r3, [r2, #19]
10005b9a:	4a3e      	ldr	r2, [pc, #248]	; (10005c94 <tud_task+0x1e0>)
10005b9c:	2a00      	cmp	r2, #0
10005b9e:	d005      	beq.n	10005bac <tud_task+0xf8>
10005ba0:	4a3d      	ldr	r2, [pc, #244]	; (10005c98 <tud_task+0x1e4>)
10005ba2:	7812      	ldrb	r2, [r2, #0]
10005ba4:	4293      	cmp	r3, r2
10005ba6:	d318      	bcc.n	10005bda <tud_task+0x126>
10005ba8:	1a9b      	subs	r3, r3, r2
10005baa:	b2db      	uxtb	r3, r3
10005bac:	2b00      	cmp	r3, #0
10005bae:	d11b      	bne.n	10005be8 <tud_task+0x134>
10005bb0:	00da      	lsls	r2, r3, #3
10005bb2:	1ad2      	subs	r2, r2, r3
10005bb4:	0092      	lsls	r2, r2, #2
10005bb6:	4b39      	ldr	r3, [pc, #228]	; (10005c9c <tud_task+0x1e8>)
10005bb8:	189b      	adds	r3, r3, r2
10005bba:	2b00      	cmp	r3, #0
10005bbc:	d014      	beq.n	10005be8 <tud_task+0x134>
10005bbe:	695c      	ldr	r4, [r3, #20]
10005bc0:	a801      	add	r0, sp, #4
10005bc2:	7942      	ldrb	r2, [r0, #5]
10005bc4:	9b03      	ldr	r3, [sp, #12]
10005bc6:	7800      	ldrb	r0, [r0, #0]
10005bc8:	47a0      	blx	r4
10005bca:	e788      	b.n	10005ade <tud_task+0x2a>
10005bcc:	a801      	add	r0, sp, #4
10005bce:	7942      	ldrb	r2, [r0, #5]
10005bd0:	9b03      	ldr	r3, [sp, #12]
10005bd2:	7800      	ldrb	r0, [r0, #0]
10005bd4:	f000 f92a 	bl	10005e2c <usbd_control_xfer_cb>
10005bd8:	e781      	b.n	10005ade <tud_task+0x2a>
10005bda:	00da      	lsls	r2, r3, #3
10005bdc:	1ad2      	subs	r2, r2, r3
10005bde:	0092      	lsls	r2, r2, #2
10005be0:	4b2f      	ldr	r3, [pc, #188]	; (10005ca0 <tud_task+0x1ec>)
10005be2:	681b      	ldr	r3, [r3, #0]
10005be4:	189b      	adds	r3, r3, r2
10005be6:	e7e8      	b.n	10005bba <tud_task+0x106>
10005be8:	4a2e      	ldr	r2, [pc, #184]	; (10005ca4 <tud_task+0x1f0>)
10005bea:	492f      	ldr	r1, [pc, #188]	; (10005ca8 <tud_task+0x1f4>)
10005bec:	482f      	ldr	r0, [pc, #188]	; (10005cac <tud_task+0x1f8>)
10005bee:	f7fe fb1b 	bl	10004228 <__wrap_printf>
10005bf2:	e765      	b.n	10005ac0 <tud_task+0xc>
10005bf4:	4b2e      	ldr	r3, [pc, #184]	; (10005cb0 <tud_task+0x1fc>)
10005bf6:	2b00      	cmp	r3, #0
10005bf8:	d100      	bne.n	10005bfc <tud_task+0x148>
10005bfa:	e770      	b.n	10005ade <tud_task+0x2a>
10005bfc:	4b21      	ldr	r3, [pc, #132]	; (10005c84 <tud_task+0x1d0>)
10005bfe:	7818      	ldrb	r0, [r3, #0]
10005c00:	0700      	lsls	r0, r0, #28
10005c02:	0fc0      	lsrs	r0, r0, #31
10005c04:	e000      	b.n	10005c08 <tud_task+0x154>
10005c06:	bf00      	nop
10005c08:	e769      	b.n	10005ade <tud_task+0x2a>
10005c0a:	4b2a      	ldr	r3, [pc, #168]	; (10005cb4 <tud_task+0x200>)
10005c0c:	2b00      	cmp	r3, #0
10005c0e:	d100      	bne.n	10005c12 <tud_task+0x15e>
10005c10:	e765      	b.n	10005ade <tud_task+0x2a>
10005c12:	e000      	b.n	10005c16 <tud_task+0x162>
10005c14:	bf00      	nop
10005c16:	e762      	b.n	10005ade <tud_task+0x2a>
10005c18:	00e2      	lsls	r2, r4, #3
10005c1a:	1b12      	subs	r2, r2, r4
10005c1c:	0092      	lsls	r2, r2, #2
10005c1e:	4b20      	ldr	r3, [pc, #128]	; (10005ca0 <tud_task+0x1ec>)
10005c20:	681b      	ldr	r3, [r3, #0]
10005c22:	189b      	adds	r3, r3, r2
10005c24:	e002      	b.n	10005c2c <tud_task+0x178>
10005c26:	0023      	movs	r3, r4
10005c28:	e014      	b.n	10005c54 <tud_task+0x1a0>
10005c2a:	002b      	movs	r3, r5
10005c2c:	699b      	ldr	r3, [r3, #24]
10005c2e:	2b00      	cmp	r3, #0
10005c30:	d002      	beq.n	10005c38 <tud_task+0x184>
10005c32:	aa01      	add	r2, sp, #4
10005c34:	7810      	ldrb	r0, [r2, #0]
10005c36:	4798      	blx	r3
10005c38:	3401      	adds	r4, #1
10005c3a:	b2e4      	uxtb	r4, r4
10005c3c:	4b16      	ldr	r3, [pc, #88]	; (10005c98 <tud_task+0x1e4>)
10005c3e:	781b      	ldrb	r3, [r3, #0]
10005c40:	42a3      	cmp	r3, r4
10005c42:	d200      	bcs.n	10005c46 <tud_task+0x192>
10005c44:	e74b      	b.n	10005ade <tud_task+0x2a>
10005c46:	4a13      	ldr	r2, [pc, #76]	; (10005c94 <tud_task+0x1e0>)
10005c48:	2a00      	cmp	r2, #0
10005c4a:	d0ec      	beq.n	10005c26 <tud_task+0x172>
10005c4c:	42a3      	cmp	r3, r4
10005c4e:	d8e3      	bhi.n	10005c18 <tud_task+0x164>
10005c50:	1ae3      	subs	r3, r4, r3
10005c52:	b2db      	uxtb	r3, r3
10005c54:	2b00      	cmp	r3, #0
10005c56:	d1e8      	bne.n	10005c2a <tud_task+0x176>
10005c58:	00da      	lsls	r2, r3, #3
10005c5a:	1ad2      	subs	r2, r2, r3
10005c5c:	0092      	lsls	r2, r2, #2
10005c5e:	4b0f      	ldr	r3, [pc, #60]	; (10005c9c <tud_task+0x1e8>)
10005c60:	189b      	adds	r3, r3, r2
10005c62:	e7e3      	b.n	10005c2c <tud_task+0x178>
10005c64:	2400      	movs	r4, #0
10005c66:	e7e9      	b.n	10005c3c <tud_task+0x188>
10005c68:	9b02      	ldr	r3, [sp, #8]
10005c6a:	2b00      	cmp	r3, #0
10005c6c:	d100      	bne.n	10005c70 <tud_task+0x1bc>
10005c6e:	e736      	b.n	10005ade <tud_task+0x2a>
10005c70:	9803      	ldr	r0, [sp, #12]
10005c72:	4798      	blx	r3
10005c74:	e733      	b.n	10005ade <tud_task+0x2a>
10005c76:	46c0      	nop			; (mov r8, r8)
10005c78:	10008720 	.word	0x10008720
10005c7c:	100087b0 	.word	0x100087b0
10005c80:	10008730 	.word	0x10008730
10005c84:	20001278 	.word	0x20001278
10005c88:	200012b4 	.word	0x200012b4
10005c8c:	1000878c 	.word	0x1000878c
	...
10005c98:	200019d8 	.word	0x200019d8
10005c9c:	10008848 	.word	0x10008848
10005ca0:	20000c78 	.word	0x20000c78
10005ca4:	0000020a 	.word	0x0000020a
10005ca8:	100087d4 	.word	0x100087d4
10005cac:	100086c8 	.word	0x100086c8
	...

10005cb8 <_data_stage_xact>:
10005cb8:	b5f8      	push	{r3, r4, r5, r6, r7, lr}
10005cba:	0005      	movs	r5, r0
10005cbc:	4b12      	ldr	r3, [pc, #72]	; (10005d08 <_data_stage_xact+0x50>)
10005cbe:	899f      	ldrh	r7, [r3, #12]
10005cc0:	89de      	ldrh	r6, [r3, #14]
10005cc2:	1bb9      	subs	r1, r7, r6
10005cc4:	b289      	uxth	r1, r1
10005cc6:	1c0b      	adds	r3, r1, #0
10005cc8:	2940      	cmp	r1, #64	; 0x40
10005cca:	d900      	bls.n	10005cce <_data_stage_xact+0x16>
10005ccc:	2340      	movs	r3, #64	; 0x40
10005cce:	b29c      	uxth	r4, r3
10005cd0:	4b0d      	ldr	r3, [pc, #52]	; (10005d08 <_data_stage_xact+0x50>)
10005cd2:	781b      	ldrb	r3, [r3, #0]
10005cd4:	b25b      	sxtb	r3, r3
10005cd6:	2b00      	cmp	r3, #0
10005cd8:	db08      	blt.n	10005cec <_data_stage_xact+0x34>
10005cda:	2100      	movs	r1, #0
10005cdc:	42b7      	cmp	r7, r6
10005cde:	d011      	beq.n	10005d04 <_data_stage_xact+0x4c>
10005ce0:	4a0a      	ldr	r2, [pc, #40]	; (10005d0c <_data_stage_xact+0x54>)
10005ce2:	0023      	movs	r3, r4
10005ce4:	0028      	movs	r0, r5
10005ce6:	f7fe ff17 	bl	10004b18 <dcd_edpt_xfer>
10005cea:	bdf8      	pop	{r3, r4, r5, r6, r7, pc}
10005cec:	42b7      	cmp	r7, r6
10005cee:	d101      	bne.n	10005cf4 <_data_stage_xact+0x3c>
10005cf0:	2180      	movs	r1, #128	; 0x80
10005cf2:	e7f3      	b.n	10005cdc <_data_stage_xact+0x24>
10005cf4:	4b04      	ldr	r3, [pc, #16]	; (10005d08 <_data_stage_xact+0x50>)
10005cf6:	6899      	ldr	r1, [r3, #8]
10005cf8:	0022      	movs	r2, r4
10005cfa:	4804      	ldr	r0, [pc, #16]	; (10005d0c <_data_stage_xact+0x54>)
10005cfc:	f7fe f960 	bl	10003fc0 <__wrap___aeabi_memcpy>
10005d00:	2180      	movs	r1, #128	; 0x80
10005d02:	e7eb      	b.n	10005cdc <_data_stage_xact+0x24>
10005d04:	2200      	movs	r2, #0
10005d06:	e7ec      	b.n	10005ce2 <_data_stage_xact+0x2a>
10005d08:	2000121c 	.word	0x2000121c
10005d0c:	20001238 	.word	0x20001238

10005d10 <tud_control_status>:
10005d10:	b570      	push	{r4, r5, r6, lr}
10005d12:	0006      	movs	r6, r0
10005d14:	000c      	movs	r4, r1
10005d16:	4d0b      	ldr	r5, [pc, #44]	; (10005d44 <tud_control_status+0x34>)
10005d18:	2208      	movs	r2, #8
10005d1a:	0028      	movs	r0, r5
10005d1c:	f7fe f950 	bl	10003fc0 <__wrap___aeabi_memcpy>
10005d20:	2300      	movs	r3, #0
10005d22:	60ab      	str	r3, [r5, #8]
10005d24:	81eb      	strh	r3, [r5, #14]
10005d26:	81ab      	strh	r3, [r5, #12]
10005d28:	2300      	movs	r3, #0
10005d2a:	56e3      	ldrsb	r3, [r4, r3]
10005d2c:	2b00      	cmp	r3, #0
10005d2e:	db06      	blt.n	10005d3e <tud_control_status+0x2e>
10005d30:	2180      	movs	r1, #128	; 0x80
10005d32:	2300      	movs	r3, #0
10005d34:	2200      	movs	r2, #0
10005d36:	0030      	movs	r0, r6
10005d38:	f7fe feee 	bl	10004b18 <dcd_edpt_xfer>
10005d3c:	bd70      	pop	{r4, r5, r6, pc}
10005d3e:	2100      	movs	r1, #0
10005d40:	e7f7      	b.n	10005d32 <tud_control_status+0x22>
10005d42:	46c0      	nop			; (mov r8, r8)
10005d44:	2000121c 	.word	0x2000121c

10005d48 <tud_control_xfer>:
10005d48:	b5f0      	push	{r4, r5, r6, r7, lr}
10005d4a:	46c6      	mov	lr, r8
10005d4c:	b500      	push	{lr}
10005d4e:	4680      	mov	r8, r0
10005d50:	000c      	movs	r4, r1
10005d52:	0016      	movs	r6, r2
10005d54:	001d      	movs	r5, r3
10005d56:	4f23      	ldr	r7, [pc, #140]	; (10005de4 <tud_control_xfer+0x9c>)
10005d58:	2208      	movs	r2, #8
10005d5a:	0038      	movs	r0, r7
10005d5c:	f7fe f930 	bl	10003fc0 <__wrap___aeabi_memcpy>
10005d60:	60be      	str	r6, [r7, #8]
10005d62:	2300      	movs	r3, #0
10005d64:	81fb      	strh	r3, [r7, #14]
10005d66:	79a3      	ldrb	r3, [r4, #6]
10005d68:	79e1      	ldrb	r1, [r4, #7]
10005d6a:	0209      	lsls	r1, r1, #8
10005d6c:	4319      	orrs	r1, r3
10005d6e:	1c0b      	adds	r3, r1, #0
10005d70:	42a9      	cmp	r1, r5
10005d72:	d900      	bls.n	10005d76 <tud_control_xfer+0x2e>
10005d74:	1c2b      	adds	r3, r5, #0
10005d76:	b299      	uxth	r1, r3
10005d78:	4a1a      	ldr	r2, [pc, #104]	; (10005de4 <tud_control_xfer+0x9c>)
10005d7a:	8193      	strh	r3, [r2, #12]
10005d7c:	79a2      	ldrb	r2, [r4, #6]
10005d7e:	79e3      	ldrb	r3, [r4, #7]
10005d80:	021b      	lsls	r3, r3, #8
10005d82:	4313      	orrs	r3, r2
10005d84:	d015      	beq.n	10005db2 <tud_control_xfer+0x6a>
10005d86:	2900      	cmp	r1, #0
10005d88:	d001      	beq.n	10005d8e <tud_control_xfer+0x46>
10005d8a:	2e00      	cmp	r6, #0
10005d8c:	d00a      	beq.n	10005da4 <tud_control_xfer+0x5c>
10005d8e:	4640      	mov	r0, r8
10005d90:	f7ff ff92 	bl	10005cb8 <_data_stage_xact>
10005d94:	1e04      	subs	r4, r0, #0
10005d96:	d118      	bne.n	10005dca <tud_control_xfer+0x82>
10005d98:	2280      	movs	r2, #128	; 0x80
10005d9a:	4913      	ldr	r1, [pc, #76]	; (10005de8 <tud_control_xfer+0xa0>)
10005d9c:	4813      	ldr	r0, [pc, #76]	; (10005dec <tud_control_xfer+0xa4>)
10005d9e:	f7fe fa43 	bl	10004228 <__wrap_printf>
10005da2:	e012      	b.n	10005dca <tud_control_xfer+0x82>
10005da4:	227a      	movs	r2, #122	; 0x7a
10005da6:	4910      	ldr	r1, [pc, #64]	; (10005de8 <tud_control_xfer+0xa0>)
10005da8:	4810      	ldr	r0, [pc, #64]	; (10005dec <tud_control_xfer+0xa4>)
10005daa:	f7fe fa3d 	bl	10004228 <__wrap_printf>
10005dae:	2400      	movs	r4, #0
10005db0:	e00b      	b.n	10005dca <tud_control_xfer+0x82>
10005db2:	2300      	movs	r3, #0
10005db4:	56e3      	ldrsb	r3, [r4, r3]
10005db6:	2b00      	cmp	r3, #0
10005db8:	db0b      	blt.n	10005dd2 <tud_control_xfer+0x8a>
10005dba:	2180      	movs	r1, #128	; 0x80
10005dbc:	2300      	movs	r3, #0
10005dbe:	2200      	movs	r2, #0
10005dc0:	4640      	mov	r0, r8
10005dc2:	f7fe fea9 	bl	10004b18 <dcd_edpt_xfer>
10005dc6:	1e04      	subs	r4, r0, #0
10005dc8:	d005      	beq.n	10005dd6 <tud_control_xfer+0x8e>
10005dca:	0020      	movs	r0, r4
10005dcc:	bc04      	pop	{r2}
10005dce:	4690      	mov	r8, r2
10005dd0:	bdf0      	pop	{r4, r5, r6, r7, pc}
10005dd2:	2100      	movs	r1, #0
10005dd4:	e7f2      	b.n	10005dbc <tud_control_xfer+0x74>
10005dd6:	2285      	movs	r2, #133	; 0x85
10005dd8:	4903      	ldr	r1, [pc, #12]	; (10005de8 <tud_control_xfer+0xa0>)
10005dda:	4804      	ldr	r0, [pc, #16]	; (10005dec <tud_control_xfer+0xa4>)
10005ddc:	f7fe fa24 	bl	10004228 <__wrap_printf>
10005de0:	e7f3      	b.n	10005dca <tud_control_xfer+0x82>
10005de2:	46c0      	nop			; (mov r8, r8)
10005de4:	2000121c 	.word	0x2000121c
10005de8:	10008864 	.word	0x10008864
10005dec:	100086c8 	.word	0x100086c8

10005df0 <usbd_control_reset>:
10005df0:	b510      	push	{r4, lr}
10005df2:	2214      	movs	r2, #20
10005df4:	2100      	movs	r1, #0
10005df6:	4802      	ldr	r0, [pc, #8]	; (10005e00 <usbd_control_reset+0x10>)
10005df8:	f7fe f8dc 	bl	10003fb4 <__wrap_memset>
10005dfc:	bd10      	pop	{r4, pc}
10005dfe:	46c0      	nop			; (mov r8, r8)
10005e00:	2000121c 	.word	0x2000121c

10005e04 <usbd_control_set_complete_callback>:
10005e04:	4b01      	ldr	r3, [pc, #4]	; (10005e0c <usbd_control_set_complete_callback+0x8>)
10005e06:	6118      	str	r0, [r3, #16]
10005e08:	4770      	bx	lr
10005e0a:	46c0      	nop			; (mov r8, r8)
10005e0c:	2000121c 	.word	0x2000121c

10005e10 <usbd_control_set_request>:
10005e10:	b510      	push	{r4, lr}
10005e12:	0001      	movs	r1, r0
10005e14:	4c04      	ldr	r4, [pc, #16]	; (10005e28 <usbd_control_set_request+0x18>)
10005e16:	2208      	movs	r2, #8
10005e18:	0020      	movs	r0, r4
10005e1a:	f7fe f8d1 	bl	10003fc0 <__wrap___aeabi_memcpy>
10005e1e:	2300      	movs	r3, #0
10005e20:	60a3      	str	r3, [r4, #8]
10005e22:	81e3      	strh	r3, [r4, #14]
10005e24:	81a3      	strh	r3, [r4, #12]
10005e26:	bd10      	pop	{r4, pc}
10005e28:	2000121c 	.word	0x2000121c

10005e2c <usbd_control_xfer_cb>:
10005e2c:	b570      	push	{r4, r5, r6, lr}
10005e2e:	0005      	movs	r5, r0
10005e30:	001c      	movs	r4, r3
10005e32:	09c9      	lsrs	r1, r1, #7
10005e34:	4b32      	ldr	r3, [pc, #200]	; (10005f00 <usbd_control_xfer_cb+0xd4>)
10005e36:	781b      	ldrb	r3, [r3, #0]
10005e38:	09db      	lsrs	r3, r3, #7
10005e3a:	428b      	cmp	r3, r1
10005e3c:	d011      	beq.n	10005e62 <usbd_control_xfer_cb+0x36>
10005e3e:	2c00      	cmp	r4, #0
10005e40:	d108      	bne.n	10005e54 <usbd_control_xfer_cb+0x28>
10005e42:	4b30      	ldr	r3, [pc, #192]	; (10005f04 <usbd_control_xfer_cb+0xd8>)
10005e44:	2b00      	cmp	r3, #0
10005e46:	d002      	beq.n	10005e4e <usbd_control_xfer_cb+0x22>
10005e48:	492d      	ldr	r1, [pc, #180]	; (10005f00 <usbd_control_xfer_cb+0xd4>)
10005e4a:	f7fe fe23 	bl	10004a94 <dcd_edpt0_status_complete>
10005e4e:	2401      	movs	r4, #1
10005e50:	0020      	movs	r0, r4
10005e52:	bd70      	pop	{r4, r5, r6, pc}
10005e54:	22ad      	movs	r2, #173	; 0xad
10005e56:	492c      	ldr	r1, [pc, #176]	; (10005f08 <usbd_control_xfer_cb+0xdc>)
10005e58:	482c      	ldr	r0, [pc, #176]	; (10005f0c <usbd_control_xfer_cb+0xe0>)
10005e5a:	f7fe f9e5 	bl	10004228 <__wrap_printf>
10005e5e:	2400      	movs	r4, #0
10005e60:	e7f6      	b.n	10005e50 <usbd_control_xfer_cb+0x24>
10005e62:	4b27      	ldr	r3, [pc, #156]	; (10005f00 <usbd_control_xfer_cb+0xd4>)
10005e64:	781b      	ldrb	r3, [r3, #0]
10005e66:	b25b      	sxtb	r3, r3
10005e68:	2b00      	cmp	r3, #0
10005e6a:	db07      	blt.n	10005e7c <usbd_control_xfer_cb+0x50>
10005e6c:	4b24      	ldr	r3, [pc, #144]	; (10005f00 <usbd_control_xfer_cb+0xd4>)
10005e6e:	6898      	ldr	r0, [r3, #8]
10005e70:	2800      	cmp	r0, #0
10005e72:	d043      	beq.n	10005efc <usbd_control_xfer_cb+0xd0>
10005e74:	0022      	movs	r2, r4
10005e76:	4926      	ldr	r1, [pc, #152]	; (10005f10 <usbd_control_xfer_cb+0xe4>)
10005e78:	f7fe f8a2 	bl	10003fc0 <__wrap___aeabi_memcpy>
10005e7c:	4a20      	ldr	r2, [pc, #128]	; (10005f00 <usbd_control_xfer_cb+0xd4>)
10005e7e:	89d3      	ldrh	r3, [r2, #14]
10005e80:	191b      	adds	r3, r3, r4
10005e82:	b29b      	uxth	r3, r3
10005e84:	81d3      	strh	r3, [r2, #14]
10005e86:	6891      	ldr	r1, [r2, #8]
10005e88:	1909      	adds	r1, r1, r4
10005e8a:	6091      	str	r1, [r2, #8]
10005e8c:	88d2      	ldrh	r2, [r2, #6]
10005e8e:	4293      	cmp	r3, r2
10005e90:	d001      	beq.n	10005e96 <usbd_control_xfer_cb+0x6a>
10005e92:	2c3f      	cmp	r4, #63	; 0x3f
10005e94:	d827      	bhi.n	10005ee6 <usbd_control_xfer_cb+0xba>
10005e96:	4b1a      	ldr	r3, [pc, #104]	; (10005f00 <usbd_control_xfer_cb+0xd4>)
10005e98:	691b      	ldr	r3, [r3, #16]
10005e9a:	2b00      	cmp	r3, #0
10005e9c:	d004      	beq.n	10005ea8 <usbd_control_xfer_cb+0x7c>
10005e9e:	4918      	ldr	r1, [pc, #96]	; (10005f00 <usbd_control_xfer_cb+0xd4>)
10005ea0:	0028      	movs	r0, r5
10005ea2:	4798      	blx	r3
10005ea4:	2800      	cmp	r0, #0
10005ea6:	d014      	beq.n	10005ed2 <usbd_control_xfer_cb+0xa6>
10005ea8:	4b15      	ldr	r3, [pc, #84]	; (10005f00 <usbd_control_xfer_cb+0xd4>)
10005eaa:	781b      	ldrb	r3, [r3, #0]
10005eac:	b25b      	sxtb	r3, r3
10005eae:	2b00      	cmp	r3, #0
10005eb0:	db0d      	blt.n	10005ece <usbd_control_xfer_cb+0xa2>
10005eb2:	2180      	movs	r1, #128	; 0x80
10005eb4:	2300      	movs	r3, #0
10005eb6:	2200      	movs	r2, #0
10005eb8:	0028      	movs	r0, r5
10005eba:	f7fe fe2d 	bl	10004b18 <dcd_edpt_xfer>
10005ebe:	1e04      	subs	r4, r0, #0
10005ec0:	d1c6      	bne.n	10005e50 <usbd_control_xfer_cb+0x24>
10005ec2:	22d0      	movs	r2, #208	; 0xd0
10005ec4:	4910      	ldr	r1, [pc, #64]	; (10005f08 <usbd_control_xfer_cb+0xdc>)
10005ec6:	4811      	ldr	r0, [pc, #68]	; (10005f0c <usbd_control_xfer_cb+0xe0>)
10005ec8:	f7fe f9ae 	bl	10004228 <__wrap_printf>
10005ecc:	e7c0      	b.n	10005e50 <usbd_control_xfer_cb+0x24>
10005ece:	2100      	movs	r1, #0
10005ed0:	e7f0      	b.n	10005eb4 <usbd_control_xfer_cb+0x88>
10005ed2:	2100      	movs	r1, #0
10005ed4:	0028      	movs	r0, r5
10005ed6:	f7fe fe39 	bl	10004b4c <dcd_edpt_stall>
10005eda:	2180      	movs	r1, #128	; 0x80
10005edc:	0028      	movs	r0, r5
10005ede:	f7fe fe35 	bl	10004b4c <dcd_edpt_stall>
10005ee2:	2401      	movs	r4, #1
10005ee4:	e7b4      	b.n	10005e50 <usbd_control_xfer_cb+0x24>
10005ee6:	0028      	movs	r0, r5
10005ee8:	f7ff fee6 	bl	10005cb8 <_data_stage_xact>
10005eec:	1e04      	subs	r4, r0, #0
10005eee:	d1af      	bne.n	10005e50 <usbd_control_xfer_cb+0x24>
10005ef0:	22db      	movs	r2, #219	; 0xdb
10005ef2:	4905      	ldr	r1, [pc, #20]	; (10005f08 <usbd_control_xfer_cb+0xdc>)
10005ef4:	4805      	ldr	r0, [pc, #20]	; (10005f0c <usbd_control_xfer_cb+0xe0>)
10005ef6:	f7fe f997 	bl	10004228 <__wrap_printf>
10005efa:	e7a9      	b.n	10005e50 <usbd_control_xfer_cb+0x24>
10005efc:	2400      	movs	r4, #0
10005efe:	e7a7      	b.n	10005e50 <usbd_control_xfer_cb+0x24>
10005f00:	2000121c 	.word	0x2000121c
10005f04:	10004a95 	.word	0x10004a95
10005f08:	10008878 	.word	0x10008878
10005f0c:	100086c8 	.word	0x100086c8
10005f10:	20001238 	.word	0x20001238

10005f14 <_prep_out_transaction>:
10005f14:	b570      	push	{r4, r5, r6, lr}
10005f16:	0004      	movs	r4, r0
10005f18:	0005      	movs	r5, r0
10005f1a:	3510      	adds	r5, #16
10005f1c:	0028      	movs	r0, r5
10005f1e:	f000 fc6e 	bl	100067fe <tu_fifo_remaining>
10005f22:	283f      	cmp	r0, #63	; 0x3f
10005f24:	d800      	bhi.n	10005f28 <_prep_out_transaction+0x14>
10005f26:	bd70      	pop	{r4, r5, r6, pc}
10005f28:	78e1      	ldrb	r1, [r4, #3]
10005f2a:	2000      	movs	r0, #0
10005f2c:	f7ff fb10 	bl	10005550 <usbd_edpt_claim>
10005f30:	2800      	cmp	r0, #0
10005f32:	d0f8      	beq.n	10005f26 <_prep_out_transaction+0x12>
10005f34:	0028      	movs	r0, r5
10005f36:	f000 fc62 	bl	100067fe <tu_fifo_remaining>
10005f3a:	283f      	cmp	r0, #63	; 0x3f
10005f3c:	d908      	bls.n	10005f50 <_prep_out_transaction+0x3c>
10005f3e:	2394      	movs	r3, #148	; 0x94
10005f40:	009b      	lsls	r3, r3, #2
10005f42:	18e2      	adds	r2, r4, r3
10005f44:	78e1      	ldrb	r1, [r4, #3]
10005f46:	2340      	movs	r3, #64	; 0x40
10005f48:	2000      	movs	r0, #0
10005f4a:	f7ff fb7b 	bl	10005644 <usbd_edpt_xfer>
10005f4e:	e7ea      	b.n	10005f26 <_prep_out_transaction+0x12>
10005f50:	78e1      	ldrb	r1, [r4, #3]
10005f52:	2000      	movs	r0, #0
10005f54:	f7ff fb42 	bl	100055dc <usbd_edpt_release>
10005f58:	e7e5      	b.n	10005f26 <_prep_out_transaction+0x12>
	...

10005f5c <tud_cdc_n_connected>:
10005f5c:	b510      	push	{r4, lr}
10005f5e:	0004      	movs	r4, r0
10005f60:	f7ff f90e 	bl	10005180 <tud_mounted>
10005f64:	2800      	cmp	r0, #0
10005f66:	d10e      	bne.n	10005f86 <tud_cdc_n_connected+0x2a>
10005f68:	2300      	movs	r3, #0
10005f6a:	2b00      	cmp	r3, #0
10005f6c:	d013      	beq.n	10005f96 <tud_cdc_n_connected+0x3a>
10005f6e:	0060      	lsls	r0, r4, #1
10005f70:	1904      	adds	r4, r0, r4
10005f72:	0123      	lsls	r3, r4, #4
10005f74:	1b1c      	subs	r4, r3, r4
10005f76:	0124      	lsls	r4, r4, #4
10005f78:	4809      	ldr	r0, [pc, #36]	; (10005fa0 <tud_cdc_n_connected+0x44>)
10005f7a:	1904      	adds	r4, r0, r4
10005f7c:	7923      	ldrb	r3, [r4, #4]
10005f7e:	07db      	lsls	r3, r3, #31
10005f80:	d50b      	bpl.n	10005f9a <tud_cdc_n_connected+0x3e>
10005f82:	2001      	movs	r0, #1
10005f84:	e008      	b.n	10005f98 <tud_cdc_n_connected+0x3c>
10005f86:	f7ff f903 	bl	10005190 <tud_suspended>
10005f8a:	2800      	cmp	r0, #0
10005f8c:	d101      	bne.n	10005f92 <tud_cdc_n_connected+0x36>
10005f8e:	2301      	movs	r3, #1
10005f90:	e7eb      	b.n	10005f6a <tud_cdc_n_connected+0xe>
10005f92:	2300      	movs	r3, #0
10005f94:	e7e9      	b.n	10005f6a <tud_cdc_n_connected+0xe>
10005f96:	2000      	movs	r0, #0
10005f98:	bd10      	pop	{r4, pc}
10005f9a:	2000      	movs	r0, #0
10005f9c:	e7fc      	b.n	10005f98 <tud_cdc_n_connected+0x3c>
10005f9e:	46c0      	nop			; (mov r8, r8)
10005fa0:	20000c7c 	.word	0x20000c7c

10005fa4 <tud_cdc_n_available>:
10005fa4:	b510      	push	{r4, lr}
10005fa6:	0003      	movs	r3, r0
10005fa8:	0040      	lsls	r0, r0, #1
10005faa:	18c3      	adds	r3, r0, r3
10005fac:	0118      	lsls	r0, r3, #4
10005fae:	1ac0      	subs	r0, r0, r3
10005fb0:	0100      	lsls	r0, r0, #4
10005fb2:	3010      	adds	r0, #16
10005fb4:	4b02      	ldr	r3, [pc, #8]	; (10005fc0 <tud_cdc_n_available+0x1c>)
10005fb6:	18c0      	adds	r0, r0, r3
10005fb8:	f000 fc13 	bl	100067e2 <tu_fifo_count>
10005fbc:	bd10      	pop	{r4, pc}
10005fbe:	46c0      	nop			; (mov r8, r8)
10005fc0:	20000c7c 	.word	0x20000c7c

10005fc4 <tud_cdc_n_read>:
10005fc4:	b570      	push	{r4, r5, r6, lr}
10005fc6:	0003      	movs	r3, r0
10005fc8:	0040      	lsls	r0, r0, #1
10005fca:	18c0      	adds	r0, r0, r3
10005fcc:	0103      	lsls	r3, r0, #4
10005fce:	1a1c      	subs	r4, r3, r0
10005fd0:	0124      	lsls	r4, r4, #4
10005fd2:	4d07      	ldr	r5, [pc, #28]	; (10005ff0 <tud_cdc_n_read+0x2c>)
10005fd4:	1964      	adds	r4, r4, r5
10005fd6:	b292      	uxth	r2, r2
10005fd8:	1a18      	subs	r0, r3, r0
10005fda:	0100      	lsls	r0, r0, #4
10005fdc:	3010      	adds	r0, #16
10005fde:	1940      	adds	r0, r0, r5
10005fe0:	f000 fc3a 	bl	10006858 <tu_fifo_read_n>
10005fe4:	0005      	movs	r5, r0
10005fe6:	0020      	movs	r0, r4
10005fe8:	f7ff ff94 	bl	10005f14 <_prep_out_transaction>
10005fec:	0028      	movs	r0, r5
10005fee:	bd70      	pop	{r4, r5, r6, pc}
10005ff0:	20000c7c 	.word	0x20000c7c

10005ff4 <tud_cdc_n_write_flush>:
10005ff4:	b570      	push	{r4, r5, r6, lr}
10005ff6:	0005      	movs	r5, r0
10005ff8:	0043      	lsls	r3, r0, #1
10005ffa:	181b      	adds	r3, r3, r0
10005ffc:	011c      	lsls	r4, r3, #4
10005ffe:	1ae4      	subs	r4, r4, r3
10006000:	0124      	lsls	r4, r4, #4
10006002:	3428      	adds	r4, #40	; 0x28
10006004:	4b29      	ldr	r3, [pc, #164]	; (100060ac <tud_cdc_n_write_flush+0xb8>)
10006006:	18e4      	adds	r4, r4, r3
10006008:	0020      	movs	r0, r4
1000600a:	f000 fbea 	bl	100067e2 <tu_fifo_count>
1000600e:	2800      	cmp	r0, #0
10006010:	d101      	bne.n	10006016 <tud_cdc_n_write_flush+0x22>
10006012:	2000      	movs	r0, #0
10006014:	bd70      	pop	{r4, r5, r6, pc}
10006016:	006a      	lsls	r2, r5, #1
10006018:	1952      	adds	r2, r2, r5
1000601a:	0113      	lsls	r3, r2, #4
1000601c:	1a9b      	subs	r3, r3, r2
1000601e:	011b      	lsls	r3, r3, #4
10006020:	4a22      	ldr	r2, [pc, #136]	; (100060ac <tud_cdc_n_write_flush+0xb8>)
10006022:	18d3      	adds	r3, r2, r3
10006024:	7899      	ldrb	r1, [r3, #2]
10006026:	2000      	movs	r0, #0
10006028:	f7ff fa92 	bl	10005550 <usbd_edpt_claim>
1000602c:	2800      	cmp	r0, #0
1000602e:	d101      	bne.n	10006034 <tud_cdc_n_write_flush+0x40>
10006030:	2000      	movs	r0, #0
10006032:	e7ef      	b.n	10006014 <tud_cdc_n_write_flush+0x20>
10006034:	006a      	lsls	r2, r5, #1
10006036:	1952      	adds	r2, r2, r5
10006038:	0113      	lsls	r3, r2, #4
1000603a:	1a9b      	subs	r3, r3, r2
1000603c:	011b      	lsls	r3, r3, #4
1000603e:	22a4      	movs	r2, #164	; 0xa4
10006040:	0092      	lsls	r2, r2, #2
10006042:	4694      	mov	ip, r2
10006044:	4463      	add	r3, ip
10006046:	4e19      	ldr	r6, [pc, #100]	; (100060ac <tud_cdc_n_write_flush+0xb8>)
10006048:	199e      	adds	r6, r3, r6
1000604a:	2240      	movs	r2, #64	; 0x40
1000604c:	0031      	movs	r1, r6
1000604e:	0020      	movs	r0, r4
10006050:	f000 fc02 	bl	10006858 <tu_fifo_read_n>
10006054:	1e04      	subs	r4, r0, #0
10006056:	d004      	beq.n	10006062 <tud_cdc_n_write_flush+0x6e>
10006058:	0028      	movs	r0, r5
1000605a:	f7ff ff7f 	bl	10005f5c <tud_cdc_n_connected>
1000605e:	2800      	cmp	r0, #0
10006060:	d10c      	bne.n	1000607c <tud_cdc_n_write_flush+0x88>
10006062:	0068      	lsls	r0, r5, #1
10006064:	1945      	adds	r5, r0, r5
10006066:	012b      	lsls	r3, r5, #4
10006068:	1b5d      	subs	r5, r3, r5
1000606a:	012d      	lsls	r5, r5, #4
1000606c:	4b0f      	ldr	r3, [pc, #60]	; (100060ac <tud_cdc_n_write_flush+0xb8>)
1000606e:	195d      	adds	r5, r3, r5
10006070:	78a9      	ldrb	r1, [r5, #2]
10006072:	2000      	movs	r0, #0
10006074:	f7ff fab2 	bl	100055dc <usbd_edpt_release>
10006078:	2000      	movs	r0, #0
1000607a:	e7cb      	b.n	10006014 <tud_cdc_n_write_flush+0x20>
1000607c:	0068      	lsls	r0, r5, #1
1000607e:	1945      	adds	r5, r0, r5
10006080:	012b      	lsls	r3, r5, #4
10006082:	1b5d      	subs	r5, r3, r5
10006084:	012d      	lsls	r5, r5, #4
10006086:	4b09      	ldr	r3, [pc, #36]	; (100060ac <tud_cdc_n_write_flush+0xb8>)
10006088:	195d      	adds	r5, r3, r5
1000608a:	78a9      	ldrb	r1, [r5, #2]
1000608c:	0023      	movs	r3, r4
1000608e:	0032      	movs	r2, r6
10006090:	2000      	movs	r0, #0
10006092:	f7ff fad7 	bl	10005644 <usbd_edpt_xfer>
10006096:	2800      	cmp	r0, #0
10006098:	d001      	beq.n	1000609e <tud_cdc_n_write_flush+0xaa>
1000609a:	0020      	movs	r0, r4
1000609c:	e7ba      	b.n	10006014 <tud_cdc_n_write_flush+0x20>
1000609e:	22c2      	movs	r2, #194	; 0xc2
100060a0:	4903      	ldr	r1, [pc, #12]	; (100060b0 <tud_cdc_n_write_flush+0xbc>)
100060a2:	4804      	ldr	r0, [pc, #16]	; (100060b4 <tud_cdc_n_write_flush+0xc0>)
100060a4:	f7fe f8c0 	bl	10004228 <__wrap_printf>
100060a8:	2000      	movs	r0, #0
100060aa:	e7b3      	b.n	10006014 <tud_cdc_n_write_flush+0x20>
100060ac:	20000c7c 	.word	0x20000c7c
100060b0:	10008890 	.word	0x10008890
100060b4:	100086c8 	.word	0x100086c8

100060b8 <tud_cdc_n_write>:
100060b8:	b570      	push	{r4, r5, r6, lr}
100060ba:	0005      	movs	r5, r0
100060bc:	0043      	lsls	r3, r0, #1
100060be:	181b      	adds	r3, r3, r0
100060c0:	011c      	lsls	r4, r3, #4
100060c2:	1ae4      	subs	r4, r4, r3
100060c4:	0124      	lsls	r4, r4, #4
100060c6:	3428      	adds	r4, #40	; 0x28
100060c8:	4b08      	ldr	r3, [pc, #32]	; (100060ec <tud_cdc_n_write+0x34>)
100060ca:	18e4      	adds	r4, r4, r3
100060cc:	b292      	uxth	r2, r2
100060ce:	0020      	movs	r0, r4
100060d0:	f000 fc0f 	bl	100068f2 <tu_fifo_write_n>
100060d4:	0006      	movs	r6, r0
100060d6:	0020      	movs	r0, r4
100060d8:	f000 fb83 	bl	100067e2 <tu_fifo_count>
100060dc:	283f      	cmp	r0, #63	; 0x3f
100060de:	d801      	bhi.n	100060e4 <tud_cdc_n_write+0x2c>
100060e0:	0030      	movs	r0, r6
100060e2:	bd70      	pop	{r4, r5, r6, pc}
100060e4:	0028      	movs	r0, r5
100060e6:	f7ff ff85 	bl	10005ff4 <tud_cdc_n_write_flush>
100060ea:	e7f9      	b.n	100060e0 <tud_cdc_n_write+0x28>
100060ec:	20000c7c 	.word	0x20000c7c

100060f0 <tud_cdc_n_write_available>:
100060f0:	b510      	push	{r4, lr}
100060f2:	0003      	movs	r3, r0
100060f4:	0040      	lsls	r0, r0, #1
100060f6:	18c3      	adds	r3, r0, r3
100060f8:	0118      	lsls	r0, r3, #4
100060fa:	1ac0      	subs	r0, r0, r3
100060fc:	0100      	lsls	r0, r0, #4
100060fe:	3028      	adds	r0, #40	; 0x28
10006100:	4b02      	ldr	r3, [pc, #8]	; (1000610c <tud_cdc_n_write_available+0x1c>)
10006102:	18c0      	adds	r0, r0, r3
10006104:	f000 fb7b 	bl	100067fe <tu_fifo_remaining>
10006108:	bd10      	pop	{r4, pc}
1000610a:	46c0      	nop			; (mov r8, r8)
1000610c:	20000c7c 	.word	0x20000c7c

10006110 <cdcd_init>:
10006110:	b5f0      	push	{r4, r5, r6, r7, lr}
10006112:	46d6      	mov	lr, sl
10006114:	464f      	mov	r7, r9
10006116:	4646      	mov	r6, r8
10006118:	b5c0      	push	{r6, r7, lr}
1000611a:	b082      	sub	sp, #8
1000611c:	22b4      	movs	r2, #180	; 0xb4
1000611e:	00d2      	lsls	r2, r2, #3
10006120:	2100      	movs	r1, #0
10006122:	4831      	ldr	r0, [pc, #196]	; (100061e8 <cdcd_init+0xd8>)
10006124:	f7fd ff46 	bl	10003fb4 <__wrap_memset>
10006128:	2300      	movs	r3, #0
1000612a:	4698      	mov	r8, r3
1000612c:	e052      	b.n	100061d4 <cdcd_init+0xc4>
1000612e:	4e2e      	ldr	r6, [pc, #184]	; (100061e8 <cdcd_init+0xd8>)
10006130:	4643      	mov	r3, r8
10006132:	005d      	lsls	r5, r3, #1
10006134:	4445      	add	r5, r8
10006136:	012c      	lsls	r4, r5, #4
10006138:	1b63      	subs	r3, r4, r5
1000613a:	011f      	lsls	r7, r3, #4
1000613c:	19f7      	adds	r7, r6, r7
1000613e:	23ff      	movs	r3, #255	; 0xff
10006140:	717b      	strb	r3, [r7, #5]
10006142:	2300      	movs	r3, #0
10006144:	469a      	mov	sl, r3
10006146:	4a29      	ldr	r2, [pc, #164]	; (100061ec <cdcd_init+0xdc>)
10006148:	80fa      	strh	r2, [r7, #6]
1000614a:	2201      	movs	r2, #1
1000614c:	813a      	strh	r2, [r7, #8]
1000614e:	72bb      	strb	r3, [r7, #10]
10006150:	72fb      	strb	r3, [r7, #11]
10006152:	2308      	movs	r3, #8
10006154:	733b      	strb	r3, [r7, #12]
10006156:	1b63      	subs	r3, r4, r5
10006158:	0119      	lsls	r1, r3, #4
1000615a:	3140      	adds	r1, #64	; 0x40
1000615c:	1989      	adds	r1, r1, r6
1000615e:	2380      	movs	r3, #128	; 0x80
10006160:	005b      	lsls	r3, r3, #1
10006162:	4699      	mov	r9, r3
10006164:	1b63      	subs	r3, r4, r5
10006166:	0118      	lsls	r0, r3, #4
10006168:	3010      	adds	r0, #16
1000616a:	1980      	adds	r0, r0, r6
1000616c:	4653      	mov	r3, sl
1000616e:	9300      	str	r3, [sp, #0]
10006170:	3301      	adds	r3, #1
10006172:	464a      	mov	r2, r9
10006174:	f000 fb11 	bl	1000679a <tu_fifo_config>
10006178:	1b63      	subs	r3, r4, r5
1000617a:	0119      	lsls	r1, r3, #4
1000617c:	3141      	adds	r1, #65	; 0x41
1000617e:	31ff      	adds	r1, #255	; 0xff
10006180:	1989      	adds	r1, r1, r6
10006182:	1b63      	subs	r3, r4, r5
10006184:	0118      	lsls	r0, r3, #4
10006186:	3028      	adds	r0, #40	; 0x28
10006188:	1980      	adds	r0, r0, r6
1000618a:	4653      	mov	r3, sl
1000618c:	9300      	str	r3, [sp, #0]
1000618e:	3301      	adds	r3, #1
10006190:	464a      	mov	r2, r9
10006192:	f000 fb02 	bl	1000679a <tu_fifo_config>
10006196:	1b62      	subs	r2, r4, r5
10006198:	0113      	lsls	r3, r2, #4
1000619a:	2290      	movs	r2, #144	; 0x90
1000619c:	0092      	lsls	r2, r2, #2
1000619e:	4694      	mov	ip, r2
100061a0:	4463      	add	r3, ip
100061a2:	4699      	mov	r9, r3
100061a4:	44b1      	add	r9, r6
100061a6:	4648      	mov	r0, r9
100061a8:	f7fb f840 	bl	1000122c <mutex_init>
100061ac:	464b      	mov	r3, r9
100061ae:	627b      	str	r3, [r7, #36]	; 0x24
100061b0:	1b63      	subs	r3, r4, r5
100061b2:	011f      	lsls	r7, r3, #4
100061b4:	2392      	movs	r3, #146	; 0x92
100061b6:	009b      	lsls	r3, r3, #2
100061b8:	469c      	mov	ip, r3
100061ba:	4467      	add	r7, ip
100061bc:	19bf      	adds	r7, r7, r6
100061be:	0038      	movs	r0, r7
100061c0:	f7fb f834 	bl	1000122c <mutex_init>
100061c4:	1b64      	subs	r4, r4, r5
100061c6:	0123      	lsls	r3, r4, #4
100061c8:	18f6      	adds	r6, r6, r3
100061ca:	63f7      	str	r7, [r6, #60]	; 0x3c
100061cc:	4643      	mov	r3, r8
100061ce:	3301      	adds	r3, #1
100061d0:	b2db      	uxtb	r3, r3
100061d2:	4698      	mov	r8, r3
100061d4:	4643      	mov	r3, r8
100061d6:	2b01      	cmp	r3, #1
100061d8:	d9a9      	bls.n	1000612e <cdcd_init+0x1e>
100061da:	b002      	add	sp, #8
100061dc:	bc1c      	pop	{r2, r3, r4}
100061de:	4690      	mov	r8, r2
100061e0:	4699      	mov	r9, r3
100061e2:	46a2      	mov	sl, r4
100061e4:	bdf0      	pop	{r4, r5, r6, r7, pc}
100061e6:	46c0      	nop			; (mov r8, r8)
100061e8:	20000c7c 	.word	0x20000c7c
100061ec:	ffffc200 	.word	0xffffc200

100061f0 <cdcd_reset>:
100061f0:	b5f8      	push	{r3, r4, r5, r6, r7, lr}
100061f2:	2400      	movs	r4, #0
100061f4:	e018      	b.n	10006228 <cdcd_reset+0x38>
100061f6:	0066      	lsls	r6, r4, #1
100061f8:	1936      	adds	r6, r6, r4
100061fa:	0135      	lsls	r5, r6, #4
100061fc:	1bab      	subs	r3, r5, r6
100061fe:	0118      	lsls	r0, r3, #4
10006200:	4f0b      	ldr	r7, [pc, #44]	; (10006230 <cdcd_reset+0x40>)
10006202:	19c0      	adds	r0, r0, r7
10006204:	2205      	movs	r2, #5
10006206:	2100      	movs	r1, #0
10006208:	f7fd fed4 	bl	10003fb4 <__wrap_memset>
1000620c:	1bab      	subs	r3, r5, r6
1000620e:	0118      	lsls	r0, r3, #4
10006210:	3010      	adds	r0, #16
10006212:	19c0      	adds	r0, r0, r7
10006214:	f000 fbab 	bl	1000696e <tu_fifo_clear>
10006218:	1bad      	subs	r5, r5, r6
1000621a:	0128      	lsls	r0, r5, #4
1000621c:	3028      	adds	r0, #40	; 0x28
1000621e:	19c0      	adds	r0, r0, r7
10006220:	f000 fba5 	bl	1000696e <tu_fifo_clear>
10006224:	3401      	adds	r4, #1
10006226:	b2e4      	uxtb	r4, r4
10006228:	2c01      	cmp	r4, #1
1000622a:	d9e4      	bls.n	100061f6 <cdcd_reset+0x6>
1000622c:	bdf8      	pop	{r3, r4, r5, r6, r7, pc}
1000622e:	46c0      	nop			; (mov r8, r8)
10006230:	20000c7c 	.word	0x20000c7c

10006234 <cdcd_open>:
10006234:	b5f0      	push	{r4, r5, r6, r7, lr}
10006236:	b083      	sub	sp, #12
10006238:	0006      	movs	r6, r0
1000623a:	794b      	ldrb	r3, [r1, #5]
1000623c:	2b02      	cmp	r3, #2
1000623e:	d179      	bne.n	10006334 <cdcd_open+0x100>
10006240:	798b      	ldrb	r3, [r1, #6]
10006242:	2b02      	cmp	r3, #2
10006244:	d000      	beq.n	10006248 <cdcd_open+0x14>
10006246:	e079      	b.n	1000633c <cdcd_open+0x108>
10006248:	79cb      	ldrb	r3, [r1, #7]
1000624a:	2b06      	cmp	r3, #6
1000624c:	d812      	bhi.n	10006274 <cdcd_open+0x40>
1000624e:	2301      	movs	r3, #1
10006250:	2b00      	cmp	r3, #0
10006252:	d011      	beq.n	10006278 <cdcd_open+0x44>
10006254:	2300      	movs	r3, #0
10006256:	2b01      	cmp	r3, #1
10006258:	d817      	bhi.n	1000628a <cdcd_open+0x56>
1000625a:	005d      	lsls	r5, r3, #1
1000625c:	18ed      	adds	r5, r5, r3
1000625e:	0128      	lsls	r0, r5, #4
10006260:	1b40      	subs	r0, r0, r5
10006262:	0100      	lsls	r0, r0, #4
10006264:	4d36      	ldr	r5, [pc, #216]	; (10006340 <cdcd_open+0x10c>)
10006266:	1828      	adds	r0, r5, r0
10006268:	7880      	ldrb	r0, [r0, #2]
1000626a:	2800      	cmp	r0, #0
1000626c:	d006      	beq.n	1000627c <cdcd_open+0x48>
1000626e:	3301      	adds	r3, #1
10006270:	b2db      	uxtb	r3, r3
10006272:	e7f0      	b.n	10006256 <cdcd_open+0x22>
10006274:	2300      	movs	r3, #0
10006276:	e7eb      	b.n	10006250 <cdcd_open+0x1c>
10006278:	2500      	movs	r5, #0
1000627a:	e05c      	b.n	10006336 <cdcd_open+0x102>
1000627c:	005f      	lsls	r7, r3, #1
1000627e:	18fc      	adds	r4, r7, r3
10006280:	0127      	lsls	r7, r4, #4
10006282:	1b3f      	subs	r7, r7, r4
10006284:	013f      	lsls	r7, r7, #4
10006286:	197f      	adds	r7, r7, r5
10006288:	e000      	b.n	1000628c <cdcd_open+0x58>
1000628a:	2700      	movs	r7, #0
1000628c:	2f00      	cmp	r7, #0
1000628e:	d00e      	beq.n	100062ae <cdcd_open+0x7a>
10006290:	788b      	ldrb	r3, [r1, #2]
10006292:	703b      	strb	r3, [r7, #0]
10006294:	780c      	ldrb	r4, [r1, #0]
10006296:	190c      	adds	r4, r1, r4
10006298:	2509      	movs	r5, #9
1000629a:	7863      	ldrb	r3, [r4, #1]
1000629c:	2b24      	cmp	r3, #36	; 0x24
1000629e:	d10e      	bne.n	100062be <cdcd_open+0x8a>
100062a0:	4295      	cmp	r5, r2
100062a2:	d80c      	bhi.n	100062be <cdcd_open+0x8a>
100062a4:	7821      	ldrb	r1, [r4, #0]
100062a6:	194d      	adds	r5, r1, r5
100062a8:	b2ad      	uxth	r5, r5
100062aa:	1864      	adds	r4, r4, r1
100062ac:	e7f5      	b.n	1000629a <cdcd_open+0x66>
100062ae:	2288      	movs	r2, #136	; 0x88
100062b0:	0052      	lsls	r2, r2, #1
100062b2:	4924      	ldr	r1, [pc, #144]	; (10006344 <cdcd_open+0x110>)
100062b4:	4824      	ldr	r0, [pc, #144]	; (10006348 <cdcd_open+0x114>)
100062b6:	f7fd ffb7 	bl	10004228 <__wrap_printf>
100062ba:	2500      	movs	r5, #0
100062bc:	e03b      	b.n	10006336 <cdcd_open+0x102>
100062be:	2b05      	cmp	r3, #5
100062c0:	d009      	beq.n	100062d6 <cdcd_open+0xa2>
100062c2:	7863      	ldrb	r3, [r4, #1]
100062c4:	2b04      	cmp	r3, #4
100062c6:	d102      	bne.n	100062ce <cdcd_open+0x9a>
100062c8:	7963      	ldrb	r3, [r4, #5]
100062ca:	2b0a      	cmp	r3, #10
100062cc:	d018      	beq.n	10006300 <cdcd_open+0xcc>
100062ce:	0038      	movs	r0, r7
100062d0:	f7ff fe20 	bl	10005f14 <_prep_out_transaction>
100062d4:	e02f      	b.n	10006336 <cdcd_open+0x102>
100062d6:	0021      	movs	r1, r4
100062d8:	0030      	movs	r0, r6
100062da:	f7ff f8ee 	bl	100054ba <usbd_edpt_open>
100062de:	2800      	cmp	r0, #0
100062e0:	d006      	beq.n	100062f0 <cdcd_open+0xbc>
100062e2:	78a3      	ldrb	r3, [r4, #2]
100062e4:	707b      	strb	r3, [r7, #1]
100062e6:	7822      	ldrb	r2, [r4, #0]
100062e8:	1955      	adds	r5, r2, r5
100062ea:	b2ad      	uxth	r5, r5
100062ec:	18a4      	adds	r4, r4, r2
100062ee:	e7e8      	b.n	100062c2 <cdcd_open+0x8e>
100062f0:	2291      	movs	r2, #145	; 0x91
100062f2:	0052      	lsls	r2, r2, #1
100062f4:	4913      	ldr	r1, [pc, #76]	; (10006344 <cdcd_open+0x110>)
100062f6:	4814      	ldr	r0, [pc, #80]	; (10006348 <cdcd_open+0x114>)
100062f8:	f7fd ff96 	bl	10004228 <__wrap_printf>
100062fc:	2500      	movs	r5, #0
100062fe:	e01a      	b.n	10006336 <cdcd_open+0x102>
10006300:	7821      	ldrb	r1, [r4, #0]
10006302:	194d      	adds	r5, r1, r5
10006304:	b2ad      	uxth	r5, r5
10006306:	1861      	adds	r1, r4, r1
10006308:	1cbb      	adds	r3, r7, #2
1000630a:	9301      	str	r3, [sp, #4]
1000630c:	1cfb      	adds	r3, r7, #3
1000630e:	9300      	str	r3, [sp, #0]
10006310:	2302      	movs	r3, #2
10006312:	2202      	movs	r2, #2
10006314:	0030      	movs	r0, r6
10006316:	f7ff f8d5 	bl	100054c4 <usbd_open_edpt_pair>
1000631a:	2800      	cmp	r0, #0
1000631c:	d002      	beq.n	10006324 <cdcd_open+0xf0>
1000631e:	350e      	adds	r5, #14
10006320:	b2ad      	uxth	r5, r5
10006322:	e7d4      	b.n	100062ce <cdcd_open+0x9a>
10006324:	2234      	movs	r2, #52	; 0x34
10006326:	32ff      	adds	r2, #255	; 0xff
10006328:	4906      	ldr	r1, [pc, #24]	; (10006344 <cdcd_open+0x110>)
1000632a:	4807      	ldr	r0, [pc, #28]	; (10006348 <cdcd_open+0x114>)
1000632c:	f7fd ff7c 	bl	10004228 <__wrap_printf>
10006330:	2500      	movs	r5, #0
10006332:	e000      	b.n	10006336 <cdcd_open+0x102>
10006334:	2500      	movs	r5, #0
10006336:	0028      	movs	r0, r5
10006338:	b003      	add	sp, #12
1000633a:	bdf0      	pop	{r4, r5, r6, r7, pc}
1000633c:	2500      	movs	r5, #0
1000633e:	e7fa      	b.n	10006336 <cdcd_open+0x102>
10006340:	20000c7c 	.word	0x20000c7c
10006344:	100088a8 	.word	0x100088a8
10006348:	100086c8 	.word	0x100086c8

1000634c <cdcd_control_complete>:
1000634c:	b570      	push	{r4, r5, r6, lr}
1000634e:	780a      	ldrb	r2, [r1, #0]
10006350:	2360      	movs	r3, #96	; 0x60
10006352:	4013      	ands	r3, r2
10006354:	2b20      	cmp	r3, #32
10006356:	d001      	beq.n	1000635c <cdcd_control_complete+0x10>
10006358:	2000      	movs	r0, #0
1000635a:	bd70      	pop	{r4, r5, r6, pc}
1000635c:	4a11      	ldr	r2, [pc, #68]	; (100063a4 <cdcd_control_complete+0x58>)
1000635e:	2000      	movs	r0, #0
10006360:	2801      	cmp	r0, #1
10006362:	d81a      	bhi.n	1000639a <cdcd_control_complete+0x4e>
10006364:	7814      	ldrb	r4, [r2, #0]
10006366:	790d      	ldrb	r5, [r1, #4]
10006368:	794b      	ldrb	r3, [r1, #5]
1000636a:	021b      	lsls	r3, r3, #8
1000636c:	432b      	orrs	r3, r5
1000636e:	429c      	cmp	r4, r3
10006370:	d006      	beq.n	10006380 <cdcd_control_complete+0x34>
10006372:	3001      	adds	r0, #1
10006374:	b2c0      	uxtb	r0, r0
10006376:	23b4      	movs	r3, #180	; 0xb4
10006378:	009b      	lsls	r3, r3, #2
1000637a:	469c      	mov	ip, r3
1000637c:	4462      	add	r2, ip
1000637e:	e7ef      	b.n	10006360 <cdcd_control_complete+0x14>
10006380:	784b      	ldrb	r3, [r1, #1]
10006382:	2b20      	cmp	r3, #32
10006384:	d001      	beq.n	1000638a <cdcd_control_complete+0x3e>
10006386:	2001      	movs	r0, #1
10006388:	e7e7      	b.n	1000635a <cdcd_control_complete+0xe>
1000638a:	4b07      	ldr	r3, [pc, #28]	; (100063a8 <cdcd_control_complete+0x5c>)
1000638c:	2b00      	cmp	r3, #0
1000638e:	d006      	beq.n	1000639e <cdcd_control_complete+0x52>
10006390:	1d91      	adds	r1, r2, #6
10006392:	e000      	b.n	10006396 <cdcd_control_complete+0x4a>
10006394:	bf00      	nop
10006396:	2001      	movs	r0, #1
10006398:	e7df      	b.n	1000635a <cdcd_control_complete+0xe>
1000639a:	2000      	movs	r0, #0
1000639c:	e7dd      	b.n	1000635a <cdcd_control_complete+0xe>
1000639e:	2001      	movs	r0, #1
100063a0:	e7db      	b.n	1000635a <cdcd_control_complete+0xe>
100063a2:	46c0      	nop			; (mov r8, r8)
100063a4:	20000c7c 	.word	0x20000c7c
100063a8:	00000000 	.word	0x00000000

100063ac <cdcd_control_request>:
100063ac:	b5f8      	push	{r3, r4, r5, r6, r7, lr}
100063ae:	780a      	ldrb	r2, [r1, #0]
100063b0:	2360      	movs	r3, #96	; 0x60
100063b2:	4013      	ands	r3, r2
100063b4:	2b20      	cmp	r3, #32
100063b6:	d001      	beq.n	100063bc <cdcd_control_request+0x10>
100063b8:	2000      	movs	r0, #0
100063ba:	bdf8      	pop	{r3, r4, r5, r6, r7, pc}
100063bc:	4a20      	ldr	r2, [pc, #128]	; (10006440 <cdcd_control_request+0x94>)
100063be:	2400      	movs	r4, #0
100063c0:	2c01      	cmp	r4, #1
100063c2:	d838      	bhi.n	10006436 <cdcd_control_request+0x8a>
100063c4:	7815      	ldrb	r5, [r2, #0]
100063c6:	790e      	ldrb	r6, [r1, #4]
100063c8:	794b      	ldrb	r3, [r1, #5]
100063ca:	021b      	lsls	r3, r3, #8
100063cc:	4333      	orrs	r3, r6
100063ce:	429d      	cmp	r5, r3
100063d0:	d006      	beq.n	100063e0 <cdcd_control_request+0x34>
100063d2:	3401      	adds	r4, #1
100063d4:	b2e4      	uxtb	r4, r4
100063d6:	23b4      	movs	r3, #180	; 0xb4
100063d8:	009b      	lsls	r3, r3, #2
100063da:	469c      	mov	ip, r3
100063dc:	4462      	add	r2, ip
100063de:	e7ef      	b.n	100063c0 <cdcd_control_request+0x14>
100063e0:	784b      	ldrb	r3, [r1, #1]
100063e2:	2b21      	cmp	r3, #33	; 0x21
100063e4:	d00b      	beq.n	100063fe <cdcd_control_request+0x52>
100063e6:	2b22      	cmp	r3, #34	; 0x22
100063e8:	d00f      	beq.n	1000640a <cdcd_control_request+0x5e>
100063ea:	2b20      	cmp	r3, #32
100063ec:	d001      	beq.n	100063f2 <cdcd_control_request+0x46>
100063ee:	2000      	movs	r0, #0
100063f0:	e7e3      	b.n	100063ba <cdcd_control_request+0xe>
100063f2:	3206      	adds	r2, #6
100063f4:	3b19      	subs	r3, #25
100063f6:	f7ff fca7 	bl	10005d48 <tud_control_xfer>
100063fa:	2001      	movs	r0, #1
100063fc:	e7dd      	b.n	100063ba <cdcd_control_request+0xe>
100063fe:	3206      	adds	r2, #6
10006400:	2307      	movs	r3, #7
10006402:	f7ff fca1 	bl	10005d48 <tud_control_xfer>
10006406:	2001      	movs	r0, #1
10006408:	e7d7      	b.n	100063ba <cdcd_control_request+0xe>
1000640a:	788d      	ldrb	r5, [r1, #2]
1000640c:	78cb      	ldrb	r3, [r1, #3]
1000640e:	021b      	lsls	r3, r3, #8
10006410:	432b      	orrs	r3, r5
10006412:	2501      	movs	r5, #1
10006414:	002e      	movs	r6, r5
10006416:	401e      	ands	r6, r3
10006418:	085f      	lsrs	r7, r3, #1
1000641a:	403d      	ands	r5, r7
1000641c:	7113      	strb	r3, [r2, #4]
1000641e:	f7ff fc77 	bl	10005d10 <tud_control_status>
10006422:	4b08      	ldr	r3, [pc, #32]	; (10006444 <cdcd_control_request+0x98>)
10006424:	2b00      	cmp	r3, #0
10006426:	d008      	beq.n	1000643a <cdcd_control_request+0x8e>
10006428:	002a      	movs	r2, r5
1000642a:	0031      	movs	r1, r6
1000642c:	0020      	movs	r0, r4
1000642e:	e000      	b.n	10006432 <cdcd_control_request+0x86>
10006430:	bf00      	nop
10006432:	2001      	movs	r0, #1
10006434:	e7c1      	b.n	100063ba <cdcd_control_request+0xe>
10006436:	2000      	movs	r0, #0
10006438:	e7bf      	b.n	100063ba <cdcd_control_request+0xe>
1000643a:	2001      	movs	r0, #1
1000643c:	e7bd      	b.n	100063ba <cdcd_control_request+0xe>
1000643e:	46c0      	nop			; (mov r8, r8)
10006440:	20000c7c 	.word	0x20000c7c
10006444:	00000000 	.word	0x00000000

10006448 <cdcd_xfer_cb>:
10006448:	b5f0      	push	{r4, r5, r6, r7, lr}
1000644a:	46c6      	mov	lr, r8
1000644c:	b500      	push	{lr}
1000644e:	b082      	sub	sp, #8
10006450:	9001      	str	r0, [sp, #4]
10006452:	000f      	movs	r7, r1
10006454:	4698      	mov	r8, r3
10006456:	2600      	movs	r6, #0
10006458:	e001      	b.n	1000645e <cdcd_xfer_cb+0x16>
1000645a:	3601      	adds	r6, #1
1000645c:	b2f6      	uxtb	r6, r6
1000645e:	2e01      	cmp	r6, #1
10006460:	d80c      	bhi.n	1000647c <cdcd_xfer_cb+0x34>
10006462:	0073      	lsls	r3, r6, #1
10006464:	199b      	adds	r3, r3, r6
10006466:	011c      	lsls	r4, r3, #4
10006468:	1ae4      	subs	r4, r4, r3
1000646a:	0124      	lsls	r4, r4, #4
1000646c:	4b3d      	ldr	r3, [pc, #244]	; (10006564 <cdcd_xfer_cb+0x11c>)
1000646e:	18e4      	adds	r4, r4, r3
10006470:	78e3      	ldrb	r3, [r4, #3]
10006472:	42bb      	cmp	r3, r7
10006474:	d002      	beq.n	1000647c <cdcd_xfer_cb+0x34>
10006476:	78a3      	ldrb	r3, [r4, #2]
10006478:	42bb      	cmp	r3, r7
1000647a:	d1ee      	bne.n	1000645a <cdcd_xfer_cb+0x12>
1000647c:	2e01      	cmp	r6, #1
1000647e:	d80b      	bhi.n	10006498 <cdcd_xfer_cb+0x50>
10006480:	78e3      	ldrb	r3, [r4, #3]
10006482:	42bb      	cmp	r3, r7
10006484:	d02d      	beq.n	100064e2 <cdcd_xfer_cb+0x9a>
10006486:	78a3      	ldrb	r3, [r4, #2]
10006488:	42bb      	cmp	r3, r7
1000648a:	d03d      	beq.n	10006508 <cdcd_xfer_cb+0xc0>
1000648c:	2601      	movs	r6, #1
1000648e:	0030      	movs	r0, r6
10006490:	b002      	add	sp, #8
10006492:	bc04      	pop	{r2}
10006494:	4690      	mov	r8, r2
10006496:	bdf0      	pop	{r4, r5, r6, r7, pc}
10006498:	22a2      	movs	r2, #162	; 0xa2
1000649a:	32ff      	adds	r2, #255	; 0xff
1000649c:	4932      	ldr	r1, [pc, #200]	; (10006568 <cdcd_xfer_cb+0x120>)
1000649e:	4833      	ldr	r0, [pc, #204]	; (1000656c <cdcd_xfer_cb+0x124>)
100064a0:	f7fd fec2 	bl	10004228 <__wrap_printf>
100064a4:	2600      	movs	r6, #0
100064a6:	e7f2      	b.n	1000648e <cdcd_xfer_cb+0x46>
100064a8:	0030      	movs	r0, r6
100064aa:	e000      	b.n	100064ae <cdcd_xfer_cb+0x66>
100064ac:	bf00      	nop
100064ae:	3501      	adds	r5, #1
100064b0:	4545      	cmp	r5, r8
100064b2:	d218      	bcs.n	100064e6 <cdcd_xfer_cb+0x9e>
100064b4:	2394      	movs	r3, #148	; 0x94
100064b6:	009b      	lsls	r3, r3, #2
100064b8:	18e9      	adds	r1, r5, r3
100064ba:	1861      	adds	r1, r4, r1
100064bc:	0020      	movs	r0, r4
100064be:	3010      	adds	r0, #16
100064c0:	f000 f9e9 	bl	10006896 <tu_fifo_write>
100064c4:	4b2a      	ldr	r3, [pc, #168]	; (10006570 <cdcd_xfer_cb+0x128>)
100064c6:	2b00      	cmp	r3, #0
100064c8:	d0f1      	beq.n	100064ae <cdcd_xfer_cb+0x66>
100064ca:	7961      	ldrb	r1, [r4, #5]
100064cc:	29ff      	cmp	r1, #255	; 0xff
100064ce:	d0ee      	beq.n	100064ae <cdcd_xfer_cb+0x66>
100064d0:	1963      	adds	r3, r4, r5
100064d2:	2294      	movs	r2, #148	; 0x94
100064d4:	0092      	lsls	r2, r2, #2
100064d6:	4694      	mov	ip, r2
100064d8:	4463      	add	r3, ip
100064da:	781b      	ldrb	r3, [r3, #0]
100064dc:	4299      	cmp	r1, r3
100064de:	d1e6      	bne.n	100064ae <cdcd_xfer_cb+0x66>
100064e0:	e7e2      	b.n	100064a8 <cdcd_xfer_cb+0x60>
100064e2:	2500      	movs	r5, #0
100064e4:	e7e4      	b.n	100064b0 <cdcd_xfer_cb+0x68>
100064e6:	4b23      	ldr	r3, [pc, #140]	; (10006574 <cdcd_xfer_cb+0x12c>)
100064e8:	2b00      	cmp	r3, #0
100064ea:	d005      	beq.n	100064f8 <cdcd_xfer_cb+0xb0>
100064ec:	0020      	movs	r0, r4
100064ee:	3010      	adds	r0, #16
100064f0:	f000 f977 	bl	100067e2 <tu_fifo_count>
100064f4:	2800      	cmp	r0, #0
100064f6:	d103      	bne.n	10006500 <cdcd_xfer_cb+0xb8>
100064f8:	0020      	movs	r0, r4
100064fa:	f7ff fd0b 	bl	10005f14 <_prep_out_transaction>
100064fe:	e7c2      	b.n	10006486 <cdcd_xfer_cb+0x3e>
10006500:	0030      	movs	r0, r6
10006502:	e000      	b.n	10006506 <cdcd_xfer_cb+0xbe>
10006504:	bf00      	nop
10006506:	e7f7      	b.n	100064f8 <cdcd_xfer_cb+0xb0>
10006508:	4b1b      	ldr	r3, [pc, #108]	; (10006578 <cdcd_xfer_cb+0x130>)
1000650a:	2b00      	cmp	r3, #0
1000650c:	d002      	beq.n	10006514 <cdcd_xfer_cb+0xcc>
1000650e:	0030      	movs	r0, r6
10006510:	e000      	b.n	10006514 <cdcd_xfer_cb+0xcc>
10006512:	bf00      	nop
10006514:	0030      	movs	r0, r6
10006516:	f7ff fd6d 	bl	10005ff4 <tud_cdc_n_write_flush>
1000651a:	2800      	cmp	r0, #0
1000651c:	d001      	beq.n	10006522 <cdcd_xfer_cb+0xda>
1000651e:	2601      	movs	r6, #1
10006520:	e7b5      	b.n	1000648e <cdcd_xfer_cb+0x46>
10006522:	0020      	movs	r0, r4
10006524:	3028      	adds	r0, #40	; 0x28
10006526:	f000 f95c 	bl	100067e2 <tu_fifo_count>
1000652a:	2800      	cmp	r0, #0
1000652c:	d115      	bne.n	1000655a <cdcd_xfer_cb+0x112>
1000652e:	4643      	mov	r3, r8
10006530:	2b00      	cmp	r3, #0
10006532:	d014      	beq.n	1000655e <cdcd_xfer_cb+0x116>
10006534:	069b      	lsls	r3, r3, #26
10006536:	d001      	beq.n	1000653c <cdcd_xfer_cb+0xf4>
10006538:	2601      	movs	r6, #1
1000653a:	e7a8      	b.n	1000648e <cdcd_xfer_cb+0x46>
1000653c:	78a1      	ldrb	r1, [r4, #2]
1000653e:	9801      	ldr	r0, [sp, #4]
10006540:	f7ff f806 	bl	10005550 <usbd_edpt_claim>
10006544:	1e06      	subs	r6, r0, #0
10006546:	d101      	bne.n	1000654c <cdcd_xfer_cb+0x104>
10006548:	2601      	movs	r6, #1
1000654a:	e7a0      	b.n	1000648e <cdcd_xfer_cb+0x46>
1000654c:	78a1      	ldrb	r1, [r4, #2]
1000654e:	2300      	movs	r3, #0
10006550:	2200      	movs	r2, #0
10006552:	9801      	ldr	r0, [sp, #4]
10006554:	f7ff f876 	bl	10005644 <usbd_edpt_xfer>
10006558:	e799      	b.n	1000648e <cdcd_xfer_cb+0x46>
1000655a:	2601      	movs	r6, #1
1000655c:	e797      	b.n	1000648e <cdcd_xfer_cb+0x46>
1000655e:	2601      	movs	r6, #1
10006560:	e795      	b.n	1000648e <cdcd_xfer_cb+0x46>
10006562:	46c0      	nop			; (mov r8, r8)
10006564:	20000c7c 	.word	0x20000c7c
10006568:	100088b4 	.word	0x100088b4
1000656c:	100086c8 	.word	0x100086c8
	...

1000657c <tusb_init>:
1000657c:	b570      	push	{r4, r5, r6, lr}
1000657e:	4b0a      	ldr	r3, [pc, #40]	; (100065a8 <tusb_init+0x2c>)
10006580:	781c      	ldrb	r4, [r3, #0]
10006582:	2c00      	cmp	r4, #0
10006584:	d001      	beq.n	1000658a <tusb_init+0xe>
10006586:	0020      	movs	r0, r4
10006588:	bd70      	pop	{r4, r5, r6, pc}
1000658a:	f7fe fe09 	bl	100051a0 <tud_init>
1000658e:	1e05      	subs	r5, r0, #0
10006590:	d003      	beq.n	1000659a <tusb_init+0x1e>
10006592:	4b05      	ldr	r3, [pc, #20]	; (100065a8 <tusb_init+0x2c>)
10006594:	2201      	movs	r2, #1
10006596:	701a      	strb	r2, [r3, #0]
10006598:	e7f5      	b.n	10006586 <tusb_init+0xa>
1000659a:	2232      	movs	r2, #50	; 0x32
1000659c:	4903      	ldr	r1, [pc, #12]	; (100065ac <tusb_init+0x30>)
1000659e:	4804      	ldr	r0, [pc, #16]	; (100065b0 <tusb_init+0x34>)
100065a0:	f7fd fe42 	bl	10004228 <__wrap_printf>
100065a4:	002c      	movs	r4, r5
100065a6:	e7ee      	b.n	10006586 <tusb_init+0xa>
100065a8:	200019d9 	.word	0x200019d9
100065ac:	100088c4 	.word	0x100088c4
100065b0:	100086c8 	.word	0x100086c8

100065b4 <tusb_inited>:
100065b4:	4b01      	ldr	r3, [pc, #4]	; (100065bc <tusb_inited+0x8>)
100065b6:	7818      	ldrb	r0, [r3, #0]
100065b8:	4770      	bx	lr
100065ba:	46c0      	nop			; (mov r8, r8)
100065bc:	200019d9 	.word	0x200019d9

100065c0 <advance_pointer>:
100065c0:	b510      	push	{r4, lr}
100065c2:	0003      	movs	r3, r0
100065c4:	0010      	movs	r0, r2
100065c6:	188c      	adds	r4, r1, r2
100065c8:	899a      	ldrh	r2, [r3, #12]
100065ca:	4294      	cmp	r4, r2
100065cc:	dd04      	ble.n	100065d8 <advance_pointer+0x18>
100065ce:	b2a0      	uxth	r0, r4
100065d0:	8959      	ldrh	r1, [r3, #10]
100065d2:	1840      	adds	r0, r0, r1
100065d4:	b280      	uxth	r0, r0
100065d6:	bd10      	pop	{r4, pc}
100065d8:	1808      	adds	r0, r1, r0
100065da:	b280      	uxth	r0, r0
100065dc:	e7fb      	b.n	100065d6 <advance_pointer+0x16>

100065de <backward_pointer>:
100065de:	b510      	push	{r4, lr}
100065e0:	1a8c      	subs	r4, r1, r2
100065e2:	8983      	ldrh	r3, [r0, #12]
100065e4:	429c      	cmp	r4, r3
100065e6:	dd04      	ble.n	100065f2 <backward_pointer+0x14>
100065e8:	b2a1      	uxth	r1, r4
100065ea:	8940      	ldrh	r0, [r0, #10]
100065ec:	1a08      	subs	r0, r1, r0
100065ee:	b280      	uxth	r0, r0
100065f0:	bd10      	pop	{r4, pc}
100065f2:	1a89      	subs	r1, r1, r2
100065f4:	b288      	uxth	r0, r1
100065f6:	e7fb      	b.n	100065f0 <backward_pointer+0x12>

100065f8 <get_relative_pointer>:
100065f8:	b510      	push	{r4, lr}
100065fa:	0004      	movs	r4, r0
100065fc:	f7ff ffe0 	bl	100065c0 <advance_pointer>
10006600:	88a3      	ldrh	r3, [r4, #4]
10006602:	4283      	cmp	r3, r0
10006604:	d802      	bhi.n	1000660c <get_relative_pointer+0x14>
10006606:	1ac0      	subs	r0, r0, r3
10006608:	b280      	uxth	r0, r0
1000660a:	e7fa      	b.n	10006602 <get_relative_pointer+0xa>
1000660c:	bd10      	pop	{r4, pc}

1000660e <tu_fifo_lock>:
1000660e:	b510      	push	{r4, lr}
10006610:	6940      	ldr	r0, [r0, #20]
10006612:	2800      	cmp	r0, #0
10006614:	d003      	beq.n	1000661e <tu_fifo_lock+0x10>
10006616:	2101      	movs	r1, #1
10006618:	4249      	negs	r1, r1
1000661a:	f000 ffc1 	bl	100075a0 <__mutex_enter_timeout_ms_veneer>
1000661e:	bd10      	pop	{r4, pc}

10006620 <tu_fifo_unlock>:
10006620:	b510      	push	{r4, lr}
10006622:	6940      	ldr	r0, [r0, #20]
10006624:	2800      	cmp	r0, #0
10006626:	d001      	beq.n	1000662c <tu_fifo_unlock+0xc>
10006628:	f000 ff9a 	bl	10007560 <__mutex_exit_veneer>
1000662c:	bd10      	pop	{r4, pc}

1000662e <_tu_fifo_peek_at>:
1000662e:	b5f0      	push	{r4, r5, r6, r7, lr}
10006630:	46c6      	mov	lr, r8
10006632:	b500      	push	{lr}
10006634:	b082      	sub	sp, #8
10006636:	0006      	movs	r6, r0
10006638:	4688      	mov	r8, r1
1000663a:	9201      	str	r2, [sp, #4]
1000663c:	0019      	movs	r1, r3
1000663e:	ab08      	add	r3, sp, #32
10006640:	881d      	ldrh	r5, [r3, #0]
10006642:	1b4c      	subs	r4, r1, r5
10006644:	b2a4      	uxth	r4, r4
10006646:	42a9      	cmp	r1, r5
10006648:	d202      	bcs.n	10006650 <_tu_fifo_peek_at+0x22>
1000664a:	8943      	ldrh	r3, [r0, #10]
1000664c:	1ae4      	subs	r4, r4, r3
1000664e:	b2a4      	uxth	r4, r4
10006650:	88b7      	ldrh	r7, [r6, #4]
10006652:	42a7      	cmp	r7, r4
10006654:	d205      	bcs.n	10006662 <_tu_fifo_peek_at+0x34>
10006656:	003a      	movs	r2, r7
10006658:	0030      	movs	r0, r6
1000665a:	f7ff ffc0 	bl	100065de <backward_pointer>
1000665e:	8230      	strh	r0, [r6, #16]
10006660:	003c      	movs	r4, r7
10006662:	2c00      	cmp	r4, #0
10006664:	d011      	beq.n	1000668a <_tu_fifo_peek_at+0x5c>
10006666:	4544      	cmp	r4, r8
10006668:	d801      	bhi.n	1000666e <_tu_fifo_peek_at+0x40>
1000666a:	2000      	movs	r0, #0
1000666c:	e00e      	b.n	1000668c <_tu_fifo_peek_at+0x5e>
1000666e:	4642      	mov	r2, r8
10006670:	0029      	movs	r1, r5
10006672:	0030      	movs	r0, r6
10006674:	f7ff ffc0 	bl	100065f8 <get_relative_pointer>
10006678:	6831      	ldr	r1, [r6, #0]
1000667a:	88f2      	ldrh	r2, [r6, #6]
1000667c:	4350      	muls	r0, r2
1000667e:	1809      	adds	r1, r1, r0
10006680:	9801      	ldr	r0, [sp, #4]
10006682:	f7fd fc9d 	bl	10003fc0 <__wrap___aeabi_memcpy>
10006686:	2001      	movs	r0, #1
10006688:	e000      	b.n	1000668c <_tu_fifo_peek_at+0x5e>
1000668a:	2000      	movs	r0, #0
1000668c:	b002      	add	sp, #8
1000668e:	bc04      	pop	{r2}
10006690:	4690      	mov	r8, r2
10006692:	bdf0      	pop	{r4, r5, r6, r7, pc}

10006694 <_ff_pull_n>:
10006694:	b5f8      	push	{r3, r4, r5, r6, r7, lr}
10006696:	0005      	movs	r5, r0
10006698:	000e      	movs	r6, r1
1000669a:	0014      	movs	r4, r2
1000669c:	1899      	adds	r1, r3, r2
1000669e:	8882      	ldrh	r2, [r0, #4]
100066a0:	4291      	cmp	r1, r2
100066a2:	dc08      	bgt.n	100066b6 <_ff_pull_n+0x22>
100066a4:	6801      	ldr	r1, [r0, #0]
100066a6:	88c2      	ldrh	r2, [r0, #6]
100066a8:	4353      	muls	r3, r2
100066aa:	18c9      	adds	r1, r1, r3
100066ac:	4362      	muls	r2, r4
100066ae:	0030      	movs	r0, r6
100066b0:	f7fd fc86 	bl	10003fc0 <__wrap___aeabi_memcpy>
100066b4:	bdf8      	pop	{r3, r4, r5, r6, r7, pc}
100066b6:	1ad2      	subs	r2, r2, r3
100066b8:	b297      	uxth	r7, r2
100066ba:	88c2      	ldrh	r2, [r0, #6]
100066bc:	4353      	muls	r3, r2
100066be:	6801      	ldr	r1, [r0, #0]
100066c0:	18c9      	adds	r1, r1, r3
100066c2:	437a      	muls	r2, r7
100066c4:	0030      	movs	r0, r6
100066c6:	f7fd fc7b 	bl	10003fc0 <__wrap___aeabi_memcpy>
100066ca:	88eb      	ldrh	r3, [r5, #6]
100066cc:	0018      	movs	r0, r3
100066ce:	4378      	muls	r0, r7
100066d0:	6829      	ldr	r1, [r5, #0]
100066d2:	1be2      	subs	r2, r4, r7
100066d4:	435a      	muls	r2, r3
100066d6:	1830      	adds	r0, r6, r0
100066d8:	f7fd fc72 	bl	10003fc0 <__wrap___aeabi_memcpy>
100066dc:	e7ea      	b.n	100066b4 <_ff_pull_n+0x20>

100066de <_tu_fifo_peek_at_n>:
100066de:	b5f0      	push	{r4, r5, r6, r7, lr}
100066e0:	b083      	sub	sp, #12
100066e2:	0005      	movs	r5, r0
100066e4:	000f      	movs	r7, r1
100066e6:	9201      	str	r2, [sp, #4]
100066e8:	9300      	str	r3, [sp, #0]
100066ea:	ab08      	add	r3, sp, #32
100066ec:	8819      	ldrh	r1, [r3, #0]
100066ee:	ab09      	add	r3, sp, #36	; 0x24
100066f0:	881b      	ldrh	r3, [r3, #0]
100066f2:	1acc      	subs	r4, r1, r3
100066f4:	b2a4      	uxth	r4, r4
100066f6:	4299      	cmp	r1, r3
100066f8:	d202      	bcs.n	10006700 <_tu_fifo_peek_at_n+0x22>
100066fa:	8942      	ldrh	r2, [r0, #10]
100066fc:	1aa4      	subs	r4, r4, r2
100066fe:	b2a4      	uxth	r4, r4
10006700:	88ae      	ldrh	r6, [r5, #4]
10006702:	42a6      	cmp	r6, r4
10006704:	d207      	bcs.n	10006716 <_tu_fifo_peek_at_n+0x38>
10006706:	0032      	movs	r2, r6
10006708:	0028      	movs	r0, r5
1000670a:	f7ff ff68 	bl	100065de <backward_pointer>
1000670e:	8228      	strh	r0, [r5, #16]
10006710:	8a2b      	ldrh	r3, [r5, #16]
10006712:	b29b      	uxth	r3, r3
10006714:	0034      	movs	r4, r6
10006716:	2c00      	cmp	r4, #0
10006718:	d013      	beq.n	10006742 <_tu_fifo_peek_at_n+0x64>
1000671a:	42bc      	cmp	r4, r7
1000671c:	d916      	bls.n	1000674c <_tu_fifo_peek_at_n+0x6e>
1000671e:	1be4      	subs	r4, r4, r7
10006720:	b2a4      	uxth	r4, r4
10006722:	9a00      	ldr	r2, [sp, #0]
10006724:	4294      	cmp	r4, r2
10006726:	d20f      	bcs.n	10006748 <_tu_fifo_peek_at_n+0x6a>
10006728:	2c00      	cmp	r4, #0
1000672a:	d00a      	beq.n	10006742 <_tu_fifo_peek_at_n+0x64>
1000672c:	003a      	movs	r2, r7
1000672e:	0019      	movs	r1, r3
10006730:	0028      	movs	r0, r5
10006732:	f7ff ff61 	bl	100065f8 <get_relative_pointer>
10006736:	0003      	movs	r3, r0
10006738:	0022      	movs	r2, r4
1000673a:	9901      	ldr	r1, [sp, #4]
1000673c:	0028      	movs	r0, r5
1000673e:	f7ff ffa9 	bl	10006694 <_ff_pull_n>
10006742:	0020      	movs	r0, r4
10006744:	b003      	add	sp, #12
10006746:	bdf0      	pop	{r4, r5, r6, r7, pc}
10006748:	9c00      	ldr	r4, [sp, #0]
1000674a:	e7ef      	b.n	1000672c <_tu_fifo_peek_at_n+0x4e>
1000674c:	2400      	movs	r4, #0
1000674e:	e7f8      	b.n	10006742 <_tu_fifo_peek_at_n+0x64>

10006750 <_ff_push_n>:
10006750:	b5f8      	push	{r3, r4, r5, r6, r7, lr}
10006752:	0005      	movs	r5, r0
10006754:	000e      	movs	r6, r1
10006756:	0014      	movs	r4, r2
10006758:	1899      	adds	r1, r3, r2
1000675a:	8882      	ldrh	r2, [r0, #4]
1000675c:	4291      	cmp	r1, r2
1000675e:	dc08      	bgt.n	10006772 <_ff_push_n+0x22>
10006760:	6800      	ldr	r0, [r0, #0]
10006762:	88ea      	ldrh	r2, [r5, #6]
10006764:	4353      	muls	r3, r2
10006766:	18c0      	adds	r0, r0, r3
10006768:	4362      	muls	r2, r4
1000676a:	0031      	movs	r1, r6
1000676c:	f7fd fc28 	bl	10003fc0 <__wrap___aeabi_memcpy>
10006770:	bdf8      	pop	{r3, r4, r5, r6, r7, pc}
10006772:	1ad2      	subs	r2, r2, r3
10006774:	b297      	uxth	r7, r2
10006776:	88c2      	ldrh	r2, [r0, #6]
10006778:	4353      	muls	r3, r2
1000677a:	6801      	ldr	r1, [r0, #0]
1000677c:	18c8      	adds	r0, r1, r3
1000677e:	437a      	muls	r2, r7
10006780:	0031      	movs	r1, r6
10006782:	f7fd fc1d 	bl	10003fc0 <__wrap___aeabi_memcpy>
10006786:	6828      	ldr	r0, [r5, #0]
10006788:	88eb      	ldrh	r3, [r5, #6]
1000678a:	0019      	movs	r1, r3
1000678c:	4379      	muls	r1, r7
1000678e:	1be2      	subs	r2, r4, r7
10006790:	435a      	muls	r2, r3
10006792:	1871      	adds	r1, r6, r1
10006794:	f7fd fc14 	bl	10003fc0 <__wrap___aeabi_memcpy>
10006798:	e7ea      	b.n	10006770 <_ff_push_n+0x20>

1000679a <tu_fifo_config>:
1000679a:	b5f0      	push	{r4, r5, r6, r7, lr}
1000679c:	b083      	sub	sp, #12
1000679e:	0005      	movs	r5, r0
100067a0:	9101      	str	r1, [sp, #4]
100067a2:	0014      	movs	r4, r2
100067a4:	001f      	movs	r7, r3
100067a6:	ab08      	add	r3, sp, #32
100067a8:	781e      	ldrb	r6, [r3, #0]
100067aa:	2380      	movs	r3, #128	; 0x80
100067ac:	021b      	lsls	r3, r3, #8
100067ae:	429a      	cmp	r2, r3
100067b0:	d902      	bls.n	100067b8 <tu_fifo_config+0x1e>
100067b2:	2000      	movs	r0, #0
100067b4:	b003      	add	sp, #12
100067b6:	bdf0      	pop	{r4, r5, r6, r7, pc}
100067b8:	f7ff ff29 	bl	1000660e <tu_fifo_lock>
100067bc:	9b01      	ldr	r3, [sp, #4]
100067be:	602b      	str	r3, [r5, #0]
100067c0:	80ac      	strh	r4, [r5, #4]
100067c2:	80ef      	strh	r7, [r5, #6]
100067c4:	722e      	strb	r6, [r5, #8]
100067c6:	0064      	lsls	r4, r4, #1
100067c8:	3c01      	subs	r4, #1
100067ca:	b2a4      	uxth	r4, r4
100067cc:	81ac      	strh	r4, [r5, #12]
100067ce:	43e4      	mvns	r4, r4
100067d0:	816c      	strh	r4, [r5, #10]
100067d2:	2300      	movs	r3, #0
100067d4:	81eb      	strh	r3, [r5, #14]
100067d6:	822b      	strh	r3, [r5, #16]
100067d8:	0028      	movs	r0, r5
100067da:	f7ff ff21 	bl	10006620 <tu_fifo_unlock>
100067de:	2001      	movs	r0, #1
100067e0:	e7e8      	b.n	100067b4 <tu_fifo_config+0x1a>

100067e2 <tu_fifo_count>:
100067e2:	b510      	push	{r4, lr}
100067e4:	0002      	movs	r2, r0
100067e6:	89c3      	ldrh	r3, [r0, #14]
100067e8:	b29c      	uxth	r4, r3
100067ea:	8a00      	ldrh	r0, [r0, #16]
100067ec:	b281      	uxth	r1, r0
100067ee:	1a18      	subs	r0, r3, r0
100067f0:	b280      	uxth	r0, r0
100067f2:	428c      	cmp	r4, r1
100067f4:	d202      	bcs.n	100067fc <tu_fifo_count+0x1a>
100067f6:	8953      	ldrh	r3, [r2, #10]
100067f8:	1ac0      	subs	r0, r0, r3
100067fa:	b280      	uxth	r0, r0
100067fc:	bd10      	pop	{r4, pc}

100067fe <tu_fifo_remaining>:
100067fe:	b530      	push	{r4, r5, lr}
10006800:	89c2      	ldrh	r2, [r0, #14]
10006802:	b295      	uxth	r5, r2
10006804:	8a03      	ldrh	r3, [r0, #16]
10006806:	b29c      	uxth	r4, r3
10006808:	8881      	ldrh	r1, [r0, #4]
1000680a:	1ad2      	subs	r2, r2, r3
1000680c:	b292      	uxth	r2, r2
1000680e:	42a5      	cmp	r5, r4
10006810:	d202      	bcs.n	10006818 <tu_fifo_remaining+0x1a>
10006812:	8940      	ldrh	r0, [r0, #10]
10006814:	1a12      	subs	r2, r2, r0
10006816:	b292      	uxth	r2, r2
10006818:	1a88      	subs	r0, r1, r2
1000681a:	b280      	uxth	r0, r0
1000681c:	bd30      	pop	{r4, r5, pc}

1000681e <tu_fifo_read>:
1000681e:	b530      	push	{r4, r5, lr}
10006820:	b083      	sub	sp, #12
10006822:	0004      	movs	r4, r0
10006824:	000d      	movs	r5, r1
10006826:	f7ff fef2 	bl	1000660e <tu_fifo_lock>
1000682a:	89e3      	ldrh	r3, [r4, #14]
1000682c:	b29b      	uxth	r3, r3
1000682e:	8a22      	ldrh	r2, [r4, #16]
10006830:	9200      	str	r2, [sp, #0]
10006832:	002a      	movs	r2, r5
10006834:	2100      	movs	r1, #0
10006836:	0020      	movs	r0, r4
10006838:	f7ff fef9 	bl	1000662e <_tu_fifo_peek_at>
1000683c:	0005      	movs	r5, r0
1000683e:	8a21      	ldrh	r1, [r4, #16]
10006840:	b289      	uxth	r1, r1
10006842:	b282      	uxth	r2, r0
10006844:	0020      	movs	r0, r4
10006846:	f7ff febb 	bl	100065c0 <advance_pointer>
1000684a:	8220      	strh	r0, [r4, #16]
1000684c:	0020      	movs	r0, r4
1000684e:	f7ff fee7 	bl	10006620 <tu_fifo_unlock>
10006852:	0028      	movs	r0, r5
10006854:	b003      	add	sp, #12
10006856:	bd30      	pop	{r4, r5, pc}

10006858 <tu_fifo_read_n>:
10006858:	b570      	push	{r4, r5, r6, lr}
1000685a:	b082      	sub	sp, #8
1000685c:	0004      	movs	r4, r0
1000685e:	000d      	movs	r5, r1
10006860:	0016      	movs	r6, r2
10006862:	f7ff fed4 	bl	1000660e <tu_fifo_lock>
10006866:	89e3      	ldrh	r3, [r4, #14]
10006868:	8a22      	ldrh	r2, [r4, #16]
1000686a:	9201      	str	r2, [sp, #4]
1000686c:	9300      	str	r3, [sp, #0]
1000686e:	0033      	movs	r3, r6
10006870:	002a      	movs	r2, r5
10006872:	2100      	movs	r1, #0
10006874:	0020      	movs	r0, r4
10006876:	f7ff ff32 	bl	100066de <_tu_fifo_peek_at_n>
1000687a:	0005      	movs	r5, r0
1000687c:	8a21      	ldrh	r1, [r4, #16]
1000687e:	b289      	uxth	r1, r1
10006880:	0002      	movs	r2, r0
10006882:	0020      	movs	r0, r4
10006884:	f7ff fe9c 	bl	100065c0 <advance_pointer>
10006888:	8220      	strh	r0, [r4, #16]
1000688a:	0020      	movs	r0, r4
1000688c:	f7ff fec8 	bl	10006620 <tu_fifo_unlock>
10006890:	0028      	movs	r0, r5
10006892:	b002      	add	sp, #8
10006894:	bd70      	pop	{r4, r5, r6, pc}

10006896 <tu_fifo_write>:
10006896:	b570      	push	{r4, r5, r6, lr}
10006898:	0004      	movs	r4, r0
1000689a:	000d      	movs	r5, r1
1000689c:	f7ff feb7 	bl	1000660e <tu_fifo_lock>
100068a0:	89e3      	ldrh	r3, [r4, #14]
100068a2:	b29e      	uxth	r6, r3
100068a4:	8a22      	ldrh	r2, [r4, #16]
100068a6:	b291      	uxth	r1, r2
100068a8:	1a9b      	subs	r3, r3, r2
100068aa:	b29b      	uxth	r3, r3
100068ac:	42b1      	cmp	r1, r6
100068ae:	d902      	bls.n	100068b6 <tu_fifo_write+0x20>
100068b0:	8962      	ldrh	r2, [r4, #10]
100068b2:	1a9b      	subs	r3, r3, r2
100068b4:	b29b      	uxth	r3, r3
100068b6:	88a2      	ldrh	r2, [r4, #4]
100068b8:	429a      	cmp	r2, r3
100068ba:	d102      	bne.n	100068c2 <tu_fifo_write+0x2c>
100068bc:	7a20      	ldrb	r0, [r4, #8]
100068be:	2800      	cmp	r0, #0
100068c0:	d016      	beq.n	100068f0 <tu_fifo_write+0x5a>
100068c2:	2200      	movs	r2, #0
100068c4:	0031      	movs	r1, r6
100068c6:	0020      	movs	r0, r4
100068c8:	f7ff fe96 	bl	100065f8 <get_relative_pointer>
100068cc:	88e2      	ldrh	r2, [r4, #6]
100068ce:	4350      	muls	r0, r2
100068d0:	6823      	ldr	r3, [r4, #0]
100068d2:	469c      	mov	ip, r3
100068d4:	4460      	add	r0, ip
100068d6:	0029      	movs	r1, r5
100068d8:	f7fd fb72 	bl	10003fc0 <__wrap___aeabi_memcpy>
100068dc:	2201      	movs	r2, #1
100068de:	0031      	movs	r1, r6
100068e0:	0020      	movs	r0, r4
100068e2:	f7ff fe6d 	bl	100065c0 <advance_pointer>
100068e6:	81e0      	strh	r0, [r4, #14]
100068e8:	0020      	movs	r0, r4
100068ea:	f7ff fe99 	bl	10006620 <tu_fifo_unlock>
100068ee:	2001      	movs	r0, #1
100068f0:	bd70      	pop	{r4, r5, r6, pc}

100068f2 <tu_fifo_write_n>:
100068f2:	b5f8      	push	{r3, r4, r5, r6, r7, lr}
100068f4:	0004      	movs	r4, r0
100068f6:	000e      	movs	r6, r1
100068f8:	1e15      	subs	r5, r2, #0
100068fa:	d101      	bne.n	10006900 <tu_fifo_write_n+0xe>
100068fc:	0028      	movs	r0, r5
100068fe:	bdf8      	pop	{r3, r4, r5, r6, r7, pc}
10006900:	f7ff fe85 	bl	1000660e <tu_fifo_lock>
10006904:	89e7      	ldrh	r7, [r4, #14]
10006906:	b2bf      	uxth	r7, r7
10006908:	8a23      	ldrh	r3, [r4, #16]
1000690a:	b29b      	uxth	r3, r3
1000690c:	7a22      	ldrb	r2, [r4, #8]
1000690e:	2a00      	cmp	r2, #0
10006910:	d123      	bne.n	1000695a <tu_fifo_write_n+0x68>
10006912:	88a2      	ldrh	r2, [r4, #4]
10006914:	1af9      	subs	r1, r7, r3
10006916:	b289      	uxth	r1, r1
10006918:	429f      	cmp	r7, r3
1000691a:	d202      	bcs.n	10006922 <tu_fifo_write_n+0x30>
1000691c:	8963      	ldrh	r3, [r4, #10]
1000691e:	1ac9      	subs	r1, r1, r3
10006920:	b289      	uxth	r1, r1
10006922:	1a53      	subs	r3, r2, r1
10006924:	b29b      	uxth	r3, r3
10006926:	1c2a      	adds	r2, r5, #0
10006928:	429d      	cmp	r5, r3
1000692a:	d900      	bls.n	1000692e <tu_fifo_write_n+0x3c>
1000692c:	1c1a      	adds	r2, r3, #0
1000692e:	b295      	uxth	r5, r2
10006930:	2200      	movs	r2, #0
10006932:	0039      	movs	r1, r7
10006934:	0020      	movs	r0, r4
10006936:	f7ff fe5f 	bl	100065f8 <get_relative_pointer>
1000693a:	0003      	movs	r3, r0
1000693c:	002a      	movs	r2, r5
1000693e:	0031      	movs	r1, r6
10006940:	0020      	movs	r0, r4
10006942:	f7ff ff05 	bl	10006750 <_ff_push_n>
10006946:	002a      	movs	r2, r5
10006948:	0039      	movs	r1, r7
1000694a:	0020      	movs	r0, r4
1000694c:	f7ff fe38 	bl	100065c0 <advance_pointer>
10006950:	81e0      	strh	r0, [r4, #14]
10006952:	0020      	movs	r0, r4
10006954:	f7ff fe64 	bl	10006620 <tu_fifo_unlock>
10006958:	e7d0      	b.n	100068fc <tu_fifo_write_n+0xa>
1000695a:	88a1      	ldrh	r1, [r4, #4]
1000695c:	42a9      	cmp	r1, r5
1000695e:	d2e7      	bcs.n	10006930 <tu_fifo_write_n+0x3e>
10006960:	1a6a      	subs	r2, r5, r1
10006962:	88e5      	ldrh	r5, [r4, #6]
10006964:	4355      	muls	r5, r2
10006966:	1976      	adds	r6, r6, r5
10006968:	81e3      	strh	r3, [r4, #14]
1000696a:	000d      	movs	r5, r1
1000696c:	e7e0      	b.n	10006930 <tu_fifo_write_n+0x3e>

1000696e <tu_fifo_clear>:
1000696e:	b510      	push	{r4, lr}
10006970:	0004      	movs	r4, r0
10006972:	f7ff fe4c 	bl	1000660e <tu_fifo_lock>
10006976:	2300      	movs	r3, #0
10006978:	81e3      	strh	r3, [r4, #14]
1000697a:	8223      	strh	r3, [r4, #16]
1000697c:	0020      	movs	r0, r4
1000697e:	f7ff fe4f 	bl	10006620 <tu_fifo_unlock>
10006982:	2001      	movs	r0, #1
10006984:	bd10      	pop	{r4, pc}

10006986 <spi_set_baudrate>:
10006986:	b5f0      	push	{r4, r5, r6, r7, lr}
10006988:	46d6      	mov	lr, sl
1000698a:	4647      	mov	r7, r8
1000698c:	b580      	push	{r7, lr}
1000698e:	b083      	sub	sp, #12
10006990:	4682      	mov	sl, r0
10006992:	4688      	mov	r8, r1
10006994:	2006      	movs	r0, #6
10006996:	f7fb f84b 	bl	10001a30 <clock_get_hz>
1000699a:	0007      	movs	r7, r0
1000699c:	2402      	movs	r4, #2
1000699e:	e000      	b.n	100069a2 <spi_set_baudrate+0x1c>
100069a0:	002c      	movs	r4, r5
100069a2:	2cfe      	cmp	r4, #254	; 0xfe
100069a4:	d81d      	bhi.n	100069e2 <spi_set_baudrate+0x5c>
100069a6:	9701      	str	r7, [sp, #4]
100069a8:	2600      	movs	r6, #0
100069aa:	1ca5      	adds	r5, r4, #2
100069ac:	0228      	lsls	r0, r5, #8
100069ae:	4642      	mov	r2, r8
100069b0:	2300      	movs	r3, #0
100069b2:	2100      	movs	r1, #0
100069b4:	f7fd fa3c 	bl	10003e30 <__wrap___aeabi_lmul>
100069b8:	2900      	cmp	r1, #0
100069ba:	d104      	bne.n	100069c6 <spi_set_baudrate+0x40>
100069bc:	42b1      	cmp	r1, r6
100069be:	d1ef      	bne.n	100069a0 <spi_set_baudrate+0x1a>
100069c0:	9b01      	ldr	r3, [sp, #4]
100069c2:	4298      	cmp	r0, r3
100069c4:	d9ec      	bls.n	100069a0 <spi_set_baudrate+0x1a>
100069c6:	2580      	movs	r5, #128	; 0x80
100069c8:	006d      	lsls	r5, r5, #1
100069ca:	2d01      	cmp	r5, #1
100069cc:	d90c      	bls.n	100069e8 <spi_set_baudrate+0x62>
100069ce:	1e6e      	subs	r6, r5, #1
100069d0:	0021      	movs	r1, r4
100069d2:	4371      	muls	r1, r6
100069d4:	0038      	movs	r0, r7
100069d6:	f7fc fbc9 	bl	1000316c <__wrap___aeabi_uidiv>
100069da:	4540      	cmp	r0, r8
100069dc:	d804      	bhi.n	100069e8 <spi_set_baudrate+0x62>
100069de:	0035      	movs	r5, r6
100069e0:	e7f3      	b.n	100069ca <spi_set_baudrate+0x44>
100069e2:	2580      	movs	r5, #128	; 0x80
100069e4:	006d      	lsls	r5, r5, #1
100069e6:	e7f0      	b.n	100069ca <spi_set_baudrate+0x44>
100069e8:	4653      	mov	r3, sl
100069ea:	611c      	str	r4, [r3, #16]
100069ec:	1e6b      	subs	r3, r5, #1
100069ee:	021b      	lsls	r3, r3, #8
100069f0:	4652      	mov	r2, sl
100069f2:	6812      	ldr	r2, [r2, #0]
100069f4:	4053      	eors	r3, r2
100069f6:	22ff      	movs	r2, #255	; 0xff
100069f8:	0212      	lsls	r2, r2, #8
100069fa:	4013      	ands	r3, r2
100069fc:	2080      	movs	r0, #128	; 0x80
100069fe:	0140      	lsls	r0, r0, #5
10006a00:	4652      	mov	r2, sl
10006a02:	4310      	orrs	r0, r2
10006a04:	6003      	str	r3, [r0, #0]
10006a06:	0029      	movs	r1, r5
10006a08:	4361      	muls	r1, r4
10006a0a:	0038      	movs	r0, r7
10006a0c:	f7fc fbae 	bl	1000316c <__wrap___aeabi_uidiv>
10006a10:	b003      	add	sp, #12
10006a12:	bc0c      	pop	{r2, r3}
10006a14:	4690      	mov	r8, r2
10006a16:	469a      	mov	sl, r3
10006a18:	bdf0      	pop	{r4, r5, r6, r7, pc}
	...

10006a1c <spi_init>:
10006a1c:	b570      	push	{r4, r5, r6, lr}
10006a1e:	0004      	movs	r4, r0
10006a20:	4b15      	ldr	r3, [pc, #84]	; (10006a78 <spi_init+0x5c>)
10006a22:	4298      	cmp	r0, r3
10006a24:	d025      	beq.n	10006a72 <spi_init+0x56>
10006a26:	2280      	movs	r2, #128	; 0x80
10006a28:	0292      	lsls	r2, r2, #10
10006a2a:	4b14      	ldr	r3, [pc, #80]	; (10006a7c <spi_init+0x60>)
10006a2c:	601a      	str	r2, [r3, #0]
10006a2e:	4b14      	ldr	r3, [pc, #80]	; (10006a80 <spi_init+0x64>)
10006a30:	601a      	str	r2, [r3, #0]
10006a32:	4b14      	ldr	r3, [pc, #80]	; (10006a84 <spi_init+0x68>)
10006a34:	689b      	ldr	r3, [r3, #8]
10006a36:	0010      	movs	r0, r2
10006a38:	4398      	bics	r0, r3
10006a3a:	d1fa      	bne.n	10006a32 <spi_init+0x16>
10006a3c:	0020      	movs	r0, r4
10006a3e:	f7ff ffa2 	bl	10006986 <spi_set_baudrate>
10006a42:	6823      	ldr	r3, [r4, #0]
10006a44:	2607      	movs	r6, #7
10006a46:	4073      	eors	r3, r6
10006a48:	21cf      	movs	r1, #207	; 0xcf
10006a4a:	400b      	ands	r3, r1
10006a4c:	2280      	movs	r2, #128	; 0x80
10006a4e:	0152      	lsls	r2, r2, #5
10006a50:	4322      	orrs	r2, r4
10006a52:	6013      	str	r3, [r2, #0]
10006a54:	0025      	movs	r5, r4
10006a56:	3524      	adds	r5, #36	; 0x24
10006a58:	2080      	movs	r0, #128	; 0x80
10006a5a:	0180      	lsls	r0, r0, #6
10006a5c:	4305      	orrs	r5, r0
10006a5e:	2303      	movs	r3, #3
10006a60:	602b      	str	r3, [r5, #0]
10006a62:	cc08      	ldmia	r4!, {r3}
10006a64:	4073      	eors	r3, r6
10006a66:	4019      	ands	r1, r3
10006a68:	6011      	str	r1, [r2, #0]
10006a6a:	4304      	orrs	r4, r0
10006a6c:	2302      	movs	r3, #2
10006a6e:	6023      	str	r3, [r4, #0]
10006a70:	bd70      	pop	{r4, r5, r6, pc}
10006a72:	2280      	movs	r2, #128	; 0x80
10006a74:	0252      	lsls	r2, r2, #9
10006a76:	e7d8      	b.n	10006a2a <spi_init+0xe>
10006a78:	4003c000 	.word	0x4003c000
10006a7c:	4000e000 	.word	0x4000e000
10006a80:	4000f000 	.word	0x4000f000
10006a84:	4000c000 	.word	0x4000c000

10006a88 <LED_8SEG_test>:
10006a88:	b510      	push	{r4, lr}
10006a8a:	f000 f8b3 	bl	10006bf4 <DEV_Module_Init>
10006a8e:	f000 f81d 	bl	10006acc <LED_8SEG_stopwatch>
10006a92:	e7fc      	b.n	10006a8e <LED_8SEG_test+0x6>

10006a94 <LED_8SEG_SendCommand>:
10006a94:	b570      	push	{r4, r5, r6, lr}
10006a96:	0006      	movs	r6, r0
10006a98:	000d      	movs	r5, r1
10006a9a:	4c0b      	ldr	r4, [pc, #44]	; (10006ac8 <LED_8SEG_SendCommand+0x34>)
10006a9c:	8820      	ldrh	r0, [r4, #0]
10006a9e:	2101      	movs	r1, #1
10006aa0:	f000 f864 	bl	10006b6c <DEV_Digital_Write>
10006aa4:	0030      	movs	r0, r6
10006aa6:	f000 f86d 	bl	10006b84 <DEV_SPI_WriteByte>
10006aaa:	0028      	movs	r0, r5
10006aac:	f000 f86a 	bl	10006b84 <DEV_SPI_WriteByte>
10006ab0:	8820      	ldrh	r0, [r4, #0]
10006ab2:	2100      	movs	r1, #0
10006ab4:	f000 f85a 	bl	10006b6c <DEV_Digital_Write>
10006ab8:	2002      	movs	r0, #2
10006aba:	f000 f884 	bl	10006bc6 <DEV_Delay_ms>
10006abe:	8820      	ldrh	r0, [r4, #0]
10006ac0:	2101      	movs	r1, #1
10006ac2:	f000 f853 	bl	10006b6c <DEV_Digital_Write>
10006ac6:	bd70      	pop	{r4, r5, r6, pc}
10006ac8:	20001cb4 	.word	0x20001cb4

10006acc <LED_8SEG_stopwatch>:
10006acc:	b570      	push	{r4, r5, r6, lr}
10006ace:	2400      	movs	r4, #0
10006ad0:	4b23      	ldr	r3, [pc, #140]	; (10006b60 <LED_8SEG_stopwatch+0x94>)
10006ad2:	429c      	cmp	r4, r3
10006ad4:	dc42      	bgt.n	10006b5c <LED_8SEG_stopwatch+0x90>
10006ad6:	26fa      	movs	r6, #250	; 0xfa
10006ad8:	0076      	lsls	r6, r6, #1
10006ada:	0030      	movs	r0, r6
10006adc:	f000 f877 	bl	10006bce <DEV_Delay_us>
10006ae0:	210a      	movs	r1, #10
10006ae2:	0020      	movs	r0, r4
10006ae4:	f7fc fb16 	bl	10003114 <__wrap___aeabi_idiv>
10006ae8:	4d1e      	ldr	r5, [pc, #120]	; (10006b64 <LED_8SEG_stopwatch+0x98>)
10006aea:	5c69      	ldrb	r1, [r5, r1]
10006aec:	20f7      	movs	r0, #247	; 0xf7
10006aee:	f7ff ffd1 	bl	10006a94 <LED_8SEG_SendCommand>
10006af2:	0030      	movs	r0, r6
10006af4:	f000 f86b 	bl	10006bce <DEV_Delay_us>
10006af8:	2164      	movs	r1, #100	; 0x64
10006afa:	0020      	movs	r0, r4
10006afc:	f7fc fb0a 	bl	10003114 <__wrap___aeabi_idiv>
10006b00:	0008      	movs	r0, r1
10006b02:	210a      	movs	r1, #10
10006b04:	f7fc fb06 	bl	10003114 <__wrap___aeabi_idiv>
10006b08:	5c29      	ldrb	r1, [r5, r0]
10006b0a:	20fb      	movs	r0, #251	; 0xfb
10006b0c:	f7ff ffc2 	bl	10006a94 <LED_8SEG_SendCommand>
10006b10:	0030      	movs	r0, r6
10006b12:	f000 f85c 	bl	10006bce <DEV_Delay_us>
10006b16:	21fa      	movs	r1, #250	; 0xfa
10006b18:	0089      	lsls	r1, r1, #2
10006b1a:	0020      	movs	r0, r4
10006b1c:	f7fc fafa 	bl	10003114 <__wrap___aeabi_idiv>
10006b20:	0008      	movs	r0, r1
10006b22:	2164      	movs	r1, #100	; 0x64
10006b24:	f7fc faf6 	bl	10003114 <__wrap___aeabi_idiv>
10006b28:	5c2b      	ldrb	r3, [r5, r0]
10006b2a:	2180      	movs	r1, #128	; 0x80
10006b2c:	4249      	negs	r1, r1
10006b2e:	4319      	orrs	r1, r3
10006b30:	b2c9      	uxtb	r1, r1
10006b32:	20fd      	movs	r0, #253	; 0xfd
10006b34:	f7ff ffae 	bl	10006a94 <LED_8SEG_SendCommand>
10006b38:	0030      	movs	r0, r6
10006b3a:	f000 f848 	bl	10006bce <DEV_Delay_us>
10006b3e:	490a      	ldr	r1, [pc, #40]	; (10006b68 <LED_8SEG_stopwatch+0x9c>)
10006b40:	0020      	movs	r0, r4
10006b42:	f7fc fae7 	bl	10003114 <__wrap___aeabi_idiv>
10006b46:	0008      	movs	r0, r1
10006b48:	21fa      	movs	r1, #250	; 0xfa
10006b4a:	0089      	lsls	r1, r1, #2
10006b4c:	f7fc fae2 	bl	10003114 <__wrap___aeabi_idiv>
10006b50:	5c29      	ldrb	r1, [r5, r0]
10006b52:	20fe      	movs	r0, #254	; 0xfe
10006b54:	f7ff ff9e 	bl	10006a94 <LED_8SEG_SendCommand>
10006b58:	3401      	adds	r4, #1
10006b5a:	e7b9      	b.n	10006ad0 <LED_8SEG_stopwatch+0x4>
10006b5c:	bd70      	pop	{r4, r5, r6, pc}
10006b5e:	46c0      	nop			; (mov r8, r8)
10006b60:	0001869e 	.word	0x0001869e
10006b64:	200003b0 	.word	0x200003b0
10006b68:	00002710 	.word	0x00002710

10006b6c <DEV_Digital_Write>:
10006b6c:	2301      	movs	r3, #1
10006b6e:	4083      	lsls	r3, r0
10006b70:	2900      	cmp	r1, #0
10006b72:	d003      	beq.n	10006b7c <DEV_Digital_Write+0x10>
10006b74:	22d0      	movs	r2, #208	; 0xd0
10006b76:	0612      	lsls	r2, r2, #24
10006b78:	6153      	str	r3, [r2, #20]
10006b7a:	4770      	bx	lr
10006b7c:	22d0      	movs	r2, #208	; 0xd0
10006b7e:	0612      	lsls	r2, r2, #24
10006b80:	6193      	str	r3, [r2, #24]
10006b82:	e7fa      	b.n	10006b7a <DEV_Digital_Write+0xe>

10006b84 <DEV_SPI_WriteByte>:
10006b84:	b500      	push	{lr}
10006b86:	b083      	sub	sp, #12
10006b88:	466b      	mov	r3, sp
10006b8a:	1dd9      	adds	r1, r3, #7
10006b8c:	7008      	strb	r0, [r1, #0]
10006b8e:	2201      	movs	r2, #1
10006b90:	4802      	ldr	r0, [pc, #8]	; (10006b9c <DEV_SPI_WriteByte+0x18>)
10006b92:	f000 fd0d 	bl	100075b0 <__spi_write_blocking_veneer>
10006b96:	b003      	add	sp, #12
10006b98:	bd00      	pop	{pc}
10006b9a:	46c0      	nop			; (mov r8, r8)
10006b9c:	40040000 	.word	0x40040000

10006ba0 <DEV_GPIO_Mode>:
10006ba0:	b570      	push	{r4, r5, r6, lr}
10006ba2:	0004      	movs	r4, r0
10006ba4:	000d      	movs	r5, r1
10006ba6:	f7f9 fbcf 	bl	10000348 <gpio_init>
10006baa:	2d00      	cmp	r5, #0
10006bac:	d105      	bne.n	10006bba <DEV_GPIO_Mode+0x1a>
10006bae:	2301      	movs	r3, #1
10006bb0:	40a3      	lsls	r3, r4
10006bb2:	22d0      	movs	r2, #208	; 0xd0
10006bb4:	0612      	lsls	r2, r2, #24
10006bb6:	6293      	str	r3, [r2, #40]	; 0x28
10006bb8:	bd70      	pop	{r4, r5, r6, pc}
10006bba:	2301      	movs	r3, #1
10006bbc:	40a3      	lsls	r3, r4
10006bbe:	22d0      	movs	r2, #208	; 0xd0
10006bc0:	0612      	lsls	r2, r2, #24
10006bc2:	6253      	str	r3, [r2, #36]	; 0x24
10006bc4:	e7f8      	b.n	10006bb8 <DEV_GPIO_Mode+0x18>

10006bc6 <DEV_Delay_ms>:
10006bc6:	b510      	push	{r4, lr}
10006bc8:	f7fa f98e 	bl	10000ee8 <sleep_ms>
10006bcc:	bd10      	pop	{r4, pc}

10006bce <DEV_Delay_us>:
10006bce:	b510      	push	{r4, lr}
10006bd0:	2100      	movs	r1, #0
10006bd2:	f7fa f973 	bl	10000ebc <sleep_us>
10006bd6:	bd10      	pop	{r4, pc}

10006bd8 <DEV_GPIO_Init>:
10006bd8:	b510      	push	{r4, lr}
10006bda:	4c05      	ldr	r4, [pc, #20]	; (10006bf0 <DEV_GPIO_Init+0x18>)
10006bdc:	8820      	ldrh	r0, [r4, #0]
10006bde:	2101      	movs	r1, #1
10006be0:	f7ff ffde 	bl	10006ba0 <DEV_GPIO_Mode>
10006be4:	8820      	ldrh	r0, [r4, #0]
10006be6:	2101      	movs	r1, #1
10006be8:	f7ff ffc0 	bl	10006b6c <DEV_Digital_Write>
10006bec:	bd10      	pop	{r4, pc}
10006bee:	46c0      	nop			; (mov r8, r8)
10006bf0:	20001cb4 	.word	0x20001cb4

10006bf4 <DEV_Module_Init>:
10006bf4:	b570      	push	{r4, r5, r6, lr}
10006bf6:	f7fd fb23 	bl	10004240 <stdio_init_all>
10006bfa:	4b0e      	ldr	r3, [pc, #56]	; (10006c34 <DEV_Module_Init+0x40>)
10006bfc:	2209      	movs	r2, #9
10006bfe:	601a      	str	r2, [r3, #0]
10006c00:	4d0d      	ldr	r5, [pc, #52]	; (10006c38 <DEV_Module_Init+0x44>)
10006c02:	230a      	movs	r3, #10
10006c04:	602b      	str	r3, [r5, #0]
10006c06:	4c0d      	ldr	r4, [pc, #52]	; (10006c3c <DEV_Module_Init+0x48>)
10006c08:	3301      	adds	r3, #1
10006c0a:	6023      	str	r3, [r4, #0]
10006c0c:	490c      	ldr	r1, [pc, #48]	; (10006c40 <DEV_Module_Init+0x4c>)
10006c0e:	480d      	ldr	r0, [pc, #52]	; (10006c44 <DEV_Module_Init+0x50>)
10006c10:	f7ff ff04 	bl	10006a1c <spi_init>
10006c14:	6828      	ldr	r0, [r5, #0]
10006c16:	2101      	movs	r1, #1
10006c18:	f7f9 fb7e 	bl	10000318 <gpio_set_function>
10006c1c:	6820      	ldr	r0, [r4, #0]
10006c1e:	2101      	movs	r1, #1
10006c20:	f7f9 fb7a 	bl	10000318 <gpio_set_function>
10006c24:	f7ff ffd8 	bl	10006bd8 <DEV_GPIO_Init>
10006c28:	4807      	ldr	r0, [pc, #28]	; (10006c48 <DEV_Module_Init+0x54>)
10006c2a:	f7fd facd 	bl	100041c8 <__wrap_puts>
10006c2e:	2000      	movs	r0, #0
10006c30:	bd70      	pop	{r4, r5, r6, pc}
10006c32:	46c0      	nop			; (mov r8, r8)
10006c34:	20001cb4 	.word	0x20001cb4
10006c38:	20001cb0 	.word	0x20001cb0
10006c3c:	20001ca8 	.word	0x20001ca8
10006c40:	00989680 	.word	0x00989680
10006c44:	40040000 	.word	0x40040000
10006c48:	100088d0 	.word	0x100088d0

10006c4c <calloc>:
10006c4c:	0003      	movs	r3, r0
10006c4e:	b510      	push	{r4, lr}
10006c50:	000a      	movs	r2, r1
10006c52:	4903      	ldr	r1, [pc, #12]	; (10006c60 <calloc+0x14>)
10006c54:	6808      	ldr	r0, [r1, #0]
10006c56:	0019      	movs	r1, r3
10006c58:	f000 f804 	bl	10006c64 <_calloc_r>
10006c5c:	bd10      	pop	{r4, pc}
10006c5e:	46c0      	nop			; (mov r8, r8)
10006c60:	200003c0 	.word	0x200003c0

10006c64 <_calloc_r>:
10006c64:	b510      	push	{r4, lr}
10006c66:	4351      	muls	r1, r2
10006c68:	f000 f834 	bl	10006cd4 <_malloc_r>
10006c6c:	1e04      	subs	r4, r0, #0
10006c6e:	d00e      	beq.n	10006c8e <_calloc_r+0x2a>
10006c70:	0003      	movs	r3, r0
10006c72:	3b08      	subs	r3, #8
10006c74:	685a      	ldr	r2, [r3, #4]
10006c76:	2303      	movs	r3, #3
10006c78:	439a      	bics	r2, r3
10006c7a:	3a04      	subs	r2, #4
10006c7c:	2a24      	cmp	r2, #36	; 0x24
10006c7e:	d815      	bhi.n	10006cac <_calloc_r+0x48>
10006c80:	0003      	movs	r3, r0
10006c82:	2a13      	cmp	r2, #19
10006c84:	d805      	bhi.n	10006c92 <_calloc_r+0x2e>
10006c86:	2200      	movs	r2, #0
10006c88:	601a      	str	r2, [r3, #0]
10006c8a:	605a      	str	r2, [r3, #4]
10006c8c:	609a      	str	r2, [r3, #8]
10006c8e:	0020      	movs	r0, r4
10006c90:	bd10      	pop	{r4, pc}
10006c92:	2100      	movs	r1, #0
10006c94:	3308      	adds	r3, #8
10006c96:	6001      	str	r1, [r0, #0]
10006c98:	6041      	str	r1, [r0, #4]
10006c9a:	2a1b      	cmp	r2, #27
10006c9c:	d9f3      	bls.n	10006c86 <_calloc_r+0x22>
10006c9e:	6081      	str	r1, [r0, #8]
10006ca0:	60c1      	str	r1, [r0, #12]
10006ca2:	2a24      	cmp	r2, #36	; 0x24
10006ca4:	d006      	beq.n	10006cb4 <_calloc_r+0x50>
10006ca6:	0003      	movs	r3, r0
10006ca8:	3310      	adds	r3, #16
10006caa:	e7ec      	b.n	10006c86 <_calloc_r+0x22>
10006cac:	2100      	movs	r1, #0
10006cae:	f7fd f981 	bl	10003fb4 <__wrap_memset>
10006cb2:	e7ec      	b.n	10006c8e <_calloc_r+0x2a>
10006cb4:	0003      	movs	r3, r0
10006cb6:	6101      	str	r1, [r0, #16]
10006cb8:	3318      	adds	r3, #24
10006cba:	6141      	str	r1, [r0, #20]
10006cbc:	e7e3      	b.n	10006c86 <_calloc_r+0x22>
10006cbe:	46c0      	nop			; (mov r8, r8)

10006cc0 <malloc>:
10006cc0:	b510      	push	{r4, lr}
10006cc2:	4b03      	ldr	r3, [pc, #12]	; (10006cd0 <malloc+0x10>)
10006cc4:	0001      	movs	r1, r0
10006cc6:	6818      	ldr	r0, [r3, #0]
10006cc8:	f000 f804 	bl	10006cd4 <_malloc_r>
10006ccc:	bd10      	pop	{r4, pc}
10006cce:	46c0      	nop			; (mov r8, r8)
10006cd0:	200003c0 	.word	0x200003c0

10006cd4 <_malloc_r>:
10006cd4:	b5f0      	push	{r4, r5, r6, r7, lr}
10006cd6:	464e      	mov	r6, r9
10006cd8:	4645      	mov	r5, r8
10006cda:	46de      	mov	lr, fp
10006cdc:	4657      	mov	r7, sl
10006cde:	b5e0      	push	{r5, r6, r7, lr}
10006ce0:	000d      	movs	r5, r1
10006ce2:	350b      	adds	r5, #11
10006ce4:	0006      	movs	r6, r0
10006ce6:	b083      	sub	sp, #12
10006ce8:	2d16      	cmp	r5, #22
10006cea:	d822      	bhi.n	10006d32 <_malloc_r+0x5e>
10006cec:	2910      	cmp	r1, #16
10006cee:	d900      	bls.n	10006cf2 <_malloc_r+0x1e>
10006cf0:	e0b2      	b.n	10006e58 <_malloc_r+0x184>
10006cf2:	f000 faaf 	bl	10007254 <__malloc_lock>
10006cf6:	2510      	movs	r5, #16
10006cf8:	2002      	movs	r0, #2
10006cfa:	2318      	movs	r3, #24
10006cfc:	4fcb      	ldr	r7, [pc, #812]	; (1000702c <_malloc_r+0x358>)
10006cfe:	18fb      	adds	r3, r7, r3
10006d00:	001a      	movs	r2, r3
10006d02:	685c      	ldr	r4, [r3, #4]
10006d04:	3a08      	subs	r2, #8
10006d06:	4294      	cmp	r4, r2
10006d08:	d100      	bne.n	10006d0c <_malloc_r+0x38>
10006d0a:	e0b5      	b.n	10006e78 <_malloc_r+0x1a4>
10006d0c:	2303      	movs	r3, #3
10006d0e:	6862      	ldr	r2, [r4, #4]
10006d10:	439a      	bics	r2, r3
10006d12:	0013      	movs	r3, r2
10006d14:	68e2      	ldr	r2, [r4, #12]
10006d16:	68a1      	ldr	r1, [r4, #8]
10006d18:	60ca      	str	r2, [r1, #12]
10006d1a:	6091      	str	r1, [r2, #8]
10006d1c:	2201      	movs	r2, #1
10006d1e:	18e3      	adds	r3, r4, r3
10006d20:	6859      	ldr	r1, [r3, #4]
10006d22:	0030      	movs	r0, r6
10006d24:	430a      	orrs	r2, r1
10006d26:	605a      	str	r2, [r3, #4]
10006d28:	f000 fa9c 	bl	10007264 <__malloc_unlock>
10006d2c:	0020      	movs	r0, r4
10006d2e:	3008      	adds	r0, #8
10006d30:	e095      	b.n	10006e5e <_malloc_r+0x18a>
10006d32:	2307      	movs	r3, #7
10006d34:	439d      	bics	r5, r3
10006d36:	d500      	bpl.n	10006d3a <_malloc_r+0x66>
10006d38:	e08e      	b.n	10006e58 <_malloc_r+0x184>
10006d3a:	42a9      	cmp	r1, r5
10006d3c:	d900      	bls.n	10006d40 <_malloc_r+0x6c>
10006d3e:	e08b      	b.n	10006e58 <_malloc_r+0x184>
10006d40:	f000 fa88 	bl	10007254 <__malloc_lock>
10006d44:	23fc      	movs	r3, #252	; 0xfc
10006d46:	005b      	lsls	r3, r3, #1
10006d48:	429d      	cmp	r5, r3
10006d4a:	d200      	bcs.n	10006d4e <_malloc_r+0x7a>
10006d4c:	e1a5      	b.n	1000709a <_malloc_r+0x3c6>
10006d4e:	0a68      	lsrs	r0, r5, #9
10006d50:	d100      	bne.n	10006d54 <_malloc_r+0x80>
10006d52:	e08b      	b.n	10006e6c <_malloc_r+0x198>
10006d54:	2804      	cmp	r0, #4
10006d56:	d900      	bls.n	10006d5a <_malloc_r+0x86>
10006d58:	e178      	b.n	1000704c <_malloc_r+0x378>
10006d5a:	2338      	movs	r3, #56	; 0x38
10006d5c:	4698      	mov	r8, r3
10006d5e:	09a8      	lsrs	r0, r5, #6
10006d60:	4480      	add	r8, r0
10006d62:	3039      	adds	r0, #57	; 0x39
10006d64:	00c1      	lsls	r1, r0, #3
10006d66:	4fb1      	ldr	r7, [pc, #708]	; (1000702c <_malloc_r+0x358>)
10006d68:	1879      	adds	r1, r7, r1
10006d6a:	684c      	ldr	r4, [r1, #4]
10006d6c:	3908      	subs	r1, #8
10006d6e:	42a1      	cmp	r1, r4
10006d70:	d00e      	beq.n	10006d90 <_malloc_r+0xbc>
10006d72:	2303      	movs	r3, #3
10006d74:	469c      	mov	ip, r3
10006d76:	e004      	b.n	10006d82 <_malloc_r+0xae>
10006d78:	2a00      	cmp	r2, #0
10006d7a:	dacb      	bge.n	10006d14 <_malloc_r+0x40>
10006d7c:	68e4      	ldr	r4, [r4, #12]
10006d7e:	42a1      	cmp	r1, r4
10006d80:	d006      	beq.n	10006d90 <_malloc_r+0xbc>
10006d82:	4662      	mov	r2, ip
10006d84:	6863      	ldr	r3, [r4, #4]
10006d86:	4393      	bics	r3, r2
10006d88:	1b5a      	subs	r2, r3, r5
10006d8a:	2a0f      	cmp	r2, #15
10006d8c:	ddf4      	ble.n	10006d78 <_malloc_r+0xa4>
10006d8e:	4640      	mov	r0, r8
10006d90:	003a      	movs	r2, r7
10006d92:	693c      	ldr	r4, [r7, #16]
10006d94:	3208      	adds	r2, #8
10006d96:	4294      	cmp	r4, r2
10006d98:	d100      	bne.n	10006d9c <_malloc_r+0xc8>
10006d9a:	e078      	b.n	10006e8e <_malloc_r+0x1ba>
10006d9c:	2303      	movs	r3, #3
10006d9e:	6861      	ldr	r1, [r4, #4]
10006da0:	4399      	bics	r1, r3
10006da2:	4689      	mov	r9, r1
10006da4:	000b      	movs	r3, r1
10006da6:	1b49      	subs	r1, r1, r5
10006da8:	290f      	cmp	r1, #15
10006daa:	dd00      	ble.n	10006dae <_malloc_r+0xda>
10006dac:	e179      	b.n	100070a2 <_malloc_r+0x3ce>
10006dae:	617a      	str	r2, [r7, #20]
10006db0:	613a      	str	r2, [r7, #16]
10006db2:	2900      	cmp	r1, #0
10006db4:	dab2      	bge.n	10006d1c <_malloc_r+0x48>
10006db6:	2280      	movs	r2, #128	; 0x80
10006db8:	0092      	lsls	r2, r2, #2
10006dba:	4591      	cmp	r9, r2
10006dbc:	d300      	bcc.n	10006dc0 <_malloc_r+0xec>
10006dbe:	e10e      	b.n	10006fde <_malloc_r+0x30a>
10006dc0:	0959      	lsrs	r1, r3, #5
10006dc2:	08da      	lsrs	r2, r3, #3
10006dc4:	2301      	movs	r3, #1
10006dc6:	408b      	lsls	r3, r1
10006dc8:	00d2      	lsls	r2, r2, #3
10006dca:	6879      	ldr	r1, [r7, #4]
10006dcc:	19d2      	adds	r2, r2, r7
10006dce:	430b      	orrs	r3, r1
10006dd0:	6891      	ldr	r1, [r2, #8]
10006dd2:	607b      	str	r3, [r7, #4]
10006dd4:	60e2      	str	r2, [r4, #12]
10006dd6:	60a1      	str	r1, [r4, #8]
10006dd8:	6094      	str	r4, [r2, #8]
10006dda:	60cc      	str	r4, [r1, #12]
10006ddc:	2101      	movs	r1, #1
10006dde:	1082      	asrs	r2, r0, #2
10006de0:	4091      	lsls	r1, r2
10006de2:	4299      	cmp	r1, r3
10006de4:	d859      	bhi.n	10006e9a <_malloc_r+0x1c6>
10006de6:	420b      	tst	r3, r1
10006de8:	d105      	bne.n	10006df6 <_malloc_r+0x122>
10006dea:	2203      	movs	r2, #3
10006dec:	4390      	bics	r0, r2
10006dee:	0049      	lsls	r1, r1, #1
10006df0:	3004      	adds	r0, #4
10006df2:	420b      	tst	r3, r1
10006df4:	d0fb      	beq.n	10006dee <_malloc_r+0x11a>
10006df6:	2303      	movs	r3, #3
10006df8:	4698      	mov	r8, r3
10006dfa:	00c3      	lsls	r3, r0, #3
10006dfc:	4699      	mov	r9, r3
10006dfe:	44b9      	add	r9, r7
10006e00:	46cc      	mov	ip, r9
10006e02:	4682      	mov	sl, r0
10006e04:	4663      	mov	r3, ip
10006e06:	68dc      	ldr	r4, [r3, #12]
10006e08:	45a4      	cmp	ip, r4
10006e0a:	d107      	bne.n	10006e1c <_malloc_r+0x148>
10006e0c:	e12a      	b.n	10007064 <_malloc_r+0x390>
10006e0e:	2a00      	cmp	r2, #0
10006e10:	db00      	blt.n	10006e14 <_malloc_r+0x140>
10006e12:	e133      	b.n	1000707c <_malloc_r+0x3a8>
10006e14:	68e4      	ldr	r4, [r4, #12]
10006e16:	45a4      	cmp	ip, r4
10006e18:	d100      	bne.n	10006e1c <_malloc_r+0x148>
10006e1a:	e123      	b.n	10007064 <_malloc_r+0x390>
10006e1c:	4642      	mov	r2, r8
10006e1e:	6863      	ldr	r3, [r4, #4]
10006e20:	4393      	bics	r3, r2
10006e22:	1b5a      	subs	r2, r3, r5
10006e24:	2a0f      	cmp	r2, #15
10006e26:	ddf2      	ble.n	10006e0e <_malloc_r+0x13a>
10006e28:	2001      	movs	r0, #1
10006e2a:	4680      	mov	r8, r0
10006e2c:	1961      	adds	r1, r4, r5
10006e2e:	4305      	orrs	r5, r0
10006e30:	6065      	str	r5, [r4, #4]
10006e32:	68a0      	ldr	r0, [r4, #8]
10006e34:	68e5      	ldr	r5, [r4, #12]
10006e36:	3708      	adds	r7, #8
10006e38:	60c5      	str	r5, [r0, #12]
10006e3a:	60a8      	str	r0, [r5, #8]
10006e3c:	4640      	mov	r0, r8
10006e3e:	4310      	orrs	r0, r2
10006e40:	60f9      	str	r1, [r7, #12]
10006e42:	60b9      	str	r1, [r7, #8]
10006e44:	6048      	str	r0, [r1, #4]
10006e46:	60cf      	str	r7, [r1, #12]
10006e48:	0030      	movs	r0, r6
10006e4a:	608f      	str	r7, [r1, #8]
10006e4c:	50e2      	str	r2, [r4, r3]
10006e4e:	f000 fa09 	bl	10007264 <__malloc_unlock>
10006e52:	0020      	movs	r0, r4
10006e54:	3008      	adds	r0, #8
10006e56:	e002      	b.n	10006e5e <_malloc_r+0x18a>
10006e58:	230c      	movs	r3, #12
10006e5a:	2000      	movs	r0, #0
10006e5c:	6033      	str	r3, [r6, #0]
10006e5e:	b003      	add	sp, #12
10006e60:	bc3c      	pop	{r2, r3, r4, r5}
10006e62:	4690      	mov	r8, r2
10006e64:	4699      	mov	r9, r3
10006e66:	46a2      	mov	sl, r4
10006e68:	46ab      	mov	fp, r5
10006e6a:	bdf0      	pop	{r4, r5, r6, r7, pc}
10006e6c:	2180      	movs	r1, #128	; 0x80
10006e6e:	233f      	movs	r3, #63	; 0x3f
10006e70:	2040      	movs	r0, #64	; 0x40
10006e72:	4698      	mov	r8, r3
10006e74:	0089      	lsls	r1, r1, #2
10006e76:	e776      	b.n	10006d66 <_malloc_r+0x92>
10006e78:	68dc      	ldr	r4, [r3, #12]
10006e7a:	3002      	adds	r0, #2
10006e7c:	42a3      	cmp	r3, r4
10006e7e:	d000      	beq.n	10006e82 <_malloc_r+0x1ae>
10006e80:	e744      	b.n	10006d0c <_malloc_r+0x38>
10006e82:	003a      	movs	r2, r7
10006e84:	693c      	ldr	r4, [r7, #16]
10006e86:	3208      	adds	r2, #8
10006e88:	4294      	cmp	r4, r2
10006e8a:	d000      	beq.n	10006e8e <_malloc_r+0x1ba>
10006e8c:	e786      	b.n	10006d9c <_malloc_r+0xc8>
10006e8e:	2101      	movs	r1, #1
10006e90:	687b      	ldr	r3, [r7, #4]
10006e92:	1082      	asrs	r2, r0, #2
10006e94:	4091      	lsls	r1, r2
10006e96:	4299      	cmp	r1, r3
10006e98:	d9a5      	bls.n	10006de6 <_malloc_r+0x112>
10006e9a:	2303      	movs	r3, #3
10006e9c:	68bc      	ldr	r4, [r7, #8]
10006e9e:	6862      	ldr	r2, [r4, #4]
10006ea0:	439a      	bics	r2, r3
10006ea2:	4691      	mov	r9, r2
10006ea4:	4295      	cmp	r5, r2
10006ea6:	d803      	bhi.n	10006eb0 <_malloc_r+0x1dc>
10006ea8:	1b53      	subs	r3, r2, r5
10006eaa:	2b0f      	cmp	r3, #15
10006eac:	dd00      	ble.n	10006eb0 <_malloc_r+0x1dc>
10006eae:	e088      	b.n	10006fc2 <_malloc_r+0x2ee>
10006eb0:	0023      	movs	r3, r4
10006eb2:	444b      	add	r3, r9
10006eb4:	4a5e      	ldr	r2, [pc, #376]	; (10007030 <_malloc_r+0x35c>)
10006eb6:	9301      	str	r3, [sp, #4]
10006eb8:	4b5e      	ldr	r3, [pc, #376]	; (10007034 <_malloc_r+0x360>)
10006eba:	4693      	mov	fp, r2
10006ebc:	681b      	ldr	r3, [r3, #0]
10006ebe:	6812      	ldr	r2, [r2, #0]
10006ec0:	18eb      	adds	r3, r5, r3
10006ec2:	3201      	adds	r2, #1
10006ec4:	d100      	bne.n	10006ec8 <_malloc_r+0x1f4>
10006ec6:	e13b      	b.n	10007140 <_malloc_r+0x46c>
10006ec8:	4a5b      	ldr	r2, [pc, #364]	; (10007038 <_malloc_r+0x364>)
10006eca:	4694      	mov	ip, r2
10006ecc:	4463      	add	r3, ip
10006ece:	0b1b      	lsrs	r3, r3, #12
10006ed0:	031b      	lsls	r3, r3, #12
10006ed2:	9300      	str	r3, [sp, #0]
10006ed4:	0030      	movs	r0, r6
10006ed6:	9900      	ldr	r1, [sp, #0]
10006ed8:	f000 f9cc 	bl	10007274 <_sbrk_r>
10006edc:	0003      	movs	r3, r0
10006ede:	4680      	mov	r8, r0
10006ee0:	3301      	adds	r3, #1
10006ee2:	d100      	bne.n	10006ee6 <_malloc_r+0x212>
10006ee4:	e0f8      	b.n	100070d8 <_malloc_r+0x404>
10006ee6:	9b01      	ldr	r3, [sp, #4]
10006ee8:	4283      	cmp	r3, r0
10006eea:	d900      	bls.n	10006eee <_malloc_r+0x21a>
10006eec:	e0f2      	b.n	100070d4 <_malloc_r+0x400>
10006eee:	4b53      	ldr	r3, [pc, #332]	; (1000703c <_malloc_r+0x368>)
10006ef0:	0019      	movs	r1, r3
10006ef2:	469a      	mov	sl, r3
10006ef4:	6809      	ldr	r1, [r1, #0]
10006ef6:	9b00      	ldr	r3, [sp, #0]
10006ef8:	468c      	mov	ip, r1
10006efa:	4651      	mov	r1, sl
10006efc:	4463      	add	r3, ip
10006efe:	600b      	str	r3, [r1, #0]
10006f00:	9901      	ldr	r1, [sp, #4]
10006f02:	001a      	movs	r2, r3
10006f04:	4281      	cmp	r1, r0
10006f06:	d100      	bne.n	10006f0a <_malloc_r+0x236>
10006f08:	e150      	b.n	100071ac <_malloc_r+0x4d8>
10006f0a:	465b      	mov	r3, fp
10006f0c:	681b      	ldr	r3, [r3, #0]
10006f0e:	3301      	adds	r3, #1
10006f10:	d100      	bne.n	10006f14 <_malloc_r+0x240>
10006f12:	e155      	b.n	100071c0 <_malloc_r+0x4ec>
10006f14:	4643      	mov	r3, r8
10006f16:	9901      	ldr	r1, [sp, #4]
10006f18:	1a5b      	subs	r3, r3, r1
10006f1a:	189a      	adds	r2, r3, r2
10006f1c:	4653      	mov	r3, sl
10006f1e:	601a      	str	r2, [r3, #0]
10006f20:	2307      	movs	r3, #7
10006f22:	4642      	mov	r2, r8
10006f24:	4641      	mov	r1, r8
10006f26:	401a      	ands	r2, r3
10006f28:	9201      	str	r2, [sp, #4]
10006f2a:	4219      	tst	r1, r3
10006f2c:	d100      	bne.n	10006f30 <_malloc_r+0x25c>
10006f2e:	e111      	b.n	10007154 <_malloc_r+0x480>
10006f30:	2308      	movs	r3, #8
10006f32:	4698      	mov	r8, r3
10006f34:	1a88      	subs	r0, r1, r2
10006f36:	4b42      	ldr	r3, [pc, #264]	; (10007040 <_malloc_r+0x36c>)
10006f38:	9900      	ldr	r1, [sp, #0]
10006f3a:	4480      	add	r8, r0
10006f3c:	4441      	add	r1, r8
10006f3e:	1a9b      	subs	r3, r3, r2
10006f40:	1a5b      	subs	r3, r3, r1
10006f42:	051b      	lsls	r3, r3, #20
10006f44:	0d1b      	lsrs	r3, r3, #20
10006f46:	9100      	str	r1, [sp, #0]
10006f48:	0030      	movs	r0, r6
10006f4a:	0019      	movs	r1, r3
10006f4c:	469b      	mov	fp, r3
10006f4e:	f000 f991 	bl	10007274 <_sbrk_r>
10006f52:	1c43      	adds	r3, r0, #1
10006f54:	d100      	bne.n	10006f58 <_malloc_r+0x284>
10006f56:	e14f      	b.n	100071f8 <_malloc_r+0x524>
10006f58:	4643      	mov	r3, r8
10006f5a:	1ac0      	subs	r0, r0, r3
10006f5c:	0003      	movs	r3, r0
10006f5e:	445b      	add	r3, fp
10006f60:	9300      	str	r3, [sp, #0]
10006f62:	4653      	mov	r3, sl
10006f64:	4652      	mov	r2, sl
10006f66:	681b      	ldr	r3, [r3, #0]
10006f68:	2101      	movs	r1, #1
10006f6a:	445b      	add	r3, fp
10006f6c:	6013      	str	r3, [r2, #0]
10006f6e:	4642      	mov	r2, r8
10006f70:	4640      	mov	r0, r8
10006f72:	60ba      	str	r2, [r7, #8]
10006f74:	9a00      	ldr	r2, [sp, #0]
10006f76:	430a      	orrs	r2, r1
10006f78:	6042      	str	r2, [r0, #4]
10006f7a:	42bc      	cmp	r4, r7
10006f7c:	d100      	bne.n	10006f80 <_malloc_r+0x2ac>
10006f7e:	e123      	b.n	100071c8 <_malloc_r+0x4f4>
10006f80:	464a      	mov	r2, r9
10006f82:	2a0f      	cmp	r2, #15
10006f84:	d800      	bhi.n	10006f88 <_malloc_r+0x2b4>
10006f86:	e121      	b.n	100071cc <_malloc_r+0x4f8>
10006f88:	2007      	movs	r0, #7
10006f8a:	3a0c      	subs	r2, #12
10006f8c:	4382      	bics	r2, r0
10006f8e:	6860      	ldr	r0, [r4, #4]
10006f90:	4001      	ands	r1, r0
10006f92:	2005      	movs	r0, #5
10006f94:	4311      	orrs	r1, r2
10006f96:	6061      	str	r1, [r4, #4]
10006f98:	18a1      	adds	r1, r4, r2
10006f9a:	6048      	str	r0, [r1, #4]
10006f9c:	6088      	str	r0, [r1, #8]
10006f9e:	2a0f      	cmp	r2, #15
10006fa0:	d900      	bls.n	10006fa4 <_malloc_r+0x2d0>
10006fa2:	e134      	b.n	1000720e <_malloc_r+0x53a>
10006fa4:	4642      	mov	r2, r8
10006fa6:	4644      	mov	r4, r8
10006fa8:	6852      	ldr	r2, [r2, #4]
10006faa:	4926      	ldr	r1, [pc, #152]	; (10007044 <_malloc_r+0x370>)
10006fac:	6808      	ldr	r0, [r1, #0]
10006fae:	4298      	cmp	r0, r3
10006fb0:	d200      	bcs.n	10006fb4 <_malloc_r+0x2e0>
10006fb2:	600b      	str	r3, [r1, #0]
10006fb4:	4924      	ldr	r1, [pc, #144]	; (10007048 <_malloc_r+0x374>)
10006fb6:	6808      	ldr	r0, [r1, #0]
10006fb8:	4298      	cmp	r0, r3
10006fba:	d300      	bcc.n	10006fbe <_malloc_r+0x2ea>
10006fbc:	e08e      	b.n	100070dc <_malloc_r+0x408>
10006fbe:	600b      	str	r3, [r1, #0]
10006fc0:	e08c      	b.n	100070dc <_malloc_r+0x408>
10006fc2:	2201      	movs	r2, #1
10006fc4:	0029      	movs	r1, r5
10006fc6:	4313      	orrs	r3, r2
10006fc8:	4311      	orrs	r1, r2
10006fca:	1965      	adds	r5, r4, r5
10006fcc:	6061      	str	r1, [r4, #4]
10006fce:	0030      	movs	r0, r6
10006fd0:	60bd      	str	r5, [r7, #8]
10006fd2:	606b      	str	r3, [r5, #4]
10006fd4:	f000 f946 	bl	10007264 <__malloc_unlock>
10006fd8:	0020      	movs	r0, r4
10006fda:	3008      	adds	r0, #8
10006fdc:	e73f      	b.n	10006e5e <_malloc_r+0x18a>
10006fde:	0a5a      	lsrs	r2, r3, #9
10006fe0:	2a04      	cmp	r2, #4
10006fe2:	d971      	bls.n	100070c8 <_malloc_r+0x3f4>
10006fe4:	2a14      	cmp	r2, #20
10006fe6:	d900      	bls.n	10006fea <_malloc_r+0x316>
10006fe8:	e0c4      	b.n	10007174 <_malloc_r+0x4a0>
10006fea:	0011      	movs	r1, r2
10006fec:	325c      	adds	r2, #92	; 0x5c
10006fee:	315b      	adds	r1, #91	; 0x5b
10006ff0:	00d2      	lsls	r2, r2, #3
10006ff2:	2308      	movs	r3, #8
10006ff4:	425b      	negs	r3, r3
10006ff6:	469c      	mov	ip, r3
10006ff8:	18ba      	adds	r2, r7, r2
10006ffa:	4494      	add	ip, r2
10006ffc:	4663      	mov	r3, ip
10006ffe:	689a      	ldr	r2, [r3, #8]
10007000:	2303      	movs	r3, #3
10007002:	4698      	mov	r8, r3
10007004:	4594      	cmp	ip, r2
10007006:	d100      	bne.n	1000700a <_malloc_r+0x336>
10007008:	e09d      	b.n	10007146 <_malloc_r+0x472>
1000700a:	4643      	mov	r3, r8
1000700c:	6851      	ldr	r1, [r2, #4]
1000700e:	4399      	bics	r1, r3
10007010:	4549      	cmp	r1, r9
10007012:	d902      	bls.n	1000701a <_malloc_r+0x346>
10007014:	6892      	ldr	r2, [r2, #8]
10007016:	4594      	cmp	ip, r2
10007018:	d1f7      	bne.n	1000700a <_malloc_r+0x336>
1000701a:	68d3      	ldr	r3, [r2, #12]
1000701c:	469c      	mov	ip, r3
1000701e:	687b      	ldr	r3, [r7, #4]
10007020:	4661      	mov	r1, ip
10007022:	60a2      	str	r2, [r4, #8]
10007024:	60e1      	str	r1, [r4, #12]
10007026:	608c      	str	r4, [r1, #8]
10007028:	60d4      	str	r4, [r2, #12]
1000702a:	e6d7      	b.n	10006ddc <_malloc_r+0x108>
1000702c:	200007f0 	.word	0x200007f0
10007030:	20000bf8 	.word	0x20000bf8
10007034:	20000c74 	.word	0x20000c74
10007038:	0000100f 	.word	0x0000100f
1000703c:	20000c44 	.word	0x20000c44
10007040:	00001008 	.word	0x00001008
10007044:	20000c6c 	.word	0x20000c6c
10007048:	20000c70 	.word	0x20000c70
1000704c:	2814      	cmp	r0, #20
1000704e:	d952      	bls.n	100070f6 <_malloc_r+0x422>
10007050:	2854      	cmp	r0, #84	; 0x54
10007052:	d900      	bls.n	10007056 <_malloc_r+0x382>
10007054:	e096      	b.n	10007184 <_malloc_r+0x4b0>
10007056:	236e      	movs	r3, #110	; 0x6e
10007058:	4698      	mov	r8, r3
1000705a:	0b28      	lsrs	r0, r5, #12
1000705c:	4480      	add	r8, r0
1000705e:	306f      	adds	r0, #111	; 0x6f
10007060:	00c1      	lsls	r1, r0, #3
10007062:	e680      	b.n	10006d66 <_malloc_r+0x92>
10007064:	2308      	movs	r3, #8
10007066:	469b      	mov	fp, r3
10007068:	3b07      	subs	r3, #7
1000706a:	44dc      	add	ip, fp
1000706c:	469b      	mov	fp, r3
1000706e:	44da      	add	sl, fp
10007070:	4643      	mov	r3, r8
10007072:	4652      	mov	r2, sl
10007074:	4213      	tst	r3, r2
10007076:	d000      	beq.n	1000707a <_malloc_r+0x3a6>
10007078:	e6c4      	b.n	10006e04 <_malloc_r+0x130>
1000707a:	e04c      	b.n	10007116 <_malloc_r+0x442>
1000707c:	2201      	movs	r2, #1
1000707e:	18e3      	adds	r3, r4, r3
10007080:	6859      	ldr	r1, [r3, #4]
10007082:	0030      	movs	r0, r6
10007084:	430a      	orrs	r2, r1
10007086:	605a      	str	r2, [r3, #4]
10007088:	68e3      	ldr	r3, [r4, #12]
1000708a:	68a2      	ldr	r2, [r4, #8]
1000708c:	60d3      	str	r3, [r2, #12]
1000708e:	609a      	str	r2, [r3, #8]
10007090:	f000 f8e8 	bl	10007264 <__malloc_unlock>
10007094:	0020      	movs	r0, r4
10007096:	3008      	adds	r0, #8
10007098:	e6e1      	b.n	10006e5e <_malloc_r+0x18a>
1000709a:	002b      	movs	r3, r5
1000709c:	08e8      	lsrs	r0, r5, #3
1000709e:	3308      	adds	r3, #8
100070a0:	e62c      	b.n	10006cfc <_malloc_r+0x28>
100070a2:	2301      	movs	r3, #1
100070a4:	1960      	adds	r0, r4, r5
100070a6:	431d      	orrs	r5, r3
100070a8:	6065      	str	r5, [r4, #4]
100070aa:	6178      	str	r0, [r7, #20]
100070ac:	6138      	str	r0, [r7, #16]
100070ae:	60c2      	str	r2, [r0, #12]
100070b0:	6082      	str	r2, [r0, #8]
100070b2:	001a      	movs	r2, r3
100070b4:	464b      	mov	r3, r9
100070b6:	430a      	orrs	r2, r1
100070b8:	6042      	str	r2, [r0, #4]
100070ba:	0030      	movs	r0, r6
100070bc:	50e1      	str	r1, [r4, r3]
100070be:	f000 f8d1 	bl	10007264 <__malloc_unlock>
100070c2:	0020      	movs	r0, r4
100070c4:	3008      	adds	r0, #8
100070c6:	e6ca      	b.n	10006e5e <_malloc_r+0x18a>
100070c8:	099a      	lsrs	r2, r3, #6
100070ca:	0011      	movs	r1, r2
100070cc:	3239      	adds	r2, #57	; 0x39
100070ce:	3138      	adds	r1, #56	; 0x38
100070d0:	00d2      	lsls	r2, r2, #3
100070d2:	e78e      	b.n	10006ff2 <_malloc_r+0x31e>
100070d4:	42bc      	cmp	r4, r7
100070d6:	d060      	beq.n	1000719a <_malloc_r+0x4c6>
100070d8:	68bc      	ldr	r4, [r7, #8]
100070da:	6862      	ldr	r2, [r4, #4]
100070dc:	2303      	movs	r3, #3
100070de:	439a      	bics	r2, r3
100070e0:	1b53      	subs	r3, r2, r5
100070e2:	4295      	cmp	r5, r2
100070e4:	d802      	bhi.n	100070ec <_malloc_r+0x418>
100070e6:	2b0f      	cmp	r3, #15
100070e8:	dd00      	ble.n	100070ec <_malloc_r+0x418>
100070ea:	e76a      	b.n	10006fc2 <_malloc_r+0x2ee>
100070ec:	0030      	movs	r0, r6
100070ee:	f000 f8b9 	bl	10007264 <__malloc_unlock>
100070f2:	2000      	movs	r0, #0
100070f4:	e6b3      	b.n	10006e5e <_malloc_r+0x18a>
100070f6:	235b      	movs	r3, #91	; 0x5b
100070f8:	4698      	mov	r8, r3
100070fa:	4480      	add	r8, r0
100070fc:	305c      	adds	r0, #92	; 0x5c
100070fe:	00c1      	lsls	r1, r0, #3
10007100:	e631      	b.n	10006d66 <_malloc_r+0x92>
10007102:	2308      	movs	r3, #8
10007104:	425b      	negs	r3, r3
10007106:	469c      	mov	ip, r3
10007108:	44e1      	add	r9, ip
1000710a:	464b      	mov	r3, r9
1000710c:	689b      	ldr	r3, [r3, #8]
1000710e:	3801      	subs	r0, #1
10007110:	454b      	cmp	r3, r9
10007112:	d000      	beq.n	10007116 <_malloc_r+0x442>
10007114:	e098      	b.n	10007248 <_malloc_r+0x574>
10007116:	4643      	mov	r3, r8
10007118:	4203      	tst	r3, r0
1000711a:	d1f2      	bne.n	10007102 <_malloc_r+0x42e>
1000711c:	687b      	ldr	r3, [r7, #4]
1000711e:	438b      	bics	r3, r1
10007120:	607b      	str	r3, [r7, #4]
10007122:	0049      	lsls	r1, r1, #1
10007124:	4299      	cmp	r1, r3
10007126:	d900      	bls.n	1000712a <_malloc_r+0x456>
10007128:	e6b7      	b.n	10006e9a <_malloc_r+0x1c6>
1000712a:	2900      	cmp	r1, #0
1000712c:	d104      	bne.n	10007138 <_malloc_r+0x464>
1000712e:	e6b4      	b.n	10006e9a <_malloc_r+0x1c6>
10007130:	2204      	movs	r2, #4
10007132:	4694      	mov	ip, r2
10007134:	0049      	lsls	r1, r1, #1
10007136:	44e2      	add	sl, ip
10007138:	420b      	tst	r3, r1
1000713a:	d0f9      	beq.n	10007130 <_malloc_r+0x45c>
1000713c:	4650      	mov	r0, sl
1000713e:	e65c      	b.n	10006dfa <_malloc_r+0x126>
10007140:	3310      	adds	r3, #16
10007142:	9300      	str	r3, [sp, #0]
10007144:	e6c6      	b.n	10006ed4 <_malloc_r+0x200>
10007146:	1089      	asrs	r1, r1, #2
10007148:	3b02      	subs	r3, #2
1000714a:	408b      	lsls	r3, r1
1000714c:	6879      	ldr	r1, [r7, #4]
1000714e:	430b      	orrs	r3, r1
10007150:	607b      	str	r3, [r7, #4]
10007152:	e765      	b.n	10007020 <_malloc_r+0x34c>
10007154:	9b00      	ldr	r3, [sp, #0]
10007156:	0030      	movs	r0, r6
10007158:	4443      	add	r3, r8
1000715a:	425b      	negs	r3, r3
1000715c:	051b      	lsls	r3, r3, #20
1000715e:	0d1b      	lsrs	r3, r3, #20
10007160:	0019      	movs	r1, r3
10007162:	469b      	mov	fp, r3
10007164:	f000 f886 	bl	10007274 <_sbrk_r>
10007168:	1c43      	adds	r3, r0, #1
1000716a:	d000      	beq.n	1000716e <_malloc_r+0x49a>
1000716c:	e6f4      	b.n	10006f58 <_malloc_r+0x284>
1000716e:	2300      	movs	r3, #0
10007170:	469b      	mov	fp, r3
10007172:	e6f6      	b.n	10006f62 <_malloc_r+0x28e>
10007174:	2a54      	cmp	r2, #84	; 0x54
10007176:	d82b      	bhi.n	100071d0 <_malloc_r+0x4fc>
10007178:	0b1a      	lsrs	r2, r3, #12
1000717a:	0011      	movs	r1, r2
1000717c:	326f      	adds	r2, #111	; 0x6f
1000717e:	316e      	adds	r1, #110	; 0x6e
10007180:	00d2      	lsls	r2, r2, #3
10007182:	e736      	b.n	10006ff2 <_malloc_r+0x31e>
10007184:	23aa      	movs	r3, #170	; 0xaa
10007186:	005b      	lsls	r3, r3, #1
10007188:	4298      	cmp	r0, r3
1000718a:	d82b      	bhi.n	100071e4 <_malloc_r+0x510>
1000718c:	3bdd      	subs	r3, #221	; 0xdd
1000718e:	4698      	mov	r8, r3
10007190:	0be8      	lsrs	r0, r5, #15
10007192:	4480      	add	r8, r0
10007194:	3078      	adds	r0, #120	; 0x78
10007196:	00c1      	lsls	r1, r0, #3
10007198:	e5e5      	b.n	10006d66 <_malloc_r+0x92>
1000719a:	4b2c      	ldr	r3, [pc, #176]	; (1000724c <_malloc_r+0x578>)
1000719c:	9a00      	ldr	r2, [sp, #0]
1000719e:	469a      	mov	sl, r3
100071a0:	681b      	ldr	r3, [r3, #0]
100071a2:	469c      	mov	ip, r3
100071a4:	4653      	mov	r3, sl
100071a6:	4462      	add	r2, ip
100071a8:	601a      	str	r2, [r3, #0]
100071aa:	e6ae      	b.n	10006f0a <_malloc_r+0x236>
100071ac:	0509      	lsls	r1, r1, #20
100071ae:	d000      	beq.n	100071b2 <_malloc_r+0x4de>
100071b0:	e6ab      	b.n	10006f0a <_malloc_r+0x236>
100071b2:	9a00      	ldr	r2, [sp, #0]
100071b4:	68bc      	ldr	r4, [r7, #8]
100071b6:	444a      	add	r2, r9
100071b8:	3101      	adds	r1, #1
100071ba:	430a      	orrs	r2, r1
100071bc:	6062      	str	r2, [r4, #4]
100071be:	e6f4      	b.n	10006faa <_malloc_r+0x2d6>
100071c0:	465b      	mov	r3, fp
100071c2:	4642      	mov	r2, r8
100071c4:	601a      	str	r2, [r3, #0]
100071c6:	e6ab      	b.n	10006f20 <_malloc_r+0x24c>
100071c8:	4644      	mov	r4, r8
100071ca:	e6ee      	b.n	10006faa <_malloc_r+0x2d6>
100071cc:	6041      	str	r1, [r0, #4]
100071ce:	e78d      	b.n	100070ec <_malloc_r+0x418>
100071d0:	21aa      	movs	r1, #170	; 0xaa
100071d2:	0049      	lsls	r1, r1, #1
100071d4:	428a      	cmp	r2, r1
100071d6:	d824      	bhi.n	10007222 <_malloc_r+0x54e>
100071d8:	0bda      	lsrs	r2, r3, #15
100071da:	0011      	movs	r1, r2
100071dc:	3278      	adds	r2, #120	; 0x78
100071de:	3177      	adds	r1, #119	; 0x77
100071e0:	00d2      	lsls	r2, r2, #3
100071e2:	e706      	b.n	10006ff2 <_malloc_r+0x31e>
100071e4:	4b1a      	ldr	r3, [pc, #104]	; (10007250 <_malloc_r+0x57c>)
100071e6:	4298      	cmp	r0, r3
100071e8:	d824      	bhi.n	10007234 <_malloc_r+0x560>
100071ea:	237c      	movs	r3, #124	; 0x7c
100071ec:	4698      	mov	r8, r3
100071ee:	0ca8      	lsrs	r0, r5, #18
100071f0:	4480      	add	r8, r0
100071f2:	307d      	adds	r0, #125	; 0x7d
100071f4:	00c1      	lsls	r1, r0, #3
100071f6:	e5b6      	b.n	10006d66 <_malloc_r+0x92>
100071f8:	9a00      	ldr	r2, [sp, #0]
100071fa:	9b01      	ldr	r3, [sp, #4]
100071fc:	4694      	mov	ip, r2
100071fe:	4642      	mov	r2, r8
10007200:	3b08      	subs	r3, #8
10007202:	4463      	add	r3, ip
10007204:	1a9b      	subs	r3, r3, r2
10007206:	9300      	str	r3, [sp, #0]
10007208:	2300      	movs	r3, #0
1000720a:	469b      	mov	fp, r3
1000720c:	e6a9      	b.n	10006f62 <_malloc_r+0x28e>
1000720e:	0021      	movs	r1, r4
10007210:	0030      	movs	r0, r6
10007212:	3108      	adds	r1, #8
10007214:	f000 f8bc 	bl	10007390 <_free_r>
10007218:	4653      	mov	r3, sl
1000721a:	68bc      	ldr	r4, [r7, #8]
1000721c:	681b      	ldr	r3, [r3, #0]
1000721e:	6862      	ldr	r2, [r4, #4]
10007220:	e6c3      	b.n	10006faa <_malloc_r+0x2d6>
10007222:	490b      	ldr	r1, [pc, #44]	; (10007250 <_malloc_r+0x57c>)
10007224:	428a      	cmp	r2, r1
10007226:	d80b      	bhi.n	10007240 <_malloc_r+0x56c>
10007228:	0c9a      	lsrs	r2, r3, #18
1000722a:	0011      	movs	r1, r2
1000722c:	327d      	adds	r2, #125	; 0x7d
1000722e:	317c      	adds	r1, #124	; 0x7c
10007230:	00d2      	lsls	r2, r2, #3
10007232:	e6de      	b.n	10006ff2 <_malloc_r+0x31e>
10007234:	21fe      	movs	r1, #254	; 0xfe
10007236:	237e      	movs	r3, #126	; 0x7e
10007238:	207f      	movs	r0, #127	; 0x7f
1000723a:	4698      	mov	r8, r3
1000723c:	0089      	lsls	r1, r1, #2
1000723e:	e592      	b.n	10006d66 <_malloc_r+0x92>
10007240:	22fe      	movs	r2, #254	; 0xfe
10007242:	217e      	movs	r1, #126	; 0x7e
10007244:	0092      	lsls	r2, r2, #2
10007246:	e6d4      	b.n	10006ff2 <_malloc_r+0x31e>
10007248:	687b      	ldr	r3, [r7, #4]
1000724a:	e76a      	b.n	10007122 <_malloc_r+0x44e>
1000724c:	20000c44 	.word	0x20000c44
10007250:	00000554 	.word	0x00000554

10007254 <__malloc_lock>:
10007254:	b510      	push	{r4, lr}
10007256:	4802      	ldr	r0, [pc, #8]	; (10007260 <__malloc_lock+0xc>)
10007258:	f000 f97c 	bl	10007554 <__retarget_lock_acquire_recursive>
1000725c:	bd10      	pop	{r4, pc}
1000725e:	46c0      	nop			; (mov r8, r8)
10007260:	20001cc8 	.word	0x20001cc8

10007264 <__malloc_unlock>:
10007264:	b510      	push	{r4, lr}
10007266:	4802      	ldr	r0, [pc, #8]	; (10007270 <__malloc_unlock+0xc>)
10007268:	f000 f976 	bl	10007558 <__retarget_lock_release_recursive>
1000726c:	bd10      	pop	{r4, pc}
1000726e:	46c0      	nop			; (mov r8, r8)
10007270:	20001cc8 	.word	0x20001cc8

10007274 <_sbrk_r>:
10007274:	2300      	movs	r3, #0
10007276:	b570      	push	{r4, r5, r6, lr}
10007278:	4d06      	ldr	r5, [pc, #24]	; (10007294 <_sbrk_r+0x20>)
1000727a:	0004      	movs	r4, r0
1000727c:	0008      	movs	r0, r1
1000727e:	602b      	str	r3, [r5, #0]
10007280:	f7fa fa7a 	bl	10001778 <_sbrk>
10007284:	1c43      	adds	r3, r0, #1
10007286:	d000      	beq.n	1000728a <_sbrk_r+0x16>
10007288:	bd70      	pop	{r4, r5, r6, pc}
1000728a:	682b      	ldr	r3, [r5, #0]
1000728c:	2b00      	cmp	r3, #0
1000728e:	d0fb      	beq.n	10007288 <_sbrk_r+0x14>
10007290:	6023      	str	r3, [r4, #0]
10007292:	e7f9      	b.n	10007288 <_sbrk_r+0x14>
10007294:	20001cdc 	.word	0x20001cdc

10007298 <strlen>:
10007298:	b510      	push	{r4, lr}
1000729a:	0783      	lsls	r3, r0, #30
1000729c:	d00a      	beq.n	100072b4 <strlen+0x1c>
1000729e:	0003      	movs	r3, r0
100072a0:	2103      	movs	r1, #3
100072a2:	e002      	b.n	100072aa <strlen+0x12>
100072a4:	3301      	adds	r3, #1
100072a6:	420b      	tst	r3, r1
100072a8:	d005      	beq.n	100072b6 <strlen+0x1e>
100072aa:	781a      	ldrb	r2, [r3, #0]
100072ac:	2a00      	cmp	r2, #0
100072ae:	d1f9      	bne.n	100072a4 <strlen+0xc>
100072b0:	1a18      	subs	r0, r3, r0
100072b2:	bd10      	pop	{r4, pc}
100072b4:	0003      	movs	r3, r0
100072b6:	6819      	ldr	r1, [r3, #0]
100072b8:	4a0c      	ldr	r2, [pc, #48]	; (100072ec <strlen+0x54>)
100072ba:	4c0d      	ldr	r4, [pc, #52]	; (100072f0 <strlen+0x58>)
100072bc:	188a      	adds	r2, r1, r2
100072be:	438a      	bics	r2, r1
100072c0:	4222      	tst	r2, r4
100072c2:	d10f      	bne.n	100072e4 <strlen+0x4c>
100072c4:	6859      	ldr	r1, [r3, #4]
100072c6:	4a09      	ldr	r2, [pc, #36]	; (100072ec <strlen+0x54>)
100072c8:	3304      	adds	r3, #4
100072ca:	188a      	adds	r2, r1, r2
100072cc:	438a      	bics	r2, r1
100072ce:	4222      	tst	r2, r4
100072d0:	d108      	bne.n	100072e4 <strlen+0x4c>
100072d2:	6859      	ldr	r1, [r3, #4]
100072d4:	4a05      	ldr	r2, [pc, #20]	; (100072ec <strlen+0x54>)
100072d6:	3304      	adds	r3, #4
100072d8:	188a      	adds	r2, r1, r2
100072da:	438a      	bics	r2, r1
100072dc:	4222      	tst	r2, r4
100072de:	d0f1      	beq.n	100072c4 <strlen+0x2c>
100072e0:	e000      	b.n	100072e4 <strlen+0x4c>
100072e2:	3301      	adds	r3, #1
100072e4:	781a      	ldrb	r2, [r3, #0]
100072e6:	2a00      	cmp	r2, #0
100072e8:	d1fb      	bne.n	100072e2 <strlen+0x4a>
100072ea:	e7e1      	b.n	100072b0 <strlen+0x18>
100072ec:	fefefeff 	.word	0xfefefeff
100072f0:	80808080 	.word	0x80808080

100072f4 <_malloc_trim_r>:
100072f4:	b5f8      	push	{r3, r4, r5, r6, r7, lr}
100072f6:	000c      	movs	r4, r1
100072f8:	0005      	movs	r5, r0
100072fa:	f7ff ffab 	bl	10007254 <__malloc_lock>
100072fe:	4f20      	ldr	r7, [pc, #128]	; (10007380 <_malloc_trim_r+0x8c>)
10007300:	68bb      	ldr	r3, [r7, #8]
10007302:	685e      	ldr	r6, [r3, #4]
10007304:	2303      	movs	r3, #3
10007306:	439e      	bics	r6, r3
10007308:	4b1e      	ldr	r3, [pc, #120]	; (10007384 <_malloc_trim_r+0x90>)
1000730a:	1b34      	subs	r4, r6, r4
1000730c:	469c      	mov	ip, r3
1000730e:	4464      	add	r4, ip
10007310:	0b24      	lsrs	r4, r4, #12
10007312:	3c01      	subs	r4, #1
10007314:	3311      	adds	r3, #17
10007316:	0324      	lsls	r4, r4, #12
10007318:	429c      	cmp	r4, r3
1000731a:	db07      	blt.n	1000732c <_malloc_trim_r+0x38>
1000731c:	2100      	movs	r1, #0
1000731e:	0028      	movs	r0, r5
10007320:	f7ff ffa8 	bl	10007274 <_sbrk_r>
10007324:	68bb      	ldr	r3, [r7, #8]
10007326:	199b      	adds	r3, r3, r6
10007328:	4298      	cmp	r0, r3
1000732a:	d004      	beq.n	10007336 <_malloc_trim_r+0x42>
1000732c:	0028      	movs	r0, r5
1000732e:	f7ff ff99 	bl	10007264 <__malloc_unlock>
10007332:	2000      	movs	r0, #0
10007334:	bdf8      	pop	{r3, r4, r5, r6, r7, pc}
10007336:	0028      	movs	r0, r5
10007338:	4261      	negs	r1, r4
1000733a:	f7ff ff9b 	bl	10007274 <_sbrk_r>
1000733e:	1c43      	adds	r3, r0, #1
10007340:	d00d      	beq.n	1000735e <_malloc_trim_r+0x6a>
10007342:	2201      	movs	r2, #1
10007344:	68bb      	ldr	r3, [r7, #8]
10007346:	1b36      	subs	r6, r6, r4
10007348:	4316      	orrs	r6, r2
1000734a:	605e      	str	r6, [r3, #4]
1000734c:	4b0e      	ldr	r3, [pc, #56]	; (10007388 <_malloc_trim_r+0x94>)
1000734e:	0028      	movs	r0, r5
10007350:	681a      	ldr	r2, [r3, #0]
10007352:	1b14      	subs	r4, r2, r4
10007354:	601c      	str	r4, [r3, #0]
10007356:	f7ff ff85 	bl	10007264 <__malloc_unlock>
1000735a:	2001      	movs	r0, #1
1000735c:	e7ea      	b.n	10007334 <_malloc_trim_r+0x40>
1000735e:	2100      	movs	r1, #0
10007360:	0028      	movs	r0, r5
10007362:	f7ff ff87 	bl	10007274 <_sbrk_r>
10007366:	68ba      	ldr	r2, [r7, #8]
10007368:	1a83      	subs	r3, r0, r2
1000736a:	2b0f      	cmp	r3, #15
1000736c:	ddde      	ble.n	1000732c <_malloc_trim_r+0x38>
1000736e:	4907      	ldr	r1, [pc, #28]	; (1000738c <_malloc_trim_r+0x98>)
10007370:	6809      	ldr	r1, [r1, #0]
10007372:	1a40      	subs	r0, r0, r1
10007374:	4904      	ldr	r1, [pc, #16]	; (10007388 <_malloc_trim_r+0x94>)
10007376:	6008      	str	r0, [r1, #0]
10007378:	2101      	movs	r1, #1
1000737a:	430b      	orrs	r3, r1
1000737c:	6053      	str	r3, [r2, #4]
1000737e:	e7d5      	b.n	1000732c <_malloc_trim_r+0x38>
10007380:	200007f0 	.word	0x200007f0
10007384:	00000fef 	.word	0x00000fef
10007388:	20000c44 	.word	0x20000c44
1000738c:	20000bf8 	.word	0x20000bf8

10007390 <_free_r>:
10007390:	b5f0      	push	{r4, r5, r6, r7, lr}
10007392:	46c6      	mov	lr, r8
10007394:	0005      	movs	r5, r0
10007396:	000c      	movs	r4, r1
10007398:	b500      	push	{lr}
1000739a:	2900      	cmp	r1, #0
1000739c:	d04f      	beq.n	1000743e <_free_r+0xae>
1000739e:	f7ff ff59 	bl	10007254 <__malloc_lock>
100073a2:	0021      	movs	r1, r4
100073a4:	3908      	subs	r1, #8
100073a6:	684c      	ldr	r4, [r1, #4]
100073a8:	2601      	movs	r6, #1
100073aa:	0022      	movs	r2, r4
100073ac:	2003      	movs	r0, #3
100073ae:	43b2      	bics	r2, r6
100073b0:	188f      	adds	r7, r1, r2
100073b2:	687b      	ldr	r3, [r7, #4]
100073b4:	4383      	bics	r3, r0
100073b6:	4862      	ldr	r0, [pc, #392]	; (10007540 <_free_r+0x1b0>)
100073b8:	4698      	mov	r8, r3
100073ba:	6883      	ldr	r3, [r0, #8]
100073bc:	42bb      	cmp	r3, r7
100073be:	d06b      	beq.n	10007498 <_free_r+0x108>
100073c0:	4643      	mov	r3, r8
100073c2:	607b      	str	r3, [r7, #4]
100073c4:	4226      	tst	r6, r4
100073c6:	d11e      	bne.n	10007406 <_free_r+0x76>
100073c8:	2308      	movs	r3, #8
100073ca:	469c      	mov	ip, r3
100073cc:	680c      	ldr	r4, [r1, #0]
100073ce:	4484      	add	ip, r0
100073d0:	1b09      	subs	r1, r1, r4
100073d2:	1912      	adds	r2, r2, r4
100073d4:	688c      	ldr	r4, [r1, #8]
100073d6:	4564      	cmp	r4, ip
100073d8:	d04f      	beq.n	1000747a <_free_r+0xea>
100073da:	68cb      	ldr	r3, [r1, #12]
100073dc:	60e3      	str	r3, [r4, #12]
100073de:	609c      	str	r4, [r3, #8]
100073e0:	4643      	mov	r3, r8
100073e2:	18fc      	adds	r4, r7, r3
100073e4:	6864      	ldr	r4, [r4, #4]
100073e6:	4234      	tst	r4, r6
100073e8:	d111      	bne.n	1000740e <_free_r+0x7e>
100073ea:	68bb      	ldr	r3, [r7, #8]
100073ec:	4c55      	ldr	r4, [pc, #340]	; (10007544 <_free_r+0x1b4>)
100073ee:	4442      	add	r2, r8
100073f0:	42a3      	cmp	r3, r4
100073f2:	d100      	bne.n	100073f6 <_free_r+0x66>
100073f4:	e07f      	b.n	100074f6 <_free_r+0x166>
100073f6:	68fc      	ldr	r4, [r7, #12]
100073f8:	60dc      	str	r4, [r3, #12]
100073fa:	60a3      	str	r3, [r4, #8]
100073fc:	2301      	movs	r3, #1
100073fe:	4313      	orrs	r3, r2
10007400:	604b      	str	r3, [r1, #4]
10007402:	508a      	str	r2, [r1, r2]
10007404:	e006      	b.n	10007414 <_free_r+0x84>
10007406:	18fc      	adds	r4, r7, r3
10007408:	6864      	ldr	r4, [r4, #4]
1000740a:	4234      	tst	r4, r6
1000740c:	d0ed      	beq.n	100073ea <_free_r+0x5a>
1000740e:	4316      	orrs	r6, r2
10007410:	604e      	str	r6, [r1, #4]
10007412:	603a      	str	r2, [r7, #0]
10007414:	2380      	movs	r3, #128	; 0x80
10007416:	009b      	lsls	r3, r3, #2
10007418:	429a      	cmp	r2, r3
1000741a:	d213      	bcs.n	10007444 <_free_r+0xb4>
1000741c:	0954      	lsrs	r4, r2, #5
1000741e:	08d3      	lsrs	r3, r2, #3
10007420:	2201      	movs	r2, #1
10007422:	40a2      	lsls	r2, r4
10007424:	6844      	ldr	r4, [r0, #4]
10007426:	00db      	lsls	r3, r3, #3
10007428:	4322      	orrs	r2, r4
1000742a:	6042      	str	r2, [r0, #4]
1000742c:	1818      	adds	r0, r3, r0
1000742e:	6883      	ldr	r3, [r0, #8]
10007430:	60c8      	str	r0, [r1, #12]
10007432:	608b      	str	r3, [r1, #8]
10007434:	6081      	str	r1, [r0, #8]
10007436:	60d9      	str	r1, [r3, #12]
10007438:	0028      	movs	r0, r5
1000743a:	f7ff ff13 	bl	10007264 <__malloc_unlock>
1000743e:	bc04      	pop	{r2}
10007440:	4690      	mov	r8, r2
10007442:	bdf0      	pop	{r4, r5, r6, r7, pc}
10007444:	0a53      	lsrs	r3, r2, #9
10007446:	2b04      	cmp	r3, #4
10007448:	d83f      	bhi.n	100074ca <_free_r+0x13a>
1000744a:	0994      	lsrs	r4, r2, #6
1000744c:	0026      	movs	r6, r4
1000744e:	3439      	adds	r4, #57	; 0x39
10007450:	3638      	adds	r6, #56	; 0x38
10007452:	00e4      	lsls	r4, r4, #3
10007454:	1904      	adds	r4, r0, r4
10007456:	6823      	ldr	r3, [r4, #0]
10007458:	3c08      	subs	r4, #8
1000745a:	2703      	movs	r7, #3
1000745c:	429c      	cmp	r4, r3
1000745e:	d043      	beq.n	100074e8 <_free_r+0x158>
10007460:	6858      	ldr	r0, [r3, #4]
10007462:	43b8      	bics	r0, r7
10007464:	4290      	cmp	r0, r2
10007466:	d902      	bls.n	1000746e <_free_r+0xde>
10007468:	689b      	ldr	r3, [r3, #8]
1000746a:	429c      	cmp	r4, r3
1000746c:	d1f8      	bne.n	10007460 <_free_r+0xd0>
1000746e:	68dc      	ldr	r4, [r3, #12]
10007470:	60cc      	str	r4, [r1, #12]
10007472:	608b      	str	r3, [r1, #8]
10007474:	60a1      	str	r1, [r4, #8]
10007476:	60d9      	str	r1, [r3, #12]
10007478:	e7de      	b.n	10007438 <_free_r+0xa8>
1000747a:	4643      	mov	r3, r8
1000747c:	18f8      	adds	r0, r7, r3
1000747e:	6840      	ldr	r0, [r0, #4]
10007480:	4230      	tst	r0, r6
10007482:	d158      	bne.n	10007536 <_free_r+0x1a6>
10007484:	0013      	movs	r3, r2
10007486:	68b8      	ldr	r0, [r7, #8]
10007488:	68fa      	ldr	r2, [r7, #12]
1000748a:	4443      	add	r3, r8
1000748c:	431e      	orrs	r6, r3
1000748e:	60c2      	str	r2, [r0, #12]
10007490:	6090      	str	r0, [r2, #8]
10007492:	604e      	str	r6, [r1, #4]
10007494:	50cb      	str	r3, [r1, r3]
10007496:	e7cf      	b.n	10007438 <_free_r+0xa8>
10007498:	0013      	movs	r3, r2
1000749a:	4443      	add	r3, r8
1000749c:	4226      	tst	r6, r4
1000749e:	d106      	bne.n	100074ae <_free_r+0x11e>
100074a0:	680a      	ldr	r2, [r1, #0]
100074a2:	1a89      	subs	r1, r1, r2
100074a4:	688c      	ldr	r4, [r1, #8]
100074a6:	189b      	adds	r3, r3, r2
100074a8:	68ca      	ldr	r2, [r1, #12]
100074aa:	60e2      	str	r2, [r4, #12]
100074ac:	6094      	str	r4, [r2, #8]
100074ae:	2201      	movs	r2, #1
100074b0:	431a      	orrs	r2, r3
100074b2:	604a      	str	r2, [r1, #4]
100074b4:	4a24      	ldr	r2, [pc, #144]	; (10007548 <_free_r+0x1b8>)
100074b6:	6081      	str	r1, [r0, #8]
100074b8:	6812      	ldr	r2, [r2, #0]
100074ba:	429a      	cmp	r2, r3
100074bc:	d8bc      	bhi.n	10007438 <_free_r+0xa8>
100074be:	4b23      	ldr	r3, [pc, #140]	; (1000754c <_free_r+0x1bc>)
100074c0:	0028      	movs	r0, r5
100074c2:	6819      	ldr	r1, [r3, #0]
100074c4:	f7ff ff16 	bl	100072f4 <_malloc_trim_r>
100074c8:	e7b6      	b.n	10007438 <_free_r+0xa8>
100074ca:	2b14      	cmp	r3, #20
100074cc:	d907      	bls.n	100074de <_free_r+0x14e>
100074ce:	2b54      	cmp	r3, #84	; 0x54
100074d0:	d81a      	bhi.n	10007508 <_free_r+0x178>
100074d2:	0b14      	lsrs	r4, r2, #12
100074d4:	0026      	movs	r6, r4
100074d6:	346f      	adds	r4, #111	; 0x6f
100074d8:	366e      	adds	r6, #110	; 0x6e
100074da:	00e4      	lsls	r4, r4, #3
100074dc:	e7ba      	b.n	10007454 <_free_r+0xc4>
100074de:	001e      	movs	r6, r3
100074e0:	335c      	adds	r3, #92	; 0x5c
100074e2:	365b      	adds	r6, #91	; 0x5b
100074e4:	00dc      	lsls	r4, r3, #3
100074e6:	e7b5      	b.n	10007454 <_free_r+0xc4>
100074e8:	2201      	movs	r2, #1
100074ea:	10b6      	asrs	r6, r6, #2
100074ec:	40b2      	lsls	r2, r6
100074ee:	6846      	ldr	r6, [r0, #4]
100074f0:	4332      	orrs	r2, r6
100074f2:	6042      	str	r2, [r0, #4]
100074f4:	e7bc      	b.n	10007470 <_free_r+0xe0>
100074f6:	60d9      	str	r1, [r3, #12]
100074f8:	6099      	str	r1, [r3, #8]
100074fa:	60cb      	str	r3, [r1, #12]
100074fc:	608b      	str	r3, [r1, #8]
100074fe:	2301      	movs	r3, #1
10007500:	4313      	orrs	r3, r2
10007502:	604b      	str	r3, [r1, #4]
10007504:	508a      	str	r2, [r1, r2]
10007506:	e797      	b.n	10007438 <_free_r+0xa8>
10007508:	24aa      	movs	r4, #170	; 0xaa
1000750a:	0064      	lsls	r4, r4, #1
1000750c:	42a3      	cmp	r3, r4
1000750e:	d805      	bhi.n	1000751c <_free_r+0x18c>
10007510:	0bd4      	lsrs	r4, r2, #15
10007512:	0026      	movs	r6, r4
10007514:	3478      	adds	r4, #120	; 0x78
10007516:	3677      	adds	r6, #119	; 0x77
10007518:	00e4      	lsls	r4, r4, #3
1000751a:	e79b      	b.n	10007454 <_free_r+0xc4>
1000751c:	4c0c      	ldr	r4, [pc, #48]	; (10007550 <_free_r+0x1c0>)
1000751e:	42a3      	cmp	r3, r4
10007520:	d805      	bhi.n	1000752e <_free_r+0x19e>
10007522:	0c94      	lsrs	r4, r2, #18
10007524:	0026      	movs	r6, r4
10007526:	347d      	adds	r4, #125	; 0x7d
10007528:	367c      	adds	r6, #124	; 0x7c
1000752a:	00e4      	lsls	r4, r4, #3
1000752c:	e792      	b.n	10007454 <_free_r+0xc4>
1000752e:	24fe      	movs	r4, #254	; 0xfe
10007530:	267e      	movs	r6, #126	; 0x7e
10007532:	00a4      	lsls	r4, r4, #2
10007534:	e78e      	b.n	10007454 <_free_r+0xc4>
10007536:	0033      	movs	r3, r6
10007538:	4313      	orrs	r3, r2
1000753a:	604b      	str	r3, [r1, #4]
1000753c:	603a      	str	r2, [r7, #0]
1000753e:	e77b      	b.n	10007438 <_free_r+0xa8>
10007540:	200007f0 	.word	0x200007f0
10007544:	200007f8 	.word	0x200007f8
10007548:	20000bfc 	.word	0x20000bfc
1000754c:	20000c74 	.word	0x20000c74
10007550:	00000554 	.word	0x00000554

10007554 <__retarget_lock_acquire_recursive>:
10007554:	4770      	bx	lr
10007556:	46c0      	nop			; (mov r8, r8)

10007558 <__retarget_lock_release_recursive>:
10007558:	4770      	bx	lr
1000755a:	46c0      	nop			; (mov r8, r8)

1000755c <_fini>:
1000755c:	b5f8      	push	{r3, r4, r5, r6, r7, lr}
1000755e:	46c0      	nop			; (mov r8, r8)

10007560 <__mutex_exit_veneer>:
10007560:	b401      	push	{r0}
10007562:	4802      	ldr	r0, [pc, #8]	; (1000756c <__mutex_exit_veneer+0xc>)
10007564:	4684      	mov	ip, r0
10007566:	bc01      	pop	{r0}
10007568:	4760      	bx	ip
1000756a:	bf00      	nop
1000756c:	20000221 	.word	0x20000221

10007570 <____aeabi_ldiv0_veneer>:
10007570:	b401      	push	{r0}
10007572:	4802      	ldr	r0, [pc, #8]	; (1000757c <____aeabi_ldiv0_veneer+0xc>)
10007574:	4684      	mov	ip, r0
10007576:	bc01      	pop	{r0}
10007578:	4760      	bx	ip
1000757a:	bf00      	nop
1000757c:	200002a9 	.word	0x200002a9

10007580 <____aeabi_idiv0_veneer>:
10007580:	b401      	push	{r0}
10007582:	4802      	ldr	r0, [pc, #8]	; (1000758c <____aeabi_idiv0_veneer+0xc>)
10007584:	4684      	mov	ip, r0
10007586:	bc01      	pop	{r0}
10007588:	4760      	bx	ip
1000758a:	bf00      	nop
1000758c:	200002a9 	.word	0x200002a9

10007590 <__mutex_try_enter_veneer>:
10007590:	b401      	push	{r0}
10007592:	4802      	ldr	r0, [pc, #8]	; (1000759c <__mutex_try_enter_veneer+0xc>)
10007594:	4684      	mov	ip, r0
10007596:	bc01      	pop	{r0}
10007598:	4760      	bx	ip
1000759a:	bf00      	nop
1000759c:	20000125 	.word	0x20000125

100075a0 <__mutex_enter_timeout_ms_veneer>:
100075a0:	b401      	push	{r0}
100075a2:	4802      	ldr	r0, [pc, #8]	; (100075ac <__mutex_enter_timeout_ms_veneer+0xc>)
100075a4:	4684      	mov	ip, r0
100075a6:	bc01      	pop	{r0}
100075a8:	4760      	bx	ip
100075aa:	bf00      	nop
100075ac:	200001e5 	.word	0x200001e5

100075b0 <__spi_write_blocking_veneer>:
100075b0:	b401      	push	{r0}
100075b2:	4802      	ldr	r0, [pc, #8]	; (100075bc <__spi_write_blocking_veneer+0xc>)
100075b4:	4684      	mov	ip, r0
100075b6:	bc01      	pop	{r0}
100075b8:	4760      	bx	ip
100075ba:	bf00      	nop
100075bc:	2000026d 	.word	0x2000026d

100075c0 <__mutex_enter_blocking_veneer>:
100075c0:	b401      	push	{r0}
100075c2:	4802      	ldr	r0, [pc, #8]	; (100075cc <__mutex_enter_blocking_veneer+0xc>)
100075c4:	4684      	mov	ip, r0
100075c6:	bc01      	pop	{r0}
100075c8:	4760      	bx	ip
100075ca:	bf00      	nop
100075cc:	200000c1 	.word	0x200000c1

Disassembly of section .data:

200000c0 <mutex_enter_blocking>:
200000c0:	b510      	push	{r4, lr}
200000c2:	6803      	ldr	r3, [r0, #0]
200000c4:	2b00      	cmp	r3, #0
200000c6:	d01a      	beq.n	200000fe <mutex_enter_blocking+0x3e>
200000c8:	2301      	movs	r3, #1
200000ca:	6801      	ldr	r1, [r0, #0]
200000cc:	f3ef 8410 	mrs	r4, PRIMASK
200000d0:	b672      	cpsid	i
200000d2:	680a      	ldr	r2, [r1, #0]
200000d4:	2a00      	cmp	r2, #0
200000d6:	d0fc      	beq.n	200000d2 <mutex_enter_blocking+0x12>
200000d8:	f3bf 8f5f 	dmb	sy
200000dc:	2204      	movs	r2, #4
200000de:	5682      	ldrsb	r2, [r0, r2]
200000e0:	2a00      	cmp	r2, #0
200000e2:	db12      	blt.n	2000010a <mutex_enter_blocking+0x4a>
200000e4:	6802      	ldr	r2, [r0, #0]
200000e6:	f3bf 8f5f 	dmb	sy
200000ea:	2100      	movs	r1, #0
200000ec:	6011      	str	r1, [r2, #0]
200000ee:	f384 8810 	msr	PRIMASK, r4
200000f2:	2b00      	cmp	r3, #0
200000f4:	d000      	beq.n	200000f8 <mutex_enter_blocking+0x38>
200000f6:	bf20      	wfe
200000f8:	2b00      	cmp	r3, #0
200000fa:	d1e6      	bne.n	200000ca <mutex_enter_blocking+0xa>
200000fc:	bd10      	pop	{r4, pc}
200000fe:	4b06      	ldr	r3, [pc, #24]	; (20000118 <mutex_enter_blocking+0x58>)
20000100:	4a06      	ldr	r2, [pc, #24]	; (2000011c <mutex_enter_blocking+0x5c>)
20000102:	2115      	movs	r1, #21
20000104:	4806      	ldr	r0, [pc, #24]	; (20000120 <mutex_enter_blocking+0x60>)
20000106:	f000 f8e3 	bl	200002d0 <____assert_func_veneer>
2000010a:	23d0      	movs	r3, #208	; 0xd0
2000010c:	061b      	lsls	r3, r3, #24
2000010e:	681b      	ldr	r3, [r3, #0]
20000110:	7103      	strb	r3, [r0, #4]
20000112:	2300      	movs	r3, #0
20000114:	e7e6      	b.n	200000e4 <mutex_enter_blocking+0x24>
20000116:	46c0      	nop			; (mov r8, r8)
20000118:	1000798c 	.word	0x1000798c
2000011c:	100079e0 	.word	0x100079e0
20000120:	100079a0 	.word	0x100079a0

20000124 <mutex_try_enter>:
20000124:	b510      	push	{r4, lr}
20000126:	0003      	movs	r3, r0
20000128:	6800      	ldr	r0, [r0, #0]
2000012a:	f3ef 8410 	mrs	r4, PRIMASK
2000012e:	b672      	cpsid	i
20000130:	6802      	ldr	r2, [r0, #0]
20000132:	2a00      	cmp	r2, #0
20000134:	d0fc      	beq.n	20000130 <mutex_try_enter+0xc>
20000136:	f3bf 8f5f 	dmb	sy
2000013a:	2204      	movs	r2, #4
2000013c:	569a      	ldrsb	r2, [r3, r2]
2000013e:	2a00      	cmp	r2, #0
20000140:	db0b      	blt.n	2000015a <mutex_try_enter+0x36>
20000142:	2900      	cmp	r1, #0
20000144:	d00f      	beq.n	20000166 <mutex_try_enter+0x42>
20000146:	600a      	str	r2, [r1, #0]
20000148:	2000      	movs	r0, #0
2000014a:	681b      	ldr	r3, [r3, #0]
2000014c:	f3bf 8f5f 	dmb	sy
20000150:	2200      	movs	r2, #0
20000152:	601a      	str	r2, [r3, #0]
20000154:	f384 8810 	msr	PRIMASK, r4
20000158:	bd10      	pop	{r4, pc}
2000015a:	22d0      	movs	r2, #208	; 0xd0
2000015c:	0612      	lsls	r2, r2, #24
2000015e:	6812      	ldr	r2, [r2, #0]
20000160:	711a      	strb	r2, [r3, #4]
20000162:	2001      	movs	r0, #1
20000164:	e7f1      	b.n	2000014a <mutex_try_enter+0x26>
20000166:	2000      	movs	r0, #0
20000168:	e7ef      	b.n	2000014a <mutex_try_enter+0x26>
	...

2000016c <mutex_enter_block_until>:
2000016c:	b5f8      	push	{r3, r4, r5, r6, r7, lr}
2000016e:	0004      	movs	r4, r0
20000170:	0016      	movs	r6, r2
20000172:	001f      	movs	r7, r3
20000174:	6803      	ldr	r3, [r0, #0]
20000176:	2b00      	cmp	r3, #0
20000178:	d01a      	beq.n	200001b0 <mutex_enter_block_until+0x44>
2000017a:	2501      	movs	r5, #1
2000017c:	6822      	ldr	r2, [r4, #0]
2000017e:	f3ef 8110 	mrs	r1, PRIMASK
20000182:	b672      	cpsid	i
20000184:	6813      	ldr	r3, [r2, #0]
20000186:	2b00      	cmp	r3, #0
20000188:	d0fc      	beq.n	20000184 <mutex_enter_block_until+0x18>
2000018a:	f3bf 8f5f 	dmb	sy
2000018e:	2304      	movs	r3, #4
20000190:	56e3      	ldrsb	r3, [r4, r3]
20000192:	2b00      	cmp	r3, #0
20000194:	db12      	blt.n	200001bc <mutex_enter_block_until+0x50>
20000196:	6823      	ldr	r3, [r4, #0]
20000198:	f3bf 8f5f 	dmb	sy
2000019c:	2200      	movs	r2, #0
2000019e:	601a      	str	r2, [r3, #0]
200001a0:	f381 8810 	msr	PRIMASK, r1
200001a4:	2d00      	cmp	r5, #0
200001a6:	d10f      	bne.n	200001c8 <mutex_enter_block_until+0x5c>
200001a8:	2d00      	cmp	r5, #0
200001aa:	d1e7      	bne.n	2000017c <mutex_enter_block_until+0x10>
200001ac:	2001      	movs	r0, #1
200001ae:	bdf8      	pop	{r3, r4, r5, r6, r7, pc}
200001b0:	4b09      	ldr	r3, [pc, #36]	; (200001d8 <mutex_enter_block_until+0x6c>)
200001b2:	4a0a      	ldr	r2, [pc, #40]	; (200001dc <mutex_enter_block_until+0x70>)
200001b4:	2137      	movs	r1, #55	; 0x37
200001b6:	480a      	ldr	r0, [pc, #40]	; (200001e0 <mutex_enter_block_until+0x74>)
200001b8:	f000 f88a 	bl	200002d0 <____assert_func_veneer>
200001bc:	23d0      	movs	r3, #208	; 0xd0
200001be:	061b      	lsls	r3, r3, #24
200001c0:	681b      	ldr	r3, [r3, #0]
200001c2:	7123      	strb	r3, [r4, #4]
200001c4:	2500      	movs	r5, #0
200001c6:	e7e6      	b.n	20000196 <mutex_enter_block_until+0x2a>
200001c8:	0030      	movs	r0, r6
200001ca:	0039      	movs	r1, r7
200001cc:	f000 f878 	bl	200002c0 <__best_effort_wfe_or_timeout_veneer>
200001d0:	2800      	cmp	r0, #0
200001d2:	d0e9      	beq.n	200001a8 <mutex_enter_block_until+0x3c>
200001d4:	2000      	movs	r0, #0
200001d6:	e7ea      	b.n	200001ae <mutex_enter_block_until+0x42>
200001d8:	1000798c 	.word	0x1000798c
200001dc:	100079f8 	.word	0x100079f8
200001e0:	100079a0 	.word	0x100079a0

200001e4 <mutex_enter_timeout_ms>:
200001e4:	b5f8      	push	{r3, r4, r5, r6, r7, lr}
200001e6:	0006      	movs	r6, r0
200001e8:	000f      	movs	r7, r1
200001ea:	f000 f861 	bl	200002b0 <__time_us_64_veneer>
200001ee:	0004      	movs	r4, r0
200001f0:	000d      	movs	r5, r1
200001f2:	22fa      	movs	r2, #250	; 0xfa
200001f4:	0092      	lsls	r2, r2, #2
200001f6:	2300      	movs	r3, #0
200001f8:	0038      	movs	r0, r7
200001fa:	2100      	movs	r1, #0
200001fc:	f000 f870 	bl	200002e0 <____wrap___aeabi_lmul_veneer>
20000200:	0002      	movs	r2, r0
20000202:	000b      	movs	r3, r1
20000204:	1912      	adds	r2, r2, r4
20000206:	416b      	adcs	r3, r5
20000208:	429d      	cmp	r5, r3
2000020a:	d802      	bhi.n	20000212 <mutex_enter_timeout_ms+0x2e>
2000020c:	d104      	bne.n	20000218 <mutex_enter_timeout_ms+0x34>
2000020e:	4294      	cmp	r4, r2
20000210:	d902      	bls.n	20000218 <mutex_enter_timeout_ms+0x34>
20000212:	2201      	movs	r2, #1
20000214:	4252      	negs	r2, r2
20000216:	17d3      	asrs	r3, r2, #31
20000218:	0030      	movs	r0, r6
2000021a:	f7ff ffa7 	bl	2000016c <mutex_enter_block_until>
2000021e:	bdf8      	pop	{r3, r4, r5, r6, r7, pc}

20000220 <mutex_exit>:
20000220:	b510      	push	{r4, lr}
20000222:	6802      	ldr	r2, [r0, #0]
20000224:	f3ef 8110 	mrs	r1, PRIMASK
20000228:	b672      	cpsid	i
2000022a:	6813      	ldr	r3, [r2, #0]
2000022c:	2b00      	cmp	r3, #0
2000022e:	d0fc      	beq.n	2000022a <mutex_exit+0xa>
20000230:	f3bf 8f5f 	dmb	sy
20000234:	2304      	movs	r3, #4
20000236:	56c3      	ldrsb	r3, [r0, r3]
20000238:	2b00      	cmp	r3, #0
2000023a:	db0a      	blt.n	20000252 <mutex_exit+0x32>
2000023c:	23ff      	movs	r3, #255	; 0xff
2000023e:	7103      	strb	r3, [r0, #4]
20000240:	bf40      	sev
20000242:	6803      	ldr	r3, [r0, #0]
20000244:	f3bf 8f5f 	dmb	sy
20000248:	2200      	movs	r2, #0
2000024a:	601a      	str	r2, [r3, #0]
2000024c:	f381 8810 	msr	PRIMASK, r1
20000250:	bd10      	pop	{r4, pc}
20000252:	4b03      	ldr	r3, [pc, #12]	; (20000260 <mutex_exit+0x40>)
20000254:	4a03      	ldr	r2, [pc, #12]	; (20000264 <mutex_exit+0x44>)
20000256:	214b      	movs	r1, #75	; 0x4b
20000258:	4803      	ldr	r0, [pc, #12]	; (20000268 <mutex_exit+0x48>)
2000025a:	f000 f839 	bl	200002d0 <____assert_func_veneer>
2000025e:	46c0      	nop			; (mov r8, r8)
20000260:	100079d0 	.word	0x100079d0
20000264:	10007a10 	.word	0x10007a10
20000268:	100079a0 	.word	0x100079a0

2000026c <spi_write_blocking>:
2000026c:	b530      	push	{r4, r5, lr}
2000026e:	0004      	movs	r4, r0
20000270:	0010      	movs	r0, r2
20000272:	2500      	movs	r5, #0
20000274:	e005      	b.n	20000282 <spi_write_blocking+0x16>
20000276:	68e3      	ldr	r3, [r4, #12]
20000278:	079b      	lsls	r3, r3, #30
2000027a:	d5fc      	bpl.n	20000276 <spi_write_blocking+0xa>
2000027c:	5d4b      	ldrb	r3, [r1, r5]
2000027e:	60a3      	str	r3, [r4, #8]
20000280:	3501      	adds	r5, #1
20000282:	4285      	cmp	r5, r0
20000284:	d3f7      	bcc.n	20000276 <spi_write_blocking+0xa>
20000286:	e000      	b.n	2000028a <spi_write_blocking+0x1e>
20000288:	68a3      	ldr	r3, [r4, #8]
2000028a:	68e3      	ldr	r3, [r4, #12]
2000028c:	075b      	lsls	r3, r3, #29
2000028e:	d4fb      	bmi.n	20000288 <spi_write_blocking+0x1c>
20000290:	68e3      	ldr	r3, [r4, #12]
20000292:	06db      	lsls	r3, r3, #27
20000294:	d4fc      	bmi.n	20000290 <spi_write_blocking+0x24>
20000296:	e000      	b.n	2000029a <spi_write_blocking+0x2e>
20000298:	68a3      	ldr	r3, [r4, #8]
2000029a:	68e3      	ldr	r3, [r4, #12]
2000029c:	075b      	lsls	r3, r3, #29
2000029e:	d4fb      	bmi.n	20000298 <spi_write_blocking+0x2c>
200002a0:	2301      	movs	r3, #1
200002a2:	6223      	str	r3, [r4, #32]
200002a4:	bd30      	pop	{r4, r5, pc}
	...

200002a8 <__aeabi_idiv0>:
200002a8:	4770      	bx	lr
200002aa:	46c0      	nop			; (mov r8, r8)
200002ac:	0000      	movs	r0, r0
	...

200002b0 <__time_us_64_veneer>:
200002b0:	b401      	push	{r0}
200002b2:	4802      	ldr	r0, [pc, #8]	; (200002bc <__time_us_64_veneer+0xc>)
200002b4:	4684      	mov	ip, r0
200002b6:	bc01      	pop	{r0}
200002b8:	4760      	bx	ip
200002ba:	bf00      	nop
200002bc:	10001021 	.word	0x10001021

200002c0 <__best_effort_wfe_or_timeout_veneer>:
200002c0:	b401      	push	{r0}
200002c2:	4802      	ldr	r0, [pc, #8]	; (200002cc <__best_effort_wfe_or_timeout_veneer+0xc>)
200002c4:	4684      	mov	ip, r0
200002c6:	bc01      	pop	{r0}
200002c8:	4760      	bx	ip
200002ca:	bf00      	nop
200002cc:	10000efd 	.word	0x10000efd

200002d0 <____assert_func_veneer>:
200002d0:	b401      	push	{r0}
200002d2:	4802      	ldr	r0, [pc, #8]	; (200002dc <____assert_func_veneer+0xc>)
200002d4:	4684      	mov	ip, r0
200002d6:	bc01      	pop	{r0}
200002d8:	4760      	bx	ip
200002da:	bf00      	nop
200002dc:	100017b9 	.word	0x100017b9

200002e0 <____wrap___aeabi_lmul_veneer>:
200002e0:	b401      	push	{r0}
200002e2:	4802      	ldr	r0, [pc, #8]	; (200002ec <____wrap___aeabi_lmul_veneer+0xc>)
200002e4:	4684      	mov	ip, r0
200002e6:	bc01      	pop	{r0}
200002e8:	4760      	bx	ip
200002ea:	bf00      	nop
200002ec:	10003e31 	.word	0x10003e31

200002f0 <striped_spin_lock_num>:
200002f0:	00000010                                ....

200002f4 <irq_handler_chain_slots>:
200002f4:	00000000 	.word	0x00000000
200002f8:	00010000 	.word	0x00010000
	...
20000304:	00020000 	.word	0x00020000
	...
20000310:	00030000 	.word	0x00030000
	...
2000031c:	00ff0000 	.word	0x00ff0000
20000320:	00000000 	.word	0x00000000

20000324 <irq_handler_chain_first_slot>:
20000324:	b500      	push	{lr}
20000326:	6848      	ldr	r0, [r1, #4]
20000328:	3101      	adds	r1, #1
2000032a:	468e      	mov	lr, r1
2000032c:	4700      	bx	r0

2000032e <irq_handler_chain_remove_tail>:
2000032e:	4670      	mov	r0, lr
20000330:	3809      	subs	r0, #9
20000332:	4901      	ldr	r1, [pc, #4]	; (20000338 <irq_handler_chain_remove_tail+0xa>)
20000334:	4788      	blx	r1
20000336:	bd00      	pop	{pc}
20000338:	10001e7d 	.word	0x10001e7d
2000033c:	00000000 	.word	0x00000000

20000340 <aeabi_bits_funcs>:
20000340:	00003350 	.word	0x00003350
20000344:	0000334c 	.word	0x0000334c
20000348:	00003354 	.word	0x00003354
2000034c:	00003352 	.word	0x00003352

20000350 <aeabi_bits_funcs_end>:
20000350:	0000534d 	.word	0x0000534d
20000354:	0000434d 	.word	0x0000434d
20000358:	00003453 	.word	0x00003453
2000035c:	00003443 	.word	0x00003443

20000360 <stdio_uart>:
20000360:	1000424d 00000000 100042b9 00000000     MB.......B......
20000370:	00000100                                ....

20000374 <stdio_usb>:
20000374:	100043fd 00000000 1000436d 00000000     .C......mC......
20000384:	00000100                                ....

20000388 <ep_dir_string>:
20000388:	100082c0 100082a0                       ........

20000390 <_usbd_qdef>:
20000390:	20001be8 000c0010 00000000 00000000     ... ............
	...

200003b0 <SEG8Code>:
200003b0:	4f5b063f 077d6d66 7c776f7f 71795e39     ?.[Ofm}..ow|9^yq

200003c0 <_impure_ptr>:
200003c0:	200003c8 00000000                       ... ....

200003c8 <impure_data>:
200003c8:	00000000 200006b4 2000071c 20000784     ....... ... ... 
	...
20000470:	00000001 00000000 abcd330e e66d1234     .........3..4.m.
20000480:	0005deec 0000000b 00000000 00000000     ................
	...

200007f0 <__malloc_av_>:
	...
200007f8:	200007f0 200007f0 200007f8 200007f8     ... ... ... ... 
20000808:	20000800 20000800 20000808 20000808     ... ... ... ... 
20000818:	20000810 20000810 20000818 20000818     ... ... ... ... 
20000828:	20000820 20000820 20000828 20000828      ..  .. (.. (.. 
20000838:	20000830 20000830 20000838 20000838     0.. 0.. 8.. 8.. 
20000848:	20000840 20000840 20000848 20000848     @.. @.. H.. H.. 
20000858:	20000850 20000850 20000858 20000858     P.. P.. X.. X.. 
20000868:	20000860 20000860 20000868 20000868     `.. `.. h.. h.. 
20000878:	20000870 20000870 20000878 20000878     p.. p.. x.. x.. 
20000888:	20000880 20000880 20000888 20000888     ... ... ... ... 
20000898:	20000890 20000890 20000898 20000898     ... ... ... ... 
200008a8:	200008a0 200008a0 200008a8 200008a8     ... ... ... ... 
200008b8:	200008b0 200008b0 200008b8 200008b8     ... ... ... ... 
200008c8:	200008c0 200008c0 200008c8 200008c8     ... ... ... ... 
200008d8:	200008d0 200008d0 200008d8 200008d8     ... ... ... ... 
200008e8:	200008e0 200008e0 200008e8 200008e8     ... ... ... ... 
200008f8:	200008f0 200008f0 200008f8 200008f8     ... ... ... ... 
20000908:	20000900 20000900 20000908 20000908     ... ... ... ... 
20000918:	20000910 20000910 20000918 20000918     ... ... ... ... 
20000928:	20000920 20000920 20000928 20000928      ..  .. (.. (.. 
20000938:	20000930 20000930 20000938 20000938     0.. 0.. 8.. 8.. 
20000948:	20000940 20000940 20000948 20000948     @.. @.. H.. H.. 
20000958:	20000950 20000950 20000958 20000958     P.. P.. X.. X.. 
20000968:	20000960 20000960 20000968 20000968     `.. `.. h.. h.. 
20000978:	20000970 20000970 20000978 20000978     p.. p.. x.. x.. 
20000988:	20000980 20000980 20000988 20000988     ... ... ... ... 
20000998:	20000990 20000990 20000998 20000998     ... ... ... ... 
200009a8:	200009a0 200009a0 200009a8 200009a8     ... ... ... ... 
200009b8:	200009b0 200009b0 200009b8 200009b8     ... ... ... ... 
200009c8:	200009c0 200009c0 200009c8 200009c8     ... ... ... ... 
200009d8:	200009d0 200009d0 200009d8 200009d8     ... ... ... ... 
200009e8:	200009e0 200009e0 200009e8 200009e8     ... ... ... ... 
200009f8:	200009f0 200009f0 200009f8 200009f8     ... ... ... ... 
20000a08:	20000a00 20000a00 20000a08 20000a08     ... ... ... ... 
20000a18:	20000a10 20000a10 20000a18 20000a18     ... ... ... ... 
20000a28:	20000a20 20000a20 20000a28 20000a28      ..  .. (.. (.. 
20000a38:	20000a30 20000a30 20000a38 20000a38     0.. 0.. 8.. 8.. 
20000a48:	20000a40 20000a40 20000a48 20000a48     @.. @.. H.. H.. 
20000a58:	20000a50 20000a50 20000a58 20000a58     P.. P.. X.. X.. 
20000a68:	20000a60 20000a60 20000a68 20000a68     `.. `.. h.. h.. 
20000a78:	20000a70 20000a70 20000a78 20000a78     p.. p.. x.. x.. 
20000a88:	20000a80 20000a80 20000a88 20000a88     ... ... ... ... 
20000a98:	20000a90 20000a90 20000a98 20000a98     ... ... ... ... 
20000aa8:	20000aa0 20000aa0 20000aa8 20000aa8     ... ... ... ... 
20000ab8:	20000ab0 20000ab0 20000ab8 20000ab8     ... ... ... ... 
20000ac8:	20000ac0 20000ac0 20000ac8 20000ac8     ... ... ... ... 
20000ad8:	20000ad0 20000ad0 20000ad8 20000ad8     ... ... ... ... 
20000ae8:	20000ae0 20000ae0 20000ae8 20000ae8     ... ... ... ... 
20000af8:	20000af0 20000af0 20000af8 20000af8     ... ... ... ... 
20000b08:	20000b00 20000b00 20000b08 20000b08     ... ... ... ... 
20000b18:	20000b10 20000b10 20000b18 20000b18     ... ... ... ... 
20000b28:	20000b20 20000b20 20000b28 20000b28      ..  .. (.. (.. 
20000b38:	20000b30 20000b30 20000b38 20000b38     0.. 0.. 8.. 8.. 
20000b48:	20000b40 20000b40 20000b48 20000b48     @.. @.. H.. H.. 
20000b58:	20000b50 20000b50 20000b58 20000b58     P.. P.. X.. X.. 
20000b68:	20000b60 20000b60 20000b68 20000b68     `.. `.. h.. h.. 
20000b78:	20000b70 20000b70 20000b78 20000b78     p.. p.. x.. x.. 
20000b88:	20000b80 20000b80 20000b88 20000b88     ... ... ... ... 
20000b98:	20000b90 20000b90 20000b98 20000b98     ... ... ... ... 
20000ba8:	20000ba0 20000ba0 20000ba8 20000ba8     ... ... ... ... 
20000bb8:	20000bb0 20000bb0 20000bb8 20000bb8     ... ... ... ... 
20000bc8:	20000bc0 20000bc0 20000bc8 20000bc8     ... ... ... ... 
20000bd8:	20000bd0 20000bd0 20000bd8 20000bd8     ... ... ... ... 
20000be8:	20000be0 20000be0 20000be8 20000be8     ... ... ... ... 

20000bf8 <__malloc_sbrk_base>:
20000bf8:	ffffffff                                ....

20000bfc <__malloc_trim_threshold>:
20000bfc:	00020000                                ....

20000c00 <print_mutex>:
	...

20000c08 <__mutex_array_end>:
20000c08:	10003fa5 	.word	0x10003fa5
20000c0c:	100030ad 	.word	0x100030ad
20000c10:	1000379d 	.word	0x1000379d
20000c14:	10003e65 	.word	0x10003e65

20000c18 <__frame_dummy_init_array_entry>:
20000c18:	100002ed                                ....
